/*
 Navicat Premium Data Transfer

 Source Server         : xinxin
 Source Server Type    : MySQL
 Source Server Version : 50743
 Source Host           : localhost:3306
 Source Schema         : star-pivot

 Target Server Type    : MySQL
 Target Server Version : 50743
 File Encoding         : 65001

 Date: 25/01/2026 17:02:31
*/

SET NAMES utf8mb4;
SET FOREIGN_KEY_CHECKS = 0;

-- ----------------------------
-- Table structure for gen_table
-- ----------------------------
DROP TABLE IF EXISTS `gen_table`;
CREATE TABLE `gen_table`  (
  `table_id` bigint(20) NOT NULL AUTO_INCREMENT COMMENT 'зј–еҸ·',
  `table_name` varchar(200) CHARACTER SET utf8mb4 COLLATE utf8mb4_unicode_ci NULL DEFAULT '' COMMENT 'иЎЁеҗҚз§°',
  `table_comment` varchar(500) CHARACTER SET utf8mb4 COLLATE utf8mb4_unicode_ci NULL DEFAULT '' COMMENT 'иЎЁжҸҸиҝ°',
  `sub_table_name` varchar(64) CHARACTER SET utf8mb4 COLLATE utf8mb4_unicode_ci NULL DEFAULT NULL COMMENT 'е…іиҒ”еӯҗиЎЁзҡ„иЎЁеҗҚ',
  `sub_table_fk_name` varchar(64) CHARACTER SET utf8mb4 COLLATE utf8mb4_unicode_ci NULL DEFAULT NULL COMMENT 'еӯҗиЎЁе…іиҒ”зҡ„еӨ–й”®еҗҚ',
  `class_name` varchar(100) CHARACTER SET utf8mb4 COLLATE utf8mb4_unicode_ci NULL DEFAULT '' COMMENT 'е®һдҪ“зұ»еҗҚз§°',
  `tpl_category` varchar(200) CHARACTER SET utf8mb4 COLLATE utf8mb4_unicode_ci NULL DEFAULT 'crud' COMMENT 'дҪҝз”Ёзҡ„жЁЎжқҝпјҲcrudеҚ•иЎЁж“ҚдҪң treeж ‘иЎЁж“ҚдҪңпјү',
  `tpl_web_type` varchar(30) CHARACTER SET utf8mb4 COLLATE utf8mb4_unicode_ci NULL DEFAULT '' COMMENT 'еүҚз«ҜжЁЎжқҝзұ»еһӢпјҲelement-uiжЁЎзүҲ element-plusжЁЎзүҲпјү',
  `package_name` varchar(100) CHARACTER SET utf8mb4 COLLATE utf8mb4_unicode_ci NULL DEFAULT NULL COMMENT 'з”ҹжҲҗеҢ…и·Ҝеҫ„',
  `module_name` varchar(30) CHARACTER SET utf8mb4 COLLATE utf8mb4_unicode_ci NULL DEFAULT NULL COMMENT 'з”ҹжҲҗжЁЎеқ—еҗҚ',
  `business_name` varchar(30) CHARACTER SET utf8mb4 COLLATE utf8mb4_unicode_ci NULL DEFAULT NULL COMMENT 'з”ҹжҲҗдёҡеҠЎеҗҚ',
  `function_name` varchar(50) CHARACTER SET utf8mb4 COLLATE utf8mb4_unicode_ci NULL DEFAULT NULL COMMENT 'з”ҹжҲҗеҠҹиғҪеҗҚ',
  `function_author` varchar(50) CHARACTER SET utf8mb4 COLLATE utf8mb4_unicode_ci NULL DEFAULT NULL COMMENT 'з”ҹжҲҗеҠҹиғҪдҪңиҖ…',
  `gen_type` char(1) CHARACTER SET utf8mb4 COLLATE utf8mb4_unicode_ci NULL DEFAULT '0' COMMENT 'з”ҹжҲҗд»Јз Ғж–№ејҸпјҲ0zipеҺӢзј©еҢ… 1иҮӘе®ҡд№үи·Ҝеҫ„пјү',
  `gen_path` varchar(200) CHARACTER SET utf8mb4 COLLATE utf8mb4_unicode_ci NULL DEFAULT '/' COMMENT 'з”ҹжҲҗи·Ҝеҫ„пјҲдёҚеЎ«й»ҳи®ӨйЎ№зӣ®и·Ҝеҫ„пјү',
  `options` varchar(1000) CHARACTER SET utf8mb4 COLLATE utf8mb4_unicode_ci NULL DEFAULT NULL COMMENT 'е…¶е®ғз”ҹжҲҗйҖүйЎ№',
  `create_by` varchar(64) CHARACTER SET utf8mb4 COLLATE utf8mb4_unicode_ci NULL DEFAULT '' COMMENT 'еҲӣе»әиҖ…',
  `create_time` datetime(0) NULL DEFAULT NULL COMMENT 'еҲӣе»әж—¶й—ҙ',
  `update_by` varchar(64) CHARACTER SET utf8mb4 COLLATE utf8mb4_unicode_ci NULL DEFAULT '' COMMENT 'жӣҙж–°иҖ…',
  `update_time` datetime(0) NULL DEFAULT NULL COMMENT 'жӣҙж–°ж—¶й—ҙ',
  `remark` varchar(500) CHARACTER SET utf8mb4 COLLATE utf8mb4_unicode_ci NULL DEFAULT NULL COMMENT 'еӨҮжіЁ',
  PRIMARY KEY (`table_id`) USING BTREE
) ENGINE = InnoDB AUTO_INCREMENT = 37 CHARACTER SET = utf8mb4 COLLATE = utf8mb4_unicode_ci COMMENT = 'д»Јз Ғз”ҹжҲҗдёҡеҠЎиЎЁ' ROW_FORMAT = Dynamic;

-- ----------------------------
-- Records of gen_table
-- ----------------------------
INSERT INTO `gen_table` VALUES (26, 'sys_role_dept', 'и§’иүІдёҺйғЁй—Ёе…іиҒ”иЎЁ', NULL, NULL, 'SysRoleDept', 'crud', '', 'com.star.pivot.system', 'system', 'dept', 'и§’иүІдёҺйғЁй—Ёе…іиҒ”', 'xinxin', '0', '/', NULL, 'admin', '2026-01-25 16:07:44', '', NULL, NULL);
INSERT INTO `gen_table` VALUES (27, 'sys_role_menu', 'и§’иүІдёҺиҸңеҚ•е…іиҒ”иЎЁ', NULL, NULL, 'SysRoleMenu', 'crud', '', 'com.star.pivot.system', 'system', 'menu', 'и§’иүІдёҺиҸңеҚ•е…іиҒ”', 'xinxin', '0', '/', NULL, 'admin', '2026-01-25 16:07:44', '', NULL, NULL);
INSERT INTO `gen_table` VALUES (28, 'sys_user', 'з”ЁжҲ·дҝЎжҒҜиЎЁ', NULL, NULL, 'SysUser', 'crud', '', 'com.star.pivot.system', 'system', 'user', 'з”ЁжҲ·дҝЎжҒҜ', 'xinxin', '0', '/', NULL, 'admin', '2026-01-25 16:07:44', '', NULL, NULL);
INSERT INTO `gen_table` VALUES (29, 'sys_user_post', 'з”ЁжҲ·дёҺеІ—дҪҚе…іиҒ”иЎЁ', NULL, NULL, 'SysUserPost', 'crud', '', 'com.star.pivot.system', 'system', 'post', 'з”ЁжҲ·дёҺеІ—дҪҚе…іиҒ”', 'xinxin', '0', '/', NULL, 'admin', '2026-01-25 16:07:44', '', NULL, NULL);
INSERT INTO `gen_table` VALUES (30, 'sys_user_role', 'з”ЁжҲ·дёҺи§’иүІе…іиҒ”иЎЁ', NULL, NULL, 'SysUserRole', 'crud', '', 'com.star.pivot.system', 'system', 'role', 'з”ЁжҲ·дёҺи§’иүІе…іиҒ”', 'xinxin', '0', '/', NULL, 'admin', '2026-01-25 16:07:44', '', NULL, NULL);

-- ----------------------------
-- Table structure for gen_table_column
-- ----------------------------
DROP TABLE IF EXISTS `gen_table_column`;
CREATE TABLE `gen_table_column`  (
  `column_id` bigint(20) NOT NULL AUTO_INCREMENT COMMENT 'зј–еҸ·',
  `table_id` bigint(20) NULL DEFAULT NULL COMMENT 'еҪ’еұһиЎЁзј–еҸ·',
  `column_name` varchar(200) CHARACTER SET utf8mb4 COLLATE utf8mb4_unicode_ci NULL DEFAULT NULL COMMENT 'еҲ—еҗҚз§°',
  `column_comment` varchar(500) CHARACTER SET utf8mb4 COLLATE utf8mb4_unicode_ci NULL DEFAULT NULL COMMENT 'еҲ—жҸҸиҝ°',
  `column_type` varchar(100) CHARACTER SET utf8mb4 COLLATE utf8mb4_unicode_ci NULL DEFAULT NULL COMMENT 'еҲ—зұ»еһӢ',
  `java_type` varchar(500) CHARACTER SET utf8mb4 COLLATE utf8mb4_unicode_ci NULL DEFAULT NULL COMMENT 'JAVAзұ»еһӢ',
  `java_field` varchar(200) CHARACTER SET utf8mb4 COLLATE utf8mb4_unicode_ci NULL DEFAULT NULL COMMENT 'JAVAеӯ—ж®өеҗҚ',
  `is_pk` char(1) CHARACTER SET utf8mb4 COLLATE utf8mb4_unicode_ci NULL DEFAULT NULL COMMENT 'жҳҜеҗҰдё»й”®пјҲ1жҳҜпјү',
  `is_increment` char(1) CHARACTER SET utf8mb4 COLLATE utf8mb4_unicode_ci NULL DEFAULT NULL COMMENT 'жҳҜеҗҰиҮӘеўһпјҲ1жҳҜпјү',
  `is_required` char(1) CHARACTER SET utf8mb4 COLLATE utf8mb4_unicode_ci NULL DEFAULT NULL COMMENT 'жҳҜеҗҰеҝ…еЎ«пјҲ1жҳҜпјү',
  `is_insert` char(1) CHARACTER SET utf8mb4 COLLATE utf8mb4_unicode_ci NULL DEFAULT NULL COMMENT 'жҳҜеҗҰдёәжҸ’е…Ҙеӯ—ж®өпјҲ1жҳҜпјү',
  `is_edit` char(1) CHARACTER SET utf8mb4 COLLATE utf8mb4_unicode_ci NULL DEFAULT NULL COMMENT 'жҳҜеҗҰзј–иҫ‘еӯ—ж®өпјҲ1жҳҜпјү',
  `is_list` char(1) CHARACTER SET utf8mb4 COLLATE utf8mb4_unicode_ci NULL DEFAULT NULL COMMENT 'жҳҜеҗҰеҲ—иЎЁеӯ—ж®өпјҲ1жҳҜпјү',
  `is_query` char(1) CHARACTER SET utf8mb4 COLLATE utf8mb4_unicode_ci NULL DEFAULT NULL COMMENT 'жҳҜеҗҰжҹҘиҜўеӯ—ж®өпјҲ1жҳҜпјү',
  `query_type` varchar(200) CHARACTER SET utf8mb4 COLLATE utf8mb4_unicode_ci NULL DEFAULT 'EQ' COMMENT 'жҹҘиҜўж–№ејҸпјҲзӯүдәҺгҖҒдёҚзӯүдәҺгҖҒеӨ§дәҺгҖҒе°ҸдәҺгҖҒиҢғеӣҙпјү',
  `html_type` varchar(200) CHARACTER SET utf8mb4 COLLATE utf8mb4_unicode_ci NULL DEFAULT NULL COMMENT 'жҳҫзӨәзұ»еһӢпјҲж–Үжң¬жЎҶгҖҒж–Үжң¬еҹҹгҖҒдёӢжӢүжЎҶгҖҒеӨҚйҖүжЎҶгҖҒеҚ•йҖүжЎҶгҖҒж—ҘжңҹжҺ§д»¶пјү',
  `dict_type` varchar(200) CHARACTER SET utf8mb4 COLLATE utf8mb4_unicode_ci NULL DEFAULT '' COMMENT 'еӯ—е…ёзұ»еһӢ',
  `sort` int(11) NULL DEFAULT NULL COMMENT 'жҺ’еәҸ',
  `create_by` varchar(64) CHARACTER SET utf8mb4 COLLATE utf8mb4_unicode_ci NULL DEFAULT '' COMMENT 'еҲӣе»әиҖ…',
  `create_time` datetime(0) NULL DEFAULT NULL COMMENT 'еҲӣе»әж—¶й—ҙ',
  `update_by` varchar(64) CHARACTER SET utf8mb4 COLLATE utf8mb4_unicode_ci NULL DEFAULT '' COMMENT 'жӣҙж–°иҖ…',
  `update_time` datetime(0) NULL DEFAULT NULL COMMENT 'жӣҙж–°ж—¶й—ҙ',
  PRIMARY KEY (`column_id`) USING BTREE
) ENGINE = InnoDB AUTO_INCREMENT = 395 CHARACTER SET = utf8mb4 COLLATE = utf8mb4_unicode_ci COMMENT = 'д»Јз Ғз”ҹжҲҗдёҡеҠЎиЎЁеӯ—ж®ө' ROW_FORMAT = Dynamic;

-- ----------------------------
-- Records of gen_table_column
-- ----------------------------
INSERT INTO `gen_table_column` VALUES (284, 26, 'id', 'дё»й”®ID', 'bigint(20)', 'Long', 'id', '1', '1', '0', '1', NULL, NULL, NULL, 'EQ', 'input', '', 1, 'admin', '2026-01-25 16:07:44', '', NULL);
INSERT INTO `gen_table_column` VALUES (285, 26, 'role_id', 'и§’иүІID', 'bigint(20)', 'Long', 'roleId', '0', '0', '1', '1', '1', '1', '1', 'EQ', 'input', '', 2, 'admin', '2026-01-25 16:07:44', '', NULL);
INSERT INTO `gen_table_column` VALUES (286, 26, 'dept_id', 'йғЁй—ЁID', 'bigint(20)', 'Long', 'deptId', '0', '0', '1', '1', '1', '1', '1', 'EQ', 'input', '', 3, 'admin', '2026-01-25 16:07:44', '', NULL);
INSERT INTO `gen_table_column` VALUES (287, 27, 'id', 'дё»й”®ID', 'bigint(20)', 'Long', 'id', '1', '1', '0', '1', NULL, NULL, NULL, 'EQ', 'input', '', 1, 'admin', '2026-01-25 16:07:44', '', NULL);
INSERT INTO `gen_table_column` VALUES (288, 27, 'role_id', 'и§’иүІID', 'bigint(20)', 'Long', 'roleId', '0', '0', '1', '1', '1', '1', '1', 'EQ', 'input', '', 2, 'admin', '2026-01-25 16:07:44', '', NULL);
INSERT INTO `gen_table_column` VALUES (289, 27, 'menu_id', 'иҸңеҚ•ID', 'bigint(20)', 'Long', 'menuId', '0', '0', '1', '1', '1', '1', '1', 'EQ', 'input', '', 3, 'admin', '2026-01-25 16:07:44', '', NULL);
INSERT INTO `gen_table_column` VALUES (290, 28, 'user_id', 'з”ЁжҲ·ID', 'bigint(20)', 'Long', 'userId', '1', '1', '0', '1', NULL, NULL, NULL, 'EQ', 'input', '', 1, 'admin', '2026-01-25 16:07:44', '', NULL);
INSERT INTO `gen_table_column` VALUES (291, 28, 'dept_id', 'йғЁй—ЁID', 'bigint(20)', 'Long', 'deptId', '0', '0', '0', '1', '1', '1', '1', 'EQ', 'input', '', 2, 'admin', '2026-01-25 16:07:44', '', NULL);
INSERT INTO `gen_table_column` VALUES (292, 28, 'user_name', 'з”ЁжҲ·иҙҰеҸ·', 'varchar(30)', 'String', 'userName', '0', '0', '1', '1', '1', '1', '1', 'LIKE', 'input', '', 3, 'admin', '2026-01-25 16:07:44', '', NULL);
INSERT INTO `gen_table_column` VALUES (293, 28, 'nick_name', 'з”ЁжҲ·жҳөз§°', 'varchar(30)', 'String', 'nickName', '0', '0', '1', '1', '1', '1', '1', 'LIKE', 'input', '', 4, 'admin', '2026-01-25 16:07:44', '', NULL);
INSERT INTO `gen_table_column` VALUES (294, 28, 'user_type', 'з”ЁжҲ·зұ»еһӢпјҲ00зі»з»ҹз”ЁжҲ·пјү', 'varchar(2)', 'String', 'userType', '0', '0', '0', '1', '1', '1', '1', 'EQ', 'select', '', 5, 'admin', '2026-01-25 16:07:44', '', NULL);
INSERT INTO `gen_table_column` VALUES (295, 28, 'email', 'з”ЁжҲ·йӮ®з®ұ', 'varchar(50)', 'String', 'email', '0', '0', '0', '1', '1', '1', '1', 'EQ', 'input', '', 6, 'admin', '2026-01-25 16:07:44', '', NULL);
INSERT INTO `gen_table_column` VALUES (296, 28, 'phonenumber', 'жүӢжңәеҸ·з Ғ', 'varchar(11)', 'String', 'phonenumber', '0', '0', '0', '1', '1', '1', '1', 'EQ', 'input', '', 7, 'admin', '2026-01-25 16:07:44', '', NULL);
INSERT INTO `gen_table_column` VALUES (297, 28, 'sex', 'з”ЁжҲ·жҖ§еҲ«пјҲ0з”· 1еҘі 2жңӘзҹҘпјү', 'char(1)', 'String', 'sex', '0', '0', '0', '1', '1', '1', '1', 'EQ', 'select', '', 8, 'admin', '2026-01-25 16:07:44', '', NULL);
INSERT INTO `gen_table_column` VALUES (298, 28, 'avatar', 'еӨҙеғҸең°еқҖ', 'varchar(500)', 'String', 'avatar', '0', '0', '0', '1', '1', '1', '1', 'EQ', 'textarea', '', 9, 'admin', '2026-01-25 16:07:44', '', NULL);
INSERT INTO `gen_table_column` VALUES (299, 28, 'password', 'еҜҶз Ғ', 'varchar(100)', 'String', 'password', '0', '0', '0', '1', '1', '1', '1', 'EQ', 'input', '', 10, 'admin', '2026-01-25 16:07:44', '', NULL);
INSERT INTO `gen_table_column` VALUES (300, 28, 'status', 'иҙҰеҸ·зҠ¶жҖҒпјҲ0жӯЈеёё 1еҒңз”Ёпјү', 'char(1)', 'String', 'status', '0', '0', '0', '1', '1', '1', '1', 'EQ', 'radio', '', 11, 'admin', '2026-01-25 16:07:44', '', NULL);
INSERT INTO `gen_table_column` VALUES (301, 28, 'del_flag', 'еҲ йҷӨж Үеҝ—пјҲ0д»ЈиЎЁеӯҳеңЁ 2д»ЈиЎЁеҲ йҷӨпјү', 'char(1)', 'String', 'delFlag', '0', '0', '0', '1', NULL, NULL, NULL, 'EQ', 'input', '', 12, 'admin', '2026-01-25 16:07:44', '', NULL);
INSERT INTO `gen_table_column` VALUES (302, 28, 'login_ip', 'жңҖеҗҺзҷ»еҪ•IP', 'varchar(128)', 'String', 'loginIp', '0', '0', '0', '1', '1', '1', '1', 'EQ', 'input', '', 13, 'admin', '2026-01-25 16:07:44', '', NULL);
INSERT INTO `gen_table_column` VALUES (303, 28, 'login_date', 'жңҖеҗҺзҷ»еҪ•ж—¶й—ҙ', 'datetime', 'Date', 'loginDate', '0', '0', '0', '1', '1', '1', '1', 'EQ', 'datetime', '', 14, 'admin', '2026-01-25 16:07:44', '', NULL);
INSERT INTO `gen_table_column` VALUES (304, 28, 'pwd_update_date', 'еҜҶз ҒжңҖеҗҺжӣҙж–°ж—¶й—ҙ', 'datetime', 'Date', 'pwdUpdateDate', '0', '0', '0', '1', '1', '1', '1', 'EQ', 'datetime', '', 15, 'admin', '2026-01-25 16:07:44', '', NULL);
INSERT INTO `gen_table_column` VALUES (305, 28, 'create_by', 'еҲӣе»әиҖ…', 'varchar(64)', 'String', 'createBy', '0', '0', '0', '1', NULL, NULL, NULL, 'EQ', 'input', '', 16, 'admin', '2026-01-25 16:07:44', '', NULL);
INSERT INTO `gen_table_column` VALUES (306, 28, 'create_time', 'еҲӣе»әж—¶й—ҙ', 'datetime', 'Date', 'createTime', '0', '0', '0', '1', NULL, NULL, NULL, 'EQ', 'datetime', '', 17, 'admin', '2026-01-25 16:07:44', '', NULL);
INSERT INTO `gen_table_column` VALUES (307, 28, 'update_by', 'жӣҙж–°иҖ…', 'varchar(64)', 'String', 'updateBy', '0', '0', '0', '1', '1', NULL, NULL, 'EQ', 'input', '', 18, 'admin', '2026-01-25 16:07:44', '', NULL);
INSERT INTO `gen_table_column` VALUES (308, 28, 'update_time', 'жӣҙж–°ж—¶й—ҙ', 'datetime', 'Date', 'updateTime', '0', '0', '0', '1', '1', NULL, NULL, 'EQ', 'datetime', '', 19, 'admin', '2026-01-25 16:07:44', '', NULL);
INSERT INTO `gen_table_column` VALUES (309, 28, 'remark', 'еӨҮжіЁ', 'varchar(500)', 'String', 'remark', '0', '0', '0', '1', '1', '1', NULL, 'EQ', 'textarea', '', 20, 'admin', '2026-01-25 16:07:44', '', NULL);
INSERT INTO `gen_table_column` VALUES (310, 29, 'id', 'дё»й”®ID', 'bigint(20)', 'Long', 'id', '1', '1', '0', '1', NULL, NULL, NULL, 'EQ', 'input', '', 1, 'admin', '2026-01-25 16:07:44', '', NULL);
INSERT INTO `gen_table_column` VALUES (311, 29, 'user_id', 'з”ЁжҲ·ID', 'bigint(20)', 'Long', 'userId', '0', '0', '1', '1', '1', '1', '1', 'EQ', 'input', '', 2, 'admin', '2026-01-25 16:07:44', '', NULL);
INSERT INTO `gen_table_column` VALUES (312, 29, 'post_id', 'еІ—дҪҚID', 'bigint(20)', 'Long', 'postId', '0', '0', '1', '1', '1', '1', '1', 'EQ', 'input', '', 3, 'admin', '2026-01-25 16:07:44', '', NULL);
INSERT INTO `gen_table_column` VALUES (313, 30, 'id', 'дё»й”®ID', 'bigint(20)', 'Long', 'id', '1', '1', '0', '1', NULL, NULL, NULL, 'EQ', 'input', '', 1, 'admin', '2026-01-25 16:07:44', '', NULL);
INSERT INTO `gen_table_column` VALUES (314, 30, 'user_id', 'з”ЁжҲ·ID', 'bigint(20)', 'Long', 'userId', '0', '0', '1', '1', '1', '1', '1', 'EQ', 'input', '', 2, 'admin', '2026-01-25 16:07:44', '', NULL);
INSERT INTO `gen_table_column` VALUES (315, 30, 'role_id', 'и§’иүІID', 'bigint(20)', 'Long', 'roleId', '0', '0', '1', '1', '1', '1', '1', 'EQ', 'input', '', 3, 'admin', '2026-01-25 16:07:44', '', NULL);

-- ----------------------------
-- Table structure for sys_dept
-- ----------------------------
DROP TABLE IF EXISTS `sys_dept`;
CREATE TABLE `sys_dept`  (
  `dept_id` bigint(20) NOT NULL AUTO_INCREMENT COMMENT 'йғЁй—Ёid',
  `parent_id` bigint(20) NULL DEFAULT 0 COMMENT 'зҲ¶йғЁй—Ёid',
  `ancestors` varchar(50) CHARACTER SET utf8mb4 COLLATE utf8mb4_unicode_ci NULL DEFAULT '' COMMENT 'зҘ–зә§еҲ—иЎЁ',
  `dept_name` varchar(30) CHARACTER SET utf8mb4 COLLATE utf8mb4_unicode_ci NULL DEFAULT '' COMMENT 'йғЁй—ЁеҗҚз§°',
  `order_num` int(4) NULL DEFAULT 0 COMMENT 'жҳҫзӨәйЎәеәҸ',
  `leader` varchar(20) CHARACTER SET utf8mb4 COLLATE utf8mb4_unicode_ci NULL DEFAULT NULL COMMENT 'иҙҹиҙЈдәә',
  `phone` varchar(11) CHARACTER SET utf8mb4 COLLATE utf8mb4_unicode_ci NULL DEFAULT NULL COMMENT 'иҒ”зі»з”өиҜқ',
  `email` varchar(50) CHARACTER SET utf8mb4 COLLATE utf8mb4_unicode_ci NULL DEFAULT NULL COMMENT 'йӮ®з®ұ',
  `status` char(1) CHARACTER SET utf8mb4 COLLATE utf8mb4_unicode_ci NULL DEFAULT '0' COMMENT 'йғЁй—ЁзҠ¶жҖҒпјҲ0жӯЈеёё 1еҒңз”Ёпјү',
  `del_flag` char(1) CHARACTER SET utf8mb4 COLLATE utf8mb4_unicode_ci NULL DEFAULT '0' COMMENT 'еҲ йҷӨж Үеҝ—пјҲ0д»ЈиЎЁеӯҳеңЁ 2д»ЈиЎЁеҲ йҷӨпјү',
  `create_by` varchar(64) CHARACTER SET utf8mb4 COLLATE utf8mb4_unicode_ci NULL DEFAULT '' COMMENT 'еҲӣе»әиҖ…',
  `create_time` datetime(0) NULL DEFAULT NULL COMMENT 'еҲӣе»әж—¶й—ҙ',
  `update_by` varchar(64) CHARACTER SET utf8mb4 COLLATE utf8mb4_unicode_ci NULL DEFAULT '' COMMENT 'жӣҙж–°иҖ…',
  `update_time` datetime(0) NULL DEFAULT NULL COMMENT 'жӣҙж–°ж—¶й—ҙ',
  PRIMARY KEY (`dept_id`) USING BTREE
) ENGINE = InnoDB AUTO_INCREMENT = 112 CHARACTER SET = utf8mb4 COLLATE = utf8mb4_unicode_ci COMMENT = 'йғЁй—ЁиЎЁ' ROW_FORMAT = Dynamic;

-- ----------------------------
-- Records of sys_dept
-- ----------------------------
INSERT INTO `sys_dept` VALUES (100, 0, '0', 'жҳҹжһўз§‘жҠҖ', 0, 'жҳҹжһў', '18834581124', '	\r\n18834581124@163.com', '0', '0', 'admin', '2025-12-28 13:46:34', 'admin', '2025-12-29 20:57:13');
INSERT INTO `sys_dept` VALUES (101, 100, '0,100', 'ж·ұеңіжҖ»е…¬еҸё', 1, 'жҳҹжһў', '18834581124', '	\r\n18834581124@163.com', '0', '0', 'admin', '2025-12-28 13:46:34', '', NULL);
INSERT INTO `sys_dept` VALUES (102, 100, '0,100', 'й•ҝжІҷеҲҶе…¬еҸё', 2, 'жҳҹжһў', '18834581124', '	\r\n	\r\n18834581124@163.com', '0', '0', 'admin', '2025-12-28 13:46:34', '', NULL);
INSERT INTO `sys_dept` VALUES (103, 101, '0,100,101', 'з ”еҸ‘йғЁй—Ё', 1, 'жҳҹжһў', '18834581124', '	\r\n18834581124@163.com', '0', '0', 'admin', '2025-12-28 13:46:34', '', NULL);
INSERT INTO `sys_dept` VALUES (104, 101, '0,100,101', 'еёӮеңәйғЁй—Ё', 2, 'жҳҹжһў', '18834581124', '	\r\n18834581124@163.com', '0', '0', 'admin', '2025-12-28 13:46:34', '', NULL);
INSERT INTO `sys_dept` VALUES (105, 101, '0,100,101', 'жөӢиҜ•йғЁй—Ё', 3, 'жҳҹжһў', '18834581124', '	\r\n18834581124@163.com', '0', '0', 'admin', '2025-12-28 13:46:34', '', NULL);
INSERT INTO `sys_dept` VALUES (106, 101, '0,100,101', 'иҙўеҠЎйғЁй—Ё', 4, 'жҳҹжһў', '18834581124', '	\r\n18834581124@163.com', '0', '0', 'admin', '2025-12-28 13:46:34', '', NULL);
INSERT INTO `sys_dept` VALUES (107, 101, '0,100,101', 'иҝҗз»ҙйғЁй—Ё', 5, 'жҳҹжһў', '18834581124', '	\r\n18834581124@163.com', '0', '0', 'admin', '2025-12-28 13:46:34', '', NULL);
INSERT INTO `sys_dept` VALUES (108, 102, '0,100,102', 'еёӮеңәйғЁй—Ё', 1, 'жҳҹжһў', '18834581124', '18834581124@163.com', '0', '0', 'admin', '2025-12-28 13:46:34', '', NULL);
INSERT INTO `sys_dept` VALUES (109, 102, '0,100,102', 'иҙўеҠЎйғЁй—Ё', 2, 'жҳҹжһў', '18834581124', '	\r\n18834581124@163.com', '0', '0', 'admin', '2025-12-28 13:46:34', '', NULL);
INSERT INTO `sys_dept` VALUES (110, 100, '0,100', 'еұұиҘҝеҲҶе…¬еҸё', 3, 'жҳҹжһў', '18834581124', '18834581124@163.com', '0', '0', 'admin', '2026-01-20 12:52:02', 'admin', '2026-01-20 12:53:11');
INSERT INTO `sys_dept` VALUES (111, 110, '0,100,110', 'дәәдәӢйғЁ', 1, 'жҳҹжһў', '18834581124', '18834581124@163.com', '0', '0', 'admin', '2026-01-20 12:52:49', 'admin', '2026-01-20 12:53:15');

-- ----------------------------
-- Table structure for sys_dict_data
-- ----------------------------
DROP TABLE IF EXISTS `sys_dict_data`;
CREATE TABLE `sys_dict_data`  (
  `dict_code` bigint(20) NOT NULL AUTO_INCREMENT COMMENT 'еӯ—е…ёзј–з Ғ',
  `dict_sort` int(4) NULL DEFAULT 0 COMMENT 'еӯ—е…ёжҺ’еәҸ',
  `dict_label` varchar(100) CHARACTER SET utf8mb4 COLLATE utf8mb4_unicode_ci NULL DEFAULT '' COMMENT 'еӯ—е…ёж Үзӯҫ',
  `dict_value` varchar(100) CHARACTER SET utf8mb4 COLLATE utf8mb4_unicode_ci NULL DEFAULT '' COMMENT 'еӯ—е…ёй”®еҖј',
  `dict_type` varchar(100) CHARACTER SET utf8mb4 COLLATE utf8mb4_unicode_ci NULL DEFAULT '' COMMENT 'еӯ—е…ёзұ»еһӢ',
  `css_class` varchar(100) CHARACTER SET utf8mb4 COLLATE utf8mb4_unicode_ci NULL DEFAULT NULL COMMENT 'ж ·ејҸеұһжҖ§пјҲе…¶д»–ж ·ејҸжү©еұ•пјү',
  `list_class` varchar(100) CHARACTER SET utf8mb4 COLLATE utf8mb4_unicode_ci NULL DEFAULT NULL COMMENT 'иЎЁж јеӣһжҳҫж ·ејҸ',
  `is_default` char(1) CHARACTER SET utf8mb4 COLLATE utf8mb4_unicode_ci NULL DEFAULT 'N' COMMENT 'жҳҜеҗҰй»ҳи®ӨпјҲYжҳҜ NеҗҰпјү',
  `status` char(1) CHARACTER SET utf8mb4 COLLATE utf8mb4_unicode_ci NULL DEFAULT '0' COMMENT 'зҠ¶жҖҒпјҲ0жӯЈеёё 1еҒңз”Ёпјү',
  `create_by` varchar(64) CHARACTER SET utf8mb4 COLLATE utf8mb4_unicode_ci NULL DEFAULT '' COMMENT 'еҲӣе»әиҖ…',
  `create_time` datetime(0) NULL DEFAULT NULL COMMENT 'еҲӣе»әж—¶й—ҙ',
  `update_by` varchar(64) CHARACTER SET utf8mb4 COLLATE utf8mb4_unicode_ci NULL DEFAULT '' COMMENT 'жӣҙж–°иҖ…',
  `update_time` datetime(0) NULL DEFAULT NULL COMMENT 'жӣҙж–°ж—¶й—ҙ',
  `remark` varchar(500) CHARACTER SET utf8mb4 COLLATE utf8mb4_unicode_ci NULL DEFAULT NULL COMMENT 'еӨҮжіЁ',
  PRIMARY KEY (`dict_code`) USING BTREE
) ENGINE = InnoDB AUTO_INCREMENT = 102 CHARACTER SET = utf8mb4 COLLATE = utf8mb4_unicode_ci COMMENT = 'еӯ—е…ёж•°жҚ®иЎЁ' ROW_FORMAT = Dynamic;

-- ----------------------------
-- Records of sys_dict_data
-- ----------------------------
INSERT INTO `sys_dict_data` VALUES (1, 1, 'з”·', '0', 'sys_user_sex', '', '', 'Y', '0', 'admin', '2025-12-28 13:46:34', '', NULL, 'жҖ§еҲ«з”·');
INSERT INTO `sys_dict_data` VALUES (2, 2, 'еҘі', '1', 'sys_user_sex', '', '', 'N', '0', 'admin', '2025-12-28 13:46:34', '', NULL, 'жҖ§еҲ«еҘі');
INSERT INTO `sys_dict_data` VALUES (3, 3, 'жңӘзҹҘ', '2', 'sys_user_sex', '', '', 'N', '0', 'admin', '2025-12-28 13:46:34', '', NULL, 'жҖ§еҲ«жңӘзҹҘ');
INSERT INTO `sys_dict_data` VALUES (4, 1, 'жҳҫзӨә', '0', 'sys_show_hide', '', 'primary', 'Y', '0', 'admin', '2025-12-28 13:46:34', '', NULL, 'жҳҫзӨәиҸңеҚ•');
INSERT INTO `sys_dict_data` VALUES (5, 2, 'йҡҗи—Ҹ', '1', 'sys_show_hide', '', 'danger', 'N', '0', 'admin', '2025-12-28 13:46:34', '', NULL, 'йҡҗи—ҸиҸңеҚ•');
INSERT INTO `sys_dict_data` VALUES (6, 1, 'жӯЈеёё', '0', 'sys_normal_disable', '', 'primary', 'Y', '0', 'admin', '2025-12-28 13:46:34', '', NULL, 'жӯЈеёёзҠ¶жҖҒ');
INSERT INTO `sys_dict_data` VALUES (7, 2, 'еҒңз”Ё', '1', 'sys_normal_disable', '', 'danger', 'N', '0', 'admin', '2025-12-28 13:46:34', '', NULL, 'еҒңз”ЁзҠ¶жҖҒ');
INSERT INTO `sys_dict_data` VALUES (8, 1, 'жӯЈеёё', '0', 'sys_job_status', '', 'primary', 'Y', '0', 'admin', '2025-12-28 13:46:34', '', NULL, 'жӯЈеёёзҠ¶жҖҒ');
INSERT INTO `sys_dict_data` VALUES (9, 2, 'жҡӮеҒң', '1', 'sys_job_status', '', 'danger', 'N', '0', 'admin', '2025-12-28 13:46:34', '', NULL, 'еҒңз”ЁзҠ¶жҖҒ');
INSERT INTO `sys_dict_data` VALUES (10, 1, 'й»ҳи®Ө', 'DEFAULT', 'sys_job_group', '', '', 'Y', '0', 'admin', '2025-12-28 13:46:34', '', NULL, 'й»ҳи®ӨеҲҶз»„');
INSERT INTO `sys_dict_data` VALUES (11, 2, 'зі»з»ҹ', 'SYSTEM', 'sys_job_group', '', '', 'N', '0', 'admin', '2025-12-28 13:46:34', '', NULL, 'зі»з»ҹеҲҶз»„');
INSERT INTO `sys_dict_data` VALUES (12, 1, 'жҳҜ', 'Y', 'sys_yes_no', '', 'primary', 'Y', '0', 'admin', '2025-12-28 13:46:34', '', NULL, 'зі»з»ҹй»ҳи®ӨжҳҜ');
INSERT INTO `sys_dict_data` VALUES (13, 2, 'еҗҰ', 'N', 'sys_yes_no', '', 'danger', 'N', '0', 'admin', '2025-12-28 13:46:34', '', NULL, 'зі»з»ҹй»ҳи®ӨеҗҰ');
INSERT INTO `sys_dict_data` VALUES (14, 1, 'йҖҡзҹҘ', '1', 'sys_notice_type', '', 'warning', 'Y', '0', 'admin', '2025-12-28 13:46:34', '', NULL, 'йҖҡзҹҘ');
INSERT INTO `sys_dict_data` VALUES (15, 2, 'е…¬е‘Ҡ', '2', 'sys_notice_type', '', 'success', 'N', '0', 'admin', '2025-12-28 13:46:34', '', NULL, 'е…¬е‘Ҡ');
INSERT INTO `sys_dict_data` VALUES (16, 1, 'жӯЈеёё', '0', 'sys_notice_status', '', 'primary', 'Y', '0', 'admin', '2025-12-28 13:46:34', '', NULL, 'жӯЈеёёзҠ¶жҖҒ');
INSERT INTO `sys_dict_data` VALUES (17, 2, 'е…ій—ӯ', '1', 'sys_notice_status', '', 'danger', 'N', '0', 'admin', '2025-12-28 13:46:34', '', NULL, 'е…ій—ӯзҠ¶жҖҒ');
INSERT INTO `sys_dict_data` VALUES (18, 99, 'е…¶д»–', '0', 'sys_oper_type', '', 'info', 'N', '0', 'admin', '2025-12-28 13:46:34', '', NULL, 'е…¶д»–ж“ҚдҪң');
INSERT INTO `sys_dict_data` VALUES (19, 1, 'ж–°еўһ', '1', 'sys_oper_type', '', 'info', 'N', '0', 'admin', '2025-12-28 13:46:34', '', NULL, 'ж–°еўһж“ҚдҪң');
INSERT INTO `sys_dict_data` VALUES (20, 2, 'дҝ®ж”№', '2', 'sys_oper_type', '', 'info', 'N', '0', 'admin', '2025-12-28 13:46:34', '', NULL, 'дҝ®ж”№ж“ҚдҪң');
INSERT INTO `sys_dict_data` VALUES (21, 3, 'еҲ йҷӨ', '3', 'sys_oper_type', '', 'danger', 'N', '0', 'admin', '2025-12-28 13:46:34', '', NULL, 'еҲ йҷӨж“ҚдҪң');
INSERT INTO `sys_dict_data` VALUES (22, 4, 'жҺҲжқғ', '4', 'sys_oper_type', '', 'primary', 'N', '0', 'admin', '2025-12-28 13:46:34', '', NULL, 'жҺҲжқғж“ҚдҪң');
INSERT INTO `sys_dict_data` VALUES (23, 5, 'еҜјеҮә', '5', 'sys_oper_type', '', 'warning', 'N', '0', 'admin', '2025-12-28 13:46:34', '', NULL, 'еҜјеҮәж“ҚдҪң');
INSERT INTO `sys_dict_data` VALUES (24, 6, 'еҜје…Ҙ', '6', 'sys_oper_type', '', 'warning', 'N', '0', 'admin', '2025-12-28 13:46:34', '', NULL, 'еҜје…Ҙж“ҚдҪң');
INSERT INTO `sys_dict_data` VALUES (25, 7, 'ејәйҖҖ', '7', 'sys_oper_type', '', 'danger', 'N', '0', 'admin', '2025-12-28 13:46:34', '', NULL, 'ејәйҖҖж“ҚдҪң');
INSERT INTO `sys_dict_data` VALUES (26, 8, 'з”ҹжҲҗд»Јз Ғ', '8', 'sys_oper_type', '', 'warning', 'N', '0', 'admin', '2025-12-28 13:46:34', '', NULL, 'з”ҹжҲҗж“ҚдҪң');
INSERT INTO `sys_dict_data` VALUES (27, 9, 'жё…з©әж•°жҚ®', '9', 'sys_oper_type', '', 'danger', 'N', '0', 'admin', '2025-12-28 13:46:34', '', NULL, 'жё…з©әж“ҚдҪң');
INSERT INTO `sys_dict_data` VALUES (28, 1, 'жҲҗеҠҹ', '0', 'sys_common_status', '', 'primary', 'N', '0', 'admin', '2025-12-28 13:46:34', '', NULL, 'жӯЈеёёзҠ¶жҖҒ');
INSERT INTO `sys_dict_data` VALUES (29, 2, 'еӨұиҙҘ', '1', 'sys_common_status', '', 'danger', 'N', '0', 'admin', '2025-12-28 13:46:34', '', NULL, 'еҒңз”ЁзҠ¶жҖҒ');
INSERT INTO `sys_dict_data` VALUES (100, 1, 'еӯҳеңЁ', '0', 'is_delete_status', 'success', 'success', 'N', '0', 'admin', '2026-01-12 15:59:08', '', NULL, 'еӯҳеңЁ');
INSERT INTO `sys_dict_data` VALUES (101, 2, 'еҲ йҷӨ', '2', 'is_delete_status', 'primary', 'default', 'N', '0', 'admin', '2026-01-12 16:02:57', '', NULL, 'еҲ йҷӨ');

-- ----------------------------
-- Table structure for sys_dict_type
-- ----------------------------
DROP TABLE IF EXISTS `sys_dict_type`;
CREATE TABLE `sys_dict_type`  (
  `dict_id` bigint(20) NOT NULL AUTO_INCREMENT COMMENT 'еӯ—е…ёдё»й”®',
  `dict_name` varchar(100) CHARACTER SET utf8mb4 COLLATE utf8mb4_unicode_ci NULL DEFAULT '' COMMENT 'еӯ—е…ёеҗҚз§°',
  `dict_type` varchar(100) CHARACTER SET utf8mb4 COLLATE utf8mb4_unicode_ci NULL DEFAULT '' COMMENT 'еӯ—е…ёзұ»еһӢ',
  `status` char(1) CHARACTER SET utf8mb4 COLLATE utf8mb4_unicode_ci NULL DEFAULT '0' COMMENT 'зҠ¶жҖҒпјҲ0жӯЈеёё 1еҒңз”Ёпјү',
  `create_by` varchar(64) CHARACTER SET utf8mb4 COLLATE utf8mb4_unicode_ci NULL DEFAULT '' COMMENT 'еҲӣе»әиҖ…',
  `create_time` datetime(0) NULL DEFAULT NULL COMMENT 'еҲӣе»әж—¶й—ҙ',
  `update_by` varchar(64) CHARACTER SET utf8mb4 COLLATE utf8mb4_unicode_ci NULL DEFAULT '' COMMENT 'жӣҙж–°иҖ…',
  `update_time` datetime(0) NULL DEFAULT NULL COMMENT 'жӣҙж–°ж—¶й—ҙ',
  `remark` varchar(500) CHARACTER SET utf8mb4 COLLATE utf8mb4_unicode_ci NULL DEFAULT NULL COMMENT 'еӨҮжіЁ',
  PRIMARY KEY (`dict_id`) USING BTREE,
  UNIQUE INDEX `dict_type`(`dict_type`) USING BTREE
) ENGINE = InnoDB AUTO_INCREMENT = 101 CHARACTER SET = utf8mb4 COLLATE = utf8mb4_unicode_ci COMMENT = 'еӯ—е…ёзұ»еһӢиЎЁ' ROW_FORMAT = Dynamic;

-- ----------------------------
-- Records of sys_dict_type
-- ----------------------------
INSERT INTO `sys_dict_type` VALUES (1, 'з”ЁжҲ·жҖ§еҲ«', 'sys_user_sex', '0', 'admin', '2025-12-28 13:46:34', '', NULL, 'з”ЁжҲ·жҖ§еҲ«еҲ—иЎЁ');
INSERT INTO `sys_dict_type` VALUES (2, 'иҸңеҚ•зҠ¶жҖҒ', 'sys_show_hide', '0', 'admin', '2025-12-28 13:46:34', '', NULL, 'иҸңеҚ•зҠ¶жҖҒеҲ—иЎЁ');
INSERT INTO `sys_dict_type` VALUES (3, 'зі»з»ҹејҖе…і', 'sys_normal_disable', '0', 'admin', '2025-12-28 13:46:34', '', NULL, 'зі»з»ҹејҖе…іеҲ—иЎЁ');
INSERT INTO `sys_dict_type` VALUES (4, 'д»»еҠЎзҠ¶жҖҒ', 'sys_job_status', '0', 'admin', '2025-12-28 13:46:34', '', NULL, 'д»»еҠЎзҠ¶жҖҒеҲ—иЎЁ');
INSERT INTO `sys_dict_type` VALUES (5, 'д»»еҠЎеҲҶз»„', 'sys_job_group', '0', 'admin', '2025-12-28 13:46:34', '', NULL, 'д»»еҠЎеҲҶз»„еҲ—иЎЁ');
INSERT INTO `sys_dict_type` VALUES (6, 'зі»з»ҹжҳҜеҗҰ', 'sys_yes_no', '0', 'admin', '2025-12-28 13:46:34', '', NULL, 'зі»з»ҹжҳҜеҗҰеҲ—иЎЁ');
INSERT INTO `sys_dict_type` VALUES (7, 'йҖҡзҹҘзұ»еһӢ', 'sys_notice_type', '0', 'admin', '2025-12-28 13:46:34', '', NULL, 'йҖҡзҹҘзұ»еһӢеҲ—иЎЁ');
INSERT INTO `sys_dict_type` VALUES (8, 'йҖҡзҹҘзҠ¶жҖҒ', 'sys_notice_status', '0', 'admin', '2025-12-28 13:46:34', '', NULL, 'йҖҡзҹҘзҠ¶жҖҒеҲ—иЎЁ');
INSERT INTO `sys_dict_type` VALUES (9, 'ж“ҚдҪңзұ»еһӢ', 'sys_oper_type', '0', 'admin', '2025-12-28 13:46:34', '', NULL, 'ж“ҚдҪңзұ»еһӢеҲ—иЎЁ');
INSERT INTO `sys_dict_type` VALUES (10, 'зі»з»ҹзҠ¶жҖҒ', 'sys_common_status', '0', 'admin', '2025-12-28 13:46:34', '', NULL, 'зҷ»еҪ•зҠ¶жҖҒеҲ—иЎЁ');
INSERT INTO `sys_dict_type` VALUES (100, 'еҲ йҷӨж ҮиҜҶ', 'is_delete_status', '0', 'admin', '2026-01-12 15:57:49', '', NULL, 'еҲ йҷӨж ҮиҜҶпјҡ0жңӘеҲ йҷӨ 2 еҲ йҷӨ');

-- ----------------------------
-- Table structure for sys_job
-- ----------------------------
DROP TABLE IF EXISTS `sys_job`;
CREATE TABLE `sys_job`  (
  `job_id` bigint(20) NOT NULL AUTO_INCREMENT COMMENT 'д»»еҠЎID',
  `job_name` varchar(64) CHARACTER SET utf8mb4 COLLATE utf8mb4_unicode_ci NOT NULL DEFAULT '' COMMENT 'д»»еҠЎеҗҚз§°',
  `job_group` varchar(64) CHARACTER SET utf8mb4 COLLATE utf8mb4_unicode_ci NOT NULL DEFAULT 'DEFAULT' COMMENT 'д»»еҠЎз»„еҗҚ',
  `invoke_target` varchar(500) CHARACTER SET utf8mb4 COLLATE utf8mb4_unicode_ci NOT NULL COMMENT 'и°ғз”Ёзӣ®ж Үеӯ—з¬ҰдёІ',
  `cron_expression` varchar(255) CHARACTER SET utf8mb4 COLLATE utf8mb4_unicode_ci NULL DEFAULT '' COMMENT 'cronжү§иЎҢиЎЁиҫҫејҸ',
  `misfire_policy` varchar(20) CHARACTER SET utf8mb4 COLLATE utf8mb4_unicode_ci NULL DEFAULT '3' COMMENT 'и®ЎеҲ’жү§иЎҢй”ҷиҜҜзӯ–з•ҘпјҲ1з«ӢеҚіжү§иЎҢ 2жү§иЎҢдёҖж¬Ў 3ж”ҫејғжү§иЎҢпјү',
  `concurrent` char(1) CHARACTER SET utf8mb4 COLLATE utf8mb4_unicode_ci NULL DEFAULT '1' COMMENT 'жҳҜеҗҰе№¶еҸ‘жү§иЎҢпјҲ0е…Ғи®ё 1зҰҒжӯўпјү',
  `status` char(1) CHARACTER SET utf8mb4 COLLATE utf8mb4_unicode_ci NULL DEFAULT '0' COMMENT 'зҠ¶жҖҒпјҲ0жӯЈеёё 1жҡӮеҒңпјү',
  `create_by` varchar(64) CHARACTER SET utf8mb4 COLLATE utf8mb4_unicode_ci NULL DEFAULT '' COMMENT 'еҲӣе»әиҖ…',
  `create_time` datetime(0) NULL DEFAULT NULL COMMENT 'еҲӣе»әж—¶й—ҙ',
  `update_by` varchar(64) CHARACTER SET utf8mb4 COLLATE utf8mb4_unicode_ci NULL DEFAULT '' COMMENT 'жӣҙж–°иҖ…',
  `update_time` datetime(0) NULL DEFAULT NULL COMMENT 'жӣҙж–°ж—¶й—ҙ',
  `remark` varchar(500) CHARACTER SET utf8mb4 COLLATE utf8mb4_unicode_ci NULL DEFAULT '' COMMENT 'еӨҮжіЁдҝЎжҒҜ',
  PRIMARY KEY (`job_id`, `job_name`, `job_group`) USING BTREE
) ENGINE = InnoDB AUTO_INCREMENT = 1 CHARACTER SET = utf8mb4 COLLATE = utf8mb4_unicode_ci COMMENT = 'е®ҡж—¶д»»еҠЎи°ғеәҰиЎЁ' ROW_FORMAT = Dynamic;

-- ----------------------------
-- Records of sys_job
-- ----------------------------

-- ----------------------------
-- Table structure for sys_job_log
-- ----------------------------
DROP TABLE IF EXISTS `sys_job_log`;
CREATE TABLE `sys_job_log`  (
  `job_log_id` bigint(20) NOT NULL AUTO_INCREMENT COMMENT 'д»»еҠЎж—Ҙеҝ—ID',
  `job_name` varchar(64) CHARACTER SET utf8mb4 COLLATE utf8mb4_unicode_ci NOT NULL COMMENT 'д»»еҠЎеҗҚз§°',
  `job_group` varchar(64) CHARACTER SET utf8mb4 COLLATE utf8mb4_unicode_ci NOT NULL COMMENT 'д»»еҠЎз»„еҗҚ',
  `invoke_target` varchar(500) CHARACTER SET utf8mb4 COLLATE utf8mb4_unicode_ci NOT NULL COMMENT 'и°ғз”Ёзӣ®ж Үеӯ—з¬ҰдёІ',
  `job_message` varchar(500) CHARACTER SET utf8mb4 COLLATE utf8mb4_unicode_ci NULL DEFAULT NULL COMMENT 'ж—Ҙеҝ—дҝЎжҒҜ',
  `status` char(1) CHARACTER SET utf8mb4 COLLATE utf8mb4_unicode_ci NULL DEFAULT '0' COMMENT 'жү§иЎҢзҠ¶жҖҒпјҲ0жӯЈеёё 1еӨұиҙҘпјү',
  `exception_info` varchar(2000) CHARACTER SET utf8mb4 COLLATE utf8mb4_unicode_ci NULL DEFAULT '' COMMENT 'ејӮеёёдҝЎжҒҜ',
  `create_time` datetime(0) NULL DEFAULT NULL COMMENT 'еҲӣе»әж—¶й—ҙ',
  PRIMARY KEY (`job_log_id`) USING BTREE
) ENGINE = InnoDB AUTO_INCREMENT = 1 CHARACTER SET = utf8mb4 COLLATE = utf8mb4_unicode_ci COMMENT = 'е®ҡж—¶д»»еҠЎи°ғеәҰж—Ҙеҝ—иЎЁ' ROW_FORMAT = Dynamic;

-- ----------------------------
-- Records of sys_job_log
-- ----------------------------

-- ----------------------------
-- Table structure for sys_logininfor
-- ----------------------------
DROP TABLE IF EXISTS `sys_logininfor`;
CREATE TABLE `sys_logininfor`  (
  `info_id` bigint(20) NOT NULL AUTO_INCREMENT COMMENT 'и®ҝй—®ID',
  `user_name` varchar(50) CHARACTER SET utf8mb4 COLLATE utf8mb4_unicode_ci NULL DEFAULT '' COMMENT 'з”ЁжҲ·иҙҰеҸ·',
  `ipaddr` varchar(128) CHARACTER SET utf8mb4 COLLATE utf8mb4_unicode_ci NULL DEFAULT '' COMMENT 'зҷ»еҪ•IPең°еқҖ',
  `login_location` varchar(255) CHARACTER SET utf8mb4 COLLATE utf8mb4_unicode_ci NULL DEFAULT '' COMMENT 'зҷ»еҪ•ең°зӮ№',
  `browser` varchar(50) CHARACTER SET utf8mb4 COLLATE utf8mb4_unicode_ci NULL DEFAULT '' COMMENT 'жөҸи§ҲеҷЁзұ»еһӢ',
  `os` varchar(50) CHARACTER SET utf8mb4 COLLATE utf8mb4_unicode_ci NULL DEFAULT '' COMMENT 'ж“ҚдҪңзі»з»ҹ',
  `status` char(1) CHARACTER SET utf8mb4 COLLATE utf8mb4_unicode_ci NULL DEFAULT '0' COMMENT 'зҷ»еҪ•зҠ¶жҖҒпјҲ0жҲҗеҠҹ 1еӨұиҙҘпјү',
  `msg` varchar(255) CHARACTER SET utf8mb4 COLLATE utf8mb4_unicode_ci NULL DEFAULT '' COMMENT 'жҸҗзӨәж¶ҲжҒҜ',
  `login_time` datetime(0) NULL DEFAULT NULL COMMENT 'и®ҝй—®ж—¶й—ҙ',
  PRIMARY KEY (`info_id`) USING BTREE,
  INDEX `idx_sys_logininfor_s`(`status`) USING BTREE,
  INDEX `idx_sys_logininfor_lt`(`login_time`) USING BTREE
) ENGINE = InnoDB AUTO_INCREMENT = 114 CHARACTER SET = utf8mb4 COLLATE = utf8mb4_unicode_ci COMMENT = 'зі»з»ҹи®ҝй—®и®°еҪ•' ROW_FORMAT = Dynamic;

-- ----------------------------
-- Records of sys_logininfor
-- ----------------------------
INSERT INTO `sys_logininfor` VALUES (108, 'admin', '0:0:0:0:0:0:0:1', 'еҶ…зҪ‘IP', 'Chrome 143', 'Windows 10/11', '0', 'зҷ»еҪ•жҲҗеҠҹ', '2026-01-25 12:27:57');
INSERT INTO `sys_logininfor` VALUES (109, 'admin', '0:0:0:0:0:0:0:1', 'еҶ…зҪ‘IP', 'Chrome 143', 'Windows 10/11', '1', 'з”ЁжҲ·еҗҚжҲ–еҜҶз Ғй”ҷиҜҜ', '2026-01-25 12:43:41');
INSERT INTO `sys_logininfor` VALUES (110, 'admin', '0:0:0:0:0:0:0:1', 'еҶ…зҪ‘IP', 'Chrome 143', 'Windows 10/11', '1', 'з”ЁжҲ·еҗҚжҲ–еҜҶз Ғй”ҷиҜҜ', '2026-01-25 12:45:47');
INSERT INTO `sys_logininfor` VALUES (111, 'admin', '0:0:0:0:0:0:0:1', 'еҶ…зҪ‘IP', 'Chrome 143', 'Windows 10/11', '1', 'з”ЁжҲ·еҗҚжҲ–еҜҶз Ғй”ҷиҜҜ', '2026-01-25 12:48:55');
INSERT INTO `sys_logininfor` VALUES (112, 'admin', '0:0:0:0:0:0:0:1', 'еҶ…зҪ‘IP', 'Chrome 143', 'Windows 10/11', '1', 'з”ЁжҲ·еҗҚжҲ–еҜҶз Ғй”ҷиҜҜ', '2026-01-25 12:49:12');

-- ----------------------------
-- Table structure for sys_menu
-- ----------------------------
DROP TABLE IF EXISTS `sys_menu`;
CREATE TABLE `sys_menu`  (
  `menu_id` bigint(20) NOT NULL AUTO_INCREMENT COMMENT 'иҸңеҚ•ID',
  `menu_name` varchar(50) CHARACTER SET utf8mb4 COLLATE utf8mb4_unicode_ci NOT NULL COMMENT 'иҸңеҚ•еҗҚз§°',
  `parent_id` bigint(20) NULL DEFAULT 0 COMMENT 'зҲ¶иҸңеҚ•ID',
  `order_num` int(4) NULL DEFAULT 0 COMMENT 'жҳҫзӨәйЎәеәҸ',
  `path` varchar(200) CHARACTER SET utf8mb4 COLLATE utf8mb4_unicode_ci NULL DEFAULT '' COMMENT 'и·Ҝз”ұең°еқҖ',
  `component` varchar(255) CHARACTER SET utf8mb4 COLLATE utf8mb4_unicode_ci NULL DEFAULT NULL COMMENT 'з»„д»¶и·Ҝеҫ„',
  `query` varchar(255) CHARACTER SET utf8mb4 COLLATE utf8mb4_unicode_ci NULL DEFAULT NULL COMMENT 'и·Ҝз”ұеҸӮж•°',
  `route_name` varchar(50) CHARACTER SET utf8mb4 COLLATE utf8mb4_unicode_ci NULL DEFAULT '' COMMENT 'и·Ҝз”ұеҗҚз§°',
  `is_frame` int(1) NULL DEFAULT 1 COMMENT 'жҳҜеҗҰдёәеӨ–й“ҫпјҲ0жҳҜ 1еҗҰпјү',
  `is_cache` int(1) NULL DEFAULT 0 COMMENT 'жҳҜеҗҰзј“еӯҳпјҲ0зј“еӯҳ 1дёҚзј“еӯҳпјү',
  `menu_type` char(1) CHARACTER SET utf8mb4 COLLATE utf8mb4_unicode_ci NULL DEFAULT '' COMMENT 'иҸңеҚ•зұ»еһӢпјҲMзӣ®еҪ• CиҸңеҚ• FжҢүй’®пјү',
  `visible` char(1) CHARACTER SET utf8mb4 COLLATE utf8mb4_unicode_ci NULL DEFAULT '0' COMMENT 'иҸңеҚ•зҠ¶жҖҒпјҲ0жҳҫзӨә 1йҡҗи—Ҹпјү',
  `status` char(1) CHARACTER SET utf8mb4 COLLATE utf8mb4_unicode_ci NULL DEFAULT '0' COMMENT 'иҸңеҚ•зҠ¶жҖҒпјҲ0жӯЈеёё 1еҒңз”Ёпјү',
  `perms` varchar(100) CHARACTER SET utf8mb4 COLLATE utf8mb4_unicode_ci NULL DEFAULT NULL COMMENT 'жқғйҷҗж ҮиҜҶ',
  `icon` varchar(100) CHARACTER SET utf8mb4 COLLATE utf8mb4_unicode_ci NULL DEFAULT '#' COMMENT 'иҸңеҚ•еӣҫж Ү',
  `create_by` varchar(64) CHARACTER SET utf8mb4 COLLATE utf8mb4_unicode_ci NULL DEFAULT '' COMMENT 'еҲӣе»әиҖ…',
  `create_time` datetime(0) NULL DEFAULT NULL COMMENT 'еҲӣе»әж—¶й—ҙ',
  `update_by` varchar(64) CHARACTER SET utf8mb4 COLLATE utf8mb4_unicode_ci NULL DEFAULT '' COMMENT 'жӣҙж–°иҖ…',
  `update_time` datetime(0) NULL DEFAULT NULL COMMENT 'жӣҙж–°ж—¶й—ҙ',
  `remark` varchar(500) CHARACTER SET utf8mb4 COLLATE utf8mb4_unicode_ci NULL DEFAULT '' COMMENT 'еӨҮжіЁ',
  PRIMARY KEY (`menu_id`) USING BTREE
) ENGINE = InnoDB AUTO_INCREMENT = 95 CHARACTER SET = utf8mb4 COLLATE = utf8mb4_unicode_ci COMMENT = 'иҸңеҚ•жқғйҷҗиЎЁ' ROW_FORMAT = Dynamic;

-- ----------------------------
-- Records of sys_menu
-- ----------------------------
INSERT INTO `sys_menu` VALUES (2, 'зі»з»ҹз®ЎзҗҶ', 0, 2, '/system', '/index/index', NULL, 'System', 1, 1, 'M', '0', '0', NULL, 'uil:setting', 'system', '2025-12-31 16:34:16', '', '2026-01-02 21:36:28', 'зі»з»ҹз®ЎзҗҶжЁЎеқ—');
INSERT INTO `sys_menu` VALUES (4, 'иҸңеҚ•з®ЎзҗҶ', 2, 1, 'menu', '/system/menu', NULL, 'SystemMenu', 1, 1, 'C', '0', '0', 'system:menu:list', 'ep:menu', 'system', '2025-12-31 16:34:16', '', '2026-01-02 21:12:33', 'иҸңеҚ•з®ЎзҗҶжЁЎеқ—');
INSERT INTO `sys_menu` VALUES (5, 'и§’иүІз®ЎзҗҶ', 2, 2, 'role', '/system/role', NULL, 'SystemRole', 1, 1, 'C', '0', '0', 'system:role:list', 'oui:app-users-roles', 'system', '2025-12-31 16:34:16', '', '2026-01-02 21:30:56', 'и§’иүІз®ЎзҗҶжЁЎеқ—');
INSERT INTO `sys_menu` VALUES (6, 'з”ЁжҲ·з®ЎзҗҶ', 2, 3, 'user', '/system/user', NULL, 'SystemUser', 1, 1, 'C', '0', '0', 'system:user:list', 'mdi:user', 'system', '2025-12-31 16:34:16', '', '2026-01-02 21:31:51', 'з”ЁжҲ·з®ЎзҗҶжЁЎеқ—');
INSERT INTO `sys_menu` VALUES (8, 'йғЁй—Ёз®ЎзҗҶ', 2, 4, 'dept', '/system/dept', NULL, 'SystemDept', 1, 1, 'C', '0', '0', 'system:dept:list', 'ri:organization-chart', '', '2026-01-02 21:04:34', '', '2026-01-02 21:36:43', 'йғЁй—Ёз®ЎзҗҶжЁЎеқ—');
INSERT INTO `sys_menu` VALUES (9, 'еІ—дҪҚз®ЎзҗҶ', 2, 5, 'post', '/system/post/index', NULL, 'PostManage', 1, 1, 'C', '0', '0', 'system:post:list', 'picon:post', 'xinxin', '2026-01-04 19:23:51', 'xinxin', '2026-01-04 19:25:02', 'еІ—дҪҚз®ЎзҗҶжЁЎеқ—');
INSERT INTO `sys_menu` VALUES (12, 'еӯ—е…ёз®ЎзҗҶ', 2, 6, 'dict', '/system/dict/index', NULL, 'DictManage', 1, 1, 'C', '0', '0', 'system:type:list', 'arcticons:zdict', 'admin', '2026-01-05 12:28:54', 'admin', '2026-01-19 21:37:20', 'еӯ—е…ёз®ЎзҗҶжЁЎеқ—гҖӮжңүпјҡеӯ—е…ёж•°жҚ®   еӯ—е…ёзұ»еһӢ');
INSERT INTO `sys_menu` VALUES (39, 'ж–°еўһз”ЁжҲ·', 6, 1, '', '', NULL, '', 1, 1, 'F', '0', '0', 'system:user:add', '#', 'admin', '2026-01-12 16:42:30', 'admin', '2026-01-16 20:42:35', 'ж–°еўһз”ЁжҲ·жҢүй’®');
INSERT INTO `sys_menu` VALUES (40, 'дҝ®ж”№з”ЁжҲ·', 6, 3, '', '', NULL, '', 1, 1, 'F', '0', '0', 'system:user:edit', '#', 'admin', '2026-01-12 17:30:37', 'admin', '2026-01-16 20:42:26', 'дҝ®ж”№з”ЁжҲ·  жҢүй’®');
INSERT INTO `sys_menu` VALUES (41, 'еҲ йҷӨз”ЁжҲ·', 6, 4, '', '', NULL, '', 1, 1, 'F', '0', '0', 'system:user:delete', '#', 'admin', '2026-01-12 17:31:11', 'admin', '2026-01-16 20:42:39', 'еҲ йҷӨз”ЁжҲ·жҢүй’®');
INSERT INTO `sys_menu` VALUES (42, 'ж–°еўһи§’иүІ', 5, 1, '', '', NULL, '', 1, 1, 'F', '0', '0', 'system:role:add', '#', 'admin', '2026-01-12 17:32:13', '', NULL, 'ж–°еўһи§’иүІжҢүй’®');
INSERT INTO `sys_menu` VALUES (43, 'дҝ®ж”№и§’иүІ', 5, 2, '', '', NULL, '', 1, 1, 'F', '0', '0', 'system:role:edit', '#', 'admin', '2026-01-12 17:32:45', '', NULL, 'дҝ®ж”№и§’иүІжҢүй’®');
INSERT INTO `sys_menu` VALUES (44, 'еҲ йҷӨи§’иүІ', 5, 3, '', '', NULL, '', 1, 1, 'F', '0', '0', 'system:role:delete', '#', 'admin', '2026-01-12 17:33:14', '', NULL, 'еҲ йҷӨи§’иүІжҢүй’®');
INSERT INTO `sys_menu` VALUES (45, 'и§’иүІжҹҘиҜў', 5, 4, '', '', NULL, '', 1, 1, 'F', '0', '0', 'system:role:query', '#', 'admin', '2026-01-12 17:34:57', '', NULL, 'и§’иүІжҹҘиҜў жҢүй’®');
INSERT INTO `sys_menu` VALUES (46, 'з”ЁжҲ·жҹҘиҜў', 6, 5, '', '', NULL, '', 1, 1, 'F', '0', '0', 'system:user:query', '#', 'admin', '2026-01-12 17:35:27', 'admin', '2026-01-16 20:42:43', 'з”ЁжҲ·жҹҘиҜўжҢүй’®');
INSERT INTO `sys_menu` VALUES (47, 'йғЁй—ЁжҹҘиҜў', 8, 1, '', '', NULL, '', 1, 1, 'F', '0', '0', 'system:dept:query', '#', 'admin', '2026-01-12 17:35:58', '', NULL, 'йғЁй—ЁжҹҘиҜўжҢүй’®');
INSERT INTO `sys_menu` VALUES (48, 'йғЁй—Ёж–°еўһ', 8, 2, '', '', NULL, '', 1, 1, 'F', '0', '0', 'system:dept:add', '#', 'admin', '2026-01-12 17:36:28', '', NULL, 'йғЁй—Ёж–°еўһ');
INSERT INTO `sys_menu` VALUES (49, 'йғЁй—Ёдҝ®ж”№', 8, 3, '', '', NULL, '', 1, 1, 'F', '0', '0', 'system:dept:edit', '#', 'admin', '2026-01-12 17:36:49', '', NULL, 'йғЁй—Ёдҝ®ж”№');
INSERT INTO `sys_menu` VALUES (50, 'йғЁй—ЁеҲ йҷӨ', 8, 4, '', '', NULL, '', 1, 1, 'F', '0', '0', 'system:dept:delete', '#', 'admin', '2026-01-12 17:37:21', '', NULL, 'йғЁй—ЁеҲ йҷӨ');
INSERT INTO `sys_menu` VALUES (51, 'еІ—дҪҚжҹҘиҜў', 9, 1, '', '', NULL, '', 1, 1, 'F', '0', '0', 'system:post:query', '#', 'admin', '2026-01-12 17:37:47', '', NULL, 'еІ—дҪҚжҹҘиҜў');
INSERT INTO `sys_menu` VALUES (52, 'еІ—дҪҚж–°еўһ', 9, 2, '', '', NULL, '', 1, 1, 'F', '0', '0', 'system:post:add', '#', 'admin', '2026-01-12 17:38:09', '', NULL, 'еІ—дҪҚж–°еўһ');
INSERT INTO `sys_menu` VALUES (53, 'еІ—дҪҚдҝ®ж”№', 9, 3, '', '', NULL, '', 1, 1, 'F', '0', '0', 'system:post:edit', '#', 'admin', '2026-01-12 17:38:46', '', NULL, 'еІ—дҪҚдҝ®ж”№');
INSERT INTO `sys_menu` VALUES (54, 'еІ—дҪҚеҲ йҷӨ', 9, 4, '', '', NULL, '', 1, 1, 'F', '0', '0', 'system:post:delete', '#', 'admin', '2026-01-12 17:39:04', '', NULL, 'еІ—дҪҚеҲ йҷӨ');
INSERT INTO `sys_menu` VALUES (55, 'иҸңеҚ•жҹҘиҜў', 4, 1, '', '', NULL, '', 1, 1, 'F', '0', '0', 'system:menu:query', '#', 'admin', '2026-01-12 17:39:26', '', NULL, 'иҸңеҚ•жҹҘиҜў');
INSERT INTO `sys_menu` VALUES (56, 'иҸңеҚ•ж·»еҠ ', 4, 2, '', '', NULL, '', 1, 1, 'F', '0', '0', 'system:menu:add', '#', 'admin', '2026-01-12 17:39:50', '', NULL, 'иҸңеҚ•ж·»еҠ ');
INSERT INTO `sys_menu` VALUES (57, 'иҸңеҚ•дҝ®ж”№', 4, 3, '', '', NULL, '', 1, 1, 'F', '0', '0', 'system:menu:edit', '#', 'admin', '2026-01-12 17:40:05', '', NULL, 'иҸңеҚ•дҝ®ж”№');
INSERT INTO `sys_menu` VALUES (58, 'иҸңеҚ•еҲ йҷӨ', 4, 4, '', '', NULL, '', 1, 1, 'F', '0', '0', 'system:menu:delete', '#', 'admin', '2026-01-12 17:40:27', '', NULL, 'иҸңеҚ•еҲ йҷӨ');
INSERT INTO `sys_menu` VALUES (59, 'дҝ®ж”№еҜҶз Ғ', 6, 6, '', '', NULL, '', 1, 1, 'F', '0', '0', 'system:user:resetPwd', '#', 'admin', '2026-01-16 18:10:55', 'admin', '2026-01-16 20:42:48', 'дҝ®ж”№еҜҶз Ғ');
INSERT INTO `sys_menu` VALUES (60, 'дҝ®ж”№зҠ¶жҖҒ', 6, 2, '', '', NULL, '', 1, 1, 'F', '0', '0', 'system:user:changeStatus', '#', 'admin', '2026-01-16 18:11:22', 'admin', '2026-01-16 20:42:31', 'дҝ®ж”№зҠ¶жҖҒ');
INSERT INTO `sys_menu` VALUES (61, 'еҲҶй…Қж•°жҚ®жқғйҷҗ', 5, 5, '', '', NULL, '', 1, 1, 'F', '0', '0', 'system:role:assignDataScope', '#', 'admin', '2026-01-16 19:04:22', 'admin', '2026-01-23 20:57:15', 'еҲҶй…Қи§’иүІ');
INSERT INTO `sys_menu` VALUES (62, 'еӯ—е…ёзұ»еһӢж·»еҠ ', 12, 1, '', '', NULL, '', 1, 1, 'F', '0', '0', 'system:type:add', '#', 'admin', '2026-01-16 19:08:40', 'admin', '2026-01-16 19:33:35', 'еӯ—е…ёзұ»еһӢж·»еҠ ');
INSERT INTO `sys_menu` VALUES (63, 'еӯ—е…ёзұ»еһӢдҝ®ж”№', 12, 2, '', '', NULL, '', 1, 1, 'F', '0', '0', 'system:type:edit', '#', 'admin', '2026-01-16 19:09:04', 'admin', '2026-01-16 19:33:43', 'еӯ—е…ёзұ»еһӢдҝ®ж”№');
INSERT INTO `sys_menu` VALUES (64, 'еӯ—е…ёзұ»еһӢеҲ йҷӨ', 12, 3, '', '', NULL, '', 1, 1, 'F', '0', '0', 'system:type:delete', '#', 'admin', '2026-01-16 19:09:27', 'admin', '2026-01-16 19:33:48', 'еӯ—е…ёзұ»еһӢеҲ йҷӨ');
INSERT INTO `sys_menu` VALUES (66, 'еӯ—е…ёж•°жҚ®ж·»еҠ ', 12, 5, '', '', NULL, '', 1, 1, 'F', '0', '0', 'system:data:add', '#', 'admin', '2026-01-16 19:31:42', '', NULL, 'еӯ—е…ёж•°жҚ®ж·»еҠ ');
INSERT INTO `sys_menu` VALUES (67, 'еӯ—е…ёж•°жҚ®дҝ®ж”№', 12, 6, '', '', NULL, '', 1, 1, 'F', '0', '0', 'system:data:edit', '#', 'admin', '2026-01-16 19:32:19', '', NULL, 'еӯ—е…ёж•°жҚ®дҝ®ж”№');
INSERT INTO `sys_menu` VALUES (68, 'еӯ—е…ёж•°жҚ®еҲ йҷӨ', 12, 7, '', '', NULL, '', 1, 1, 'F', '0', '0', 'system:data:delete', '#', 'admin', '2026-01-16 19:32:51', '', NULL, 'еӯ—е…ёж•°жҚ®еҲ йҷӨ');
INSERT INTO `sys_menu` VALUES (69, 'еӯ—е…ёзұ»еһӢжҹҘиҜў', 12, 4, '', '', NULL, '', 1, 1, 'F', '0', '0', 'system:type:query', '#', 'admin', '2026-01-19 21:33:21', '', NULL, 'еӯ—е…ёзұ»еһӢжҹҘиҜў');
INSERT INTO `sys_menu` VALUES (70, 'еӯ—е…ёж•°жҚ®жҹҘиҜў', 12, 8, '', '', NULL, '', 1, 1, 'F', '0', '0', 'system:data:query', '#', 'admin', '2026-01-19 21:33:59', '', NULL, 'еӯ—е…ёж•°жҚ®жҹҘиҜў');
INSERT INTO `sys_menu` VALUES (71, 'зі»з»ҹе·Ҙе…·', 0, 3, '/tools', '', NULL, 'SystemTools', 1, 1, 'M', '0', '0', '', 'clarity:tools-line', 'admin', '2026-01-20 13:08:43', '', NULL, 'зі»з»ҹе·Ҙе…·');
INSERT INTO `sys_menu` VALUES (72, 'д»Јз Ғз”ҹжҲҗ', 71, 1, 'generator', '/tools/generator/index', NULL, 'GenerateTools', 1, 1, 'C', '0', '0', 'tools:generator:list', 'mdi:generator-mobile', 'admin', '2026-01-20 13:15:59', 'admin', '2026-01-20 13:25:42', 'д»Јз Ғз”ҹжҲҗ');
INSERT INTO `sys_menu` VALUES (73, 'еҲ—иЎЁжҹҘиҜў', 72, 1, '', '', NULL, '', 1, 1, 'F', '0', '0', 'tool:gen:query', '#', 'admin', '2026-01-20 14:56:43', '', NULL, 'еҲ—иЎЁжҹҘиҜў');
INSERT INTO `sys_menu` VALUES (74, 'ж—Ҙеҝ—з®ЎзҗҶ', 2, 8, 'log', '', NULL, 'LogManager', 1, 1, 'M', '0', '0', '', 'mdi:math-log', 'admin', '2026-01-23 13:37:05', 'admin', '2026-01-23 13:47:13', '');
INSERT INTO `sys_menu` VALUES (75, 'ж“ҚдҪңж—Ҙеҝ—', 74, 1, 'oper', '/system/log/oper/index', NULL, 'OperLog', 1, 1, 'C', '0', '0', 'system:log:list', 'icon-park-solid:log', 'admin', '2026-01-23 13:40:41', '', NULL, 'ж“ҚдҪңж—Ҙеҝ—');
INSERT INTO `sys_menu` VALUES (76, 'зҷ»еҪ•ж—Ҙеҝ—', 74, 2, 'login', '/system/log/login/index', NULL, 'LoginInfoLog', 1, 1, 'C', '0', '0', 'system:login:list', 'icon-park-solid:log', 'admin', '2026-01-23 13:51:37', '', NULL, 'зҷ»еҪ•ж—Ҙеҝ—');
INSERT INTO `sys_menu` VALUES (77, 'жё…з©әж—Ҙеҝ—', 75, 2, '', '', NULL, '', 1, 1, 'F', '0', '0', 'system:operlog:delete', '#', 'admin', '2026-01-23 13:57:43', '', NULL, 'жё…з©әж—Ҙеҝ—');
INSERT INTO `sys_menu` VALUES (78, 'ж—Ҙеҝ—жҹҘиҜў', 75, 1, '', '', NULL, '', 1, 1, 'F', '0', '0', 'system:operlog:query', '#', 'admin', '2026-01-23 13:58:02', '', NULL, 'ж—Ҙеҝ—жҹҘиҜў');
INSERT INTO `sys_menu` VALUES (79, 'ж—Ҙеҝ—жҹҘиҜў', 76, 1, '', '', NULL, '', 1, 1, 'F', '0', '0', 'system:logininfor:query', '#', 'admin', '2026-01-23 14:24:26', '', NULL, 'ж—Ҙеҝ—жҹҘиҜў');
INSERT INTO `sys_menu` VALUES (80, 'ж—Ҙеҝ—еҲ йҷӨ', 76, 2, '', '', NULL, '', 1, 1, 'F', '0', '0', 'system:logininfor:delete', '#', 'admin', '2026-01-23 14:24:41', '', NULL, 'ж—Ҙеҝ—еҲ йҷӨ');
INSERT INTO `sys_menu` VALUES (81, 'йў„и§Ҳ', 72, 2, '', '', NULL, '', 1, 1, 'F', '0', '0', 'tool:gen:preview', '#', 'admin', '2026-01-23 15:53:25', 'admin', '2026-01-23 19:01:40', 'йў„и§Ҳ');
INSERT INTO `sys_menu` VALUES (82, 'зј–иҫ‘', 72, 3, '', '', NULL, '', 1, 1, 'F', '0', '0', 'tool:gen:edit', '#', 'admin', '2026-01-23 15:53:47', 'admin', '2026-01-23 19:01:44', '');
INSERT INTO `sys_menu` VALUES (83, 'еҲ йҷӨ', 72, 4, '', '', NULL, '', 1, 1, 'F', '0', '0', 'tool:gen:delete', '#', 'admin', '2026-01-23 15:54:05', 'admin', '2026-01-23 19:01:48', '');
INSERT INTO `sys_menu` VALUES (84, 'еҗҢжӯҘж•°жҚ®еә“', 72, 5, '', '', NULL, '', 1, 1, 'F', '0', '0', 'tool:gen:sync', '#', 'admin', '2026-01-23 15:55:18', 'admin', '2026-01-23 19:01:52', 'еҗҢжӯҘж•°жҚ®еә“');
INSERT INTO `sys_menu` VALUES (85, 'з”ҹжҲҗд»Јз Ғ', 72, 6, '', '', NULL, '', 1, 1, 'F', '0', '0', 'tool:gen:create', '#', 'admin', '2026-01-23 15:55:59', 'admin', '2026-01-23 19:01:56', 'з”ҹжҲҗд»Јз Ғ\n');
INSERT INTO `sys_menu` VALUES (86, 'ж·»еҠ ', 72, 1, '', '', NULL, '', 1, 1, 'F', '0', '0', 'tool:gen:add', '#', 'admin', '2026-01-23 15:56:17', 'admin', '2026-01-23 19:01:31', 'ж·»еҠ ');
INSERT INTO `sys_menu` VALUES (87, 'и§ЈйҷӨй”Ғе®ҡ', 6, 7, '', '', NULL, '', 1, 1, 'F', '0', '0', 'system:user:unLock', '#', 'admin', '2026-01-23 18:49:56', '', NULL, 'и§ЈйҷӨй”Ғе®ҡ');
INSERT INTO `sys_menu` VALUES (88, 'е·ІеҲҶй…Қз”ЁжҲ·', 5, 6, '', '', NULL, '', 1, 1, 'F', '0', '0', 'system:role:allocatedList', '#', 'admin', '2026-01-23 20:55:10', 'admin', '2026-01-23 22:41:41', 'е·ІеҲҶй…Қз”ЁжҲ·');
INSERT INTO `sys_menu` VALUES (89, 'жңӘеҲҶй…Қз”ЁжҲ·', 5, 7, '', '', NULL, '', 1, 1, 'F', '0', '0', 'system:role:unallocatedList', '#', 'admin', '2026-01-23 22:41:08', '', NULL, 'жңӘеҲҶй…Қз”ЁжҲ·');
INSERT INTO `sys_menu` VALUES (90, 'еҲҶй…Қз”ЁжҲ·', 5, 7, '', '', NULL, '', 1, 1, 'F', '0', '0', 'system:role:assignUser', '#', 'admin', '2026-01-23 23:18:49', '', NULL, 'еҲҶй…Қз”ЁжҲ·пјҡж·»еҠ з”ЁжҲ·и§’иүІе…іиҒ”иЎЁ');
INSERT INTO `sys_menu` VALUES (91, 'еҸ–ж¶ҲжҺҲжқғ', 5, 9, '', '', NULL, '', 1, 1, 'F', '0', '0', 'system:role:cancelUser', '#', 'admin', '2026-01-23 23:26:23', '', NULL, 'еҸ–ж¶ҲжҺҲжқғ');
INSERT INTO `sys_menu` VALUES (92, 'еҜје…Ҙ', 72, 8, '', '', NULL, '', 1, 1, 'F', '0', '0', 'tool:gen:import', '#', 'xinxin', '2026-01-24 00:08:41', '', NULL, 'еҜје…Ҙ');
INSERT INTO `sys_menu` VALUES (93, 'з”ЁжҲ·еҜје…Ҙ', 6, 8, '', '', NULL, '', 1, 1, 'F', '0', '0', 'system:user:import', '#', 'admin', '2026-01-24 21:03:18', '', NULL, 'з”ЁжҲ·еҜје…Ҙ');
INSERT INTO `sys_menu` VALUES (94, 'з”ЁжҲ·еҜјеҮә', 6, 9, '', '', NULL, '', 1, 1, 'F', '0', '0', 'system:user:export', '#', 'admin', '2026-01-24 21:03:52', '', NULL, 'з”ЁжҲ·еҜјеҮә');

-- ----------------------------
-- Table structure for sys_notice
-- ----------------------------
DROP TABLE IF EXISTS `sys_notice`;
CREATE TABLE `sys_notice`  (
  `notice_id` int(4) NOT NULL AUTO_INCREMENT COMMENT 'е…¬е‘ҠID',
  `notice_title` varchar(50) CHARACTER SET utf8mb4 COLLATE utf8mb4_unicode_ci NOT NULL COMMENT 'е…¬е‘Ҡж Үйўҳ',
  `notice_type` char(1) CHARACTER SET utf8mb4 COLLATE utf8mb4_unicode_ci NOT NULL COMMENT 'е…¬е‘Ҡзұ»еһӢпјҲ1йҖҡзҹҘ 2е…¬е‘Ҡпјү',
  `notice_content` longblob NULL COMMENT 'е…¬е‘ҠеҶ…е®№',
  `status` char(1) CHARACTER SET utf8mb4 COLLATE utf8mb4_unicode_ci NULL DEFAULT '0' COMMENT 'е…¬е‘ҠзҠ¶жҖҒпјҲ0жӯЈеёё 1е…ій—ӯпјү',
  `create_by` varchar(64) CHARACTER SET utf8mb4 COLLATE utf8mb4_unicode_ci NULL DEFAULT '' COMMENT 'еҲӣе»әиҖ…',
  `create_time` datetime(0) NULL DEFAULT NULL COMMENT 'еҲӣе»әж—¶й—ҙ',
  `update_by` varchar(64) CHARACTER SET utf8mb4 COLLATE utf8mb4_unicode_ci NULL DEFAULT '' COMMENT 'жӣҙж–°иҖ…',
  `update_time` datetime(0) NULL DEFAULT NULL COMMENT 'жӣҙж–°ж—¶й—ҙ',
  `remark` varchar(255) CHARACTER SET utf8mb4 COLLATE utf8mb4_unicode_ci NULL DEFAULT NULL COMMENT 'еӨҮжіЁ',
  PRIMARY KEY (`notice_id`) USING BTREE
) ENGINE = InnoDB AUTO_INCREMENT = 3 CHARACTER SET = utf8mb4 COLLATE = utf8mb4_unicode_ci COMMENT = 'йҖҡзҹҘе…¬е‘ҠиЎЁ' ROW_FORMAT = Dynamic;

-- ----------------------------
-- Records of sys_notice
-- ----------------------------
INSERT INTO `sys_notice` VALUES (1, 'жё©йҰЁжҸҗйҶ’пјҡ2018-07-01 иӢҘдҫқж–°зүҲжң¬еҸ‘еёғе•Ұ', '2', 0xE696B0E78988E69CACE58685E5AEB9, '0', 'admin', '2025-12-28 13:46:34', '', NULL, 'з®ЎзҗҶе‘ҳ');
INSERT INTO `sys_notice` VALUES (2, 'з»ҙжҠӨйҖҡзҹҘпјҡ2018-07-01 иӢҘдҫқзі»з»ҹеҮҢжҷЁз»ҙжҠӨ', '1', 0xE7BBB4E68AA4E58685E5AEB9, '0', 'admin', '2025-12-28 13:46:34', '', NULL, 'з®ЎзҗҶе‘ҳ');

-- ----------------------------
-- Table structure for sys_oper_log
-- ----------------------------
DROP TABLE IF EXISTS `sys_oper_log`;
CREATE TABLE `sys_oper_log`  (
  `oper_id` bigint(20) NOT NULL AUTO_INCREMENT COMMENT 'ж—Ҙеҝ—дё»й”®',
  `title` varchar(50) CHARACTER SET utf8mb4 COLLATE utf8mb4_unicode_ci NULL DEFAULT '' COMMENT 'жЁЎеқ—ж Үйўҳ',
  `business_type` int(2) NULL DEFAULT 0 COMMENT 'дёҡеҠЎзұ»еһӢпјҲ0е…¶е®ғ 1ж–°еўһ 2дҝ®ж”№ 3еҲ йҷӨпјү',
  `method` varchar(200) CHARACTER SET utf8mb4 COLLATE utf8mb4_unicode_ci NULL DEFAULT '' COMMENT 'ж–№жі•еҗҚз§°',
  `request_method` varchar(10) CHARACTER SET utf8mb4 COLLATE utf8mb4_unicode_ci NULL DEFAULT '' COMMENT 'иҜ·жұӮж–№ејҸ',
  `operator_type` int(1) NULL DEFAULT 0 COMMENT 'ж“ҚдҪңзұ»еҲ«пјҲ0е…¶е®ғ 1еҗҺеҸ°з”ЁжҲ· 2жүӢжңәз«Ҝз”ЁжҲ·пјү',
  `oper_name` varchar(50) CHARACTER SET utf8mb4 COLLATE utf8mb4_unicode_ci NULL DEFAULT '' COMMENT 'ж“ҚдҪңдәәе‘ҳ',
  `dept_name` varchar(50) CHARACTER SET utf8mb4 COLLATE utf8mb4_unicode_ci NULL DEFAULT '' COMMENT 'йғЁй—ЁеҗҚз§°',
  `oper_url` varchar(255) CHARACTER SET utf8mb4 COLLATE utf8mb4_unicode_ci NULL DEFAULT '' COMMENT 'иҜ·жұӮURL',
  `oper_ip` varchar(128) CHARACTER SET utf8mb4 COLLATE utf8mb4_unicode_ci NULL DEFAULT '' COMMENT 'дё»жңәең°еқҖ',
  `oper_location` varchar(255) CHARACTER SET utf8mb4 COLLATE utf8mb4_unicode_ci NULL DEFAULT '' COMMENT 'ж“ҚдҪңең°зӮ№',
  `oper_param` varchar(2000) CHARACTER SET utf8mb4 COLLATE utf8mb4_unicode_ci NULL DEFAULT '' COMMENT 'иҜ·жұӮеҸӮж•°',
  `json_result` varchar(2000) CHARACTER SET utf8mb4 COLLATE utf8mb4_unicode_ci NULL DEFAULT '' COMMENT 'иҝ”еӣһеҸӮж•°',
  `status` int(1) NULL DEFAULT 0 COMMENT 'ж“ҚдҪңзҠ¶жҖҒпјҲ0жӯЈеёё 1ејӮеёёпјү',
  `error_msg` varchar(2000) CHARACTER SET utf8mb4 COLLATE utf8mb4_unicode_ci NULL DEFAULT '' COMMENT 'й”ҷиҜҜж¶ҲжҒҜ',
  `oper_time` datetime(0) NULL DEFAULT NULL COMMENT 'ж“ҚдҪңж—¶й—ҙ',
  `cost_time` bigint(20) NULL DEFAULT 0 COMMENT 'ж¶ҲиҖ—ж—¶й—ҙ',
  PRIMARY KEY (`oper_id`) USING BTREE,
  INDEX `idx_sys_oper_log_bt`(`business_type`) USING BTREE,
  INDEX `idx_sys_oper_log_s`(`status`) USING BTREE,
  INDEX `idx_sys_oper_log_ot`(`oper_time`) USING BTREE
) ENGINE = InnoDB AUTO_INCREMENT = 953 CHARACTER SET = utf8mb4 COLLATE = utf8mb4_unicode_ci COMMENT = 'ж“ҚдҪңж—Ҙеҝ—и®°еҪ•' ROW_FORMAT = Dynamic;

-- ----------------------------
-- Records of sys_oper_log
-- ----------------------------
INSERT INTO `sys_oper_log` VALUES (951, 'ж“ҚдҪңж—Ҙеҝ—', 3, 'com.star.pivot.controller.SysOperLogController.clean()', 'DELETE', 1, 'admin', 'жҳҹжһўз§‘жҠҖ', '/api/sys/operlog/clean', '0:0:0:0:0:0:0:1', '', '', '{\"code\":200,\"message\":\"жё…з©әжҲҗеҠҹ\",\"data\":null,\"timestamp\":1769331741495}', 0, '', '2026-01-25 17:02:21', 3);
INSERT INTO `sys_oper_log` VALUES (952, 'ж“ҚдҪңж—Ҙеҝ—', 0, 'com.star.pivot.controller.SysOperLogController.pageList()', 'POST', 1, 'admin', 'жҳҹжһўз§‘жҠҖ', '/api/sys/operlog/pageList', '0:0:0:0:0:0:0:1', '', '[{\"pageNum\":1,\"pageSize\":20,\"title\":null,\"businessType\":null,\"operName\":null,\"status\":null,\"startTime\":null,\"endTime\":null}]', 'Result(code=200, message=ж“ҚдҪңжҲҗеҠҹ, data=PageResponse(total=1, rows=[OperLogVO(operId=951, title=ж“ҚдҪңж—Ҙеҝ—, businessType=3, method=com.star.pivot.controller.SysOperLogController.clean(), requestMethod=DELETE, operatorType=1, operName=admin, deptName=жҳҹжһўз§‘жҠҖ, operUrl=/api/sys/operlog/clean, operIp=0:0:0:0:0:0:0:1, operLocation=, operParam=, jsonResult={\"code\":200,\"message\":\"жё…з©әжҲҗеҠҹ\",\"data\":null,\"timestamp\":1769331741495}, status=0, errorMsg=, operTime=2026-01-25T17:02:21, costTime=3)], pageNum=1, pageSize=20, pageCount=1), timestamp=1769331741520)', 0, '', '2026-01-25 17:02:22', 5);

-- ----------------------------
-- Table structure for sys_post
-- ----------------------------
DROP TABLE IF EXISTS `sys_post`;
CREATE TABLE `sys_post`  (
  `post_id` bigint(20) NOT NULL AUTO_INCREMENT COMMENT 'еІ—дҪҚID',
  `post_code` varchar(64) CHARACTER SET utf8mb4 COLLATE utf8mb4_unicode_ci NOT NULL COMMENT 'еІ—дҪҚзј–з Ғ',
  `post_name` varchar(50) CHARACTER SET utf8mb4 COLLATE utf8mb4_unicode_ci NOT NULL COMMENT 'еІ—дҪҚеҗҚз§°',
  `post_sort` int(4) NOT NULL COMMENT 'жҳҫзӨәйЎәеәҸ',
  `status` char(1) CHARACTER SET utf8mb4 COLLATE utf8mb4_unicode_ci NOT NULL COMMENT 'зҠ¶жҖҒпјҲ0жӯЈеёё 1еҒңз”Ёпјү',
  `create_by` varchar(64) CHARACTER SET utf8mb4 COLLATE utf8mb4_unicode_ci NULL DEFAULT '' COMMENT 'еҲӣе»әиҖ…',
  `create_time` datetime(0) NULL DEFAULT NULL COMMENT 'еҲӣе»әж—¶й—ҙ',
  `update_by` varchar(64) CHARACTER SET utf8mb4 COLLATE utf8mb4_unicode_ci NULL DEFAULT '' COMMENT 'жӣҙж–°иҖ…',
  `update_time` datetime(0) NULL DEFAULT NULL COMMENT 'жӣҙж–°ж—¶й—ҙ',
  `remark` varchar(500) CHARACTER SET utf8mb4 COLLATE utf8mb4_unicode_ci NULL DEFAULT NULL COMMENT 'еӨҮжіЁ',
  PRIMARY KEY (`post_id`) USING BTREE
) ENGINE = InnoDB AUTO_INCREMENT = 5 CHARACTER SET = utf8mb4 COLLATE = utf8mb4_unicode_ci COMMENT = 'еІ—дҪҚдҝЎжҒҜиЎЁ' ROW_FORMAT = Dynamic;

-- ----------------------------
-- Records of sys_post
-- ----------------------------
INSERT INTO `sys_post` VALUES (1, 'ceo', 'и‘ЈдәӢй•ҝ', 1, '0', 'admin', '2025-12-28 13:46:34', 'admin', '2026-01-19 21:39:13', '');
INSERT INTO `sys_post` VALUES (2, 'se', 'йЎ№зӣ®з»ҸзҗҶ', 2, '0', 'admin', '2025-12-28 13:46:34', '', NULL, '');
INSERT INTO `sys_post` VALUES (3, 'hr', 'дәәеҠӣиө„жәҗ', 3, '0', 'admin', '2025-12-28 13:46:34', '', NULL, '');
INSERT INTO `sys_post` VALUES (4, 'user', 'жҷ®йҖҡе‘ҳе·Ҙ', 4, '0', 'admin', '2025-12-28 13:46:34', '', NULL, '');

-- ----------------------------
-- Table structure for sys_role
-- ----------------------------
DROP TABLE IF EXISTS `sys_role`;
CREATE TABLE `sys_role`  (
  `role_id` bigint(20) NOT NULL AUTO_INCREMENT COMMENT 'и§’иүІID',
  `role_name` varchar(30) CHARACTER SET utf8mb4 COLLATE utf8mb4_unicode_ci NOT NULL COMMENT 'и§’иүІеҗҚз§°',
  `role_key` varchar(100) CHARACTER SET utf8mb4 COLLATE utf8mb4_unicode_ci NOT NULL COMMENT 'и§’иүІжқғйҷҗеӯ—з¬ҰдёІ',
  `role_sort` int(4) NOT NULL COMMENT 'жҳҫзӨәйЎәеәҸ',
  `data_scope` char(1) CHARACTER SET utf8mb4 COLLATE utf8mb4_unicode_ci NULL DEFAULT '1' COMMENT 'ж•°жҚ®иҢғеӣҙпјҲ1пјҡе…ЁйғЁж•°жҚ®жқғйҷҗ 2пјҡиҮӘе®ҡж•°жҚ®жқғйҷҗ 3пјҡжң¬йғЁй—Ёж•°жҚ®жқғйҷҗ 4пјҡжң¬йғЁй—ЁеҸҠд»ҘдёӢж•°жҚ®жқғйҷҗпјү',
  `menu_check_strictly` tinyint(1) NULL DEFAULT 1 COMMENT 'иҸңеҚ•ж ‘йҖүжӢ©йЎ№жҳҜеҗҰе…іиҒ”жҳҫзӨә',
  `dept_check_strictly` tinyint(1) NULL DEFAULT 1 COMMENT 'йғЁй—Ёж ‘йҖүжӢ©йЎ№жҳҜеҗҰе…іиҒ”жҳҫзӨә',
  `status` char(1) CHARACTER SET utf8mb4 COLLATE utf8mb4_unicode_ci NOT NULL COMMENT 'и§’иүІзҠ¶жҖҒпјҲ0жӯЈеёё 1еҒңз”Ёпјү',
  `del_flag` char(1) CHARACTER SET utf8mb4 COLLATE utf8mb4_unicode_ci NULL DEFAULT '0' COMMENT 'еҲ йҷӨж Үеҝ—пјҲ0д»ЈиЎЁеӯҳеңЁ 2д»ЈиЎЁеҲ йҷӨпјү',
  `create_by` varchar(64) CHARACTER SET utf8mb4 COLLATE utf8mb4_unicode_ci NULL DEFAULT '' COMMENT 'еҲӣе»әиҖ…',
  `create_time` datetime(0) NULL DEFAULT NULL COMMENT 'еҲӣе»әж—¶й—ҙ',
  `update_by` varchar(64) CHARACTER SET utf8mb4 COLLATE utf8mb4_unicode_ci NULL DEFAULT '' COMMENT 'жӣҙж–°иҖ…',
  `update_time` datetime(0) NULL DEFAULT NULL COMMENT 'жӣҙж–°ж—¶й—ҙ',
  `remark` varchar(500) CHARACTER SET utf8mb4 COLLATE utf8mb4_unicode_ci NULL DEFAULT NULL COMMENT 'еӨҮжіЁ',
  PRIMARY KEY (`role_id`) USING BTREE
) ENGINE = InnoDB AUTO_INCREMENT = 106 CHARACTER SET = utf8mb4 COLLATE = utf8mb4_unicode_ci COMMENT = 'и§’иүІдҝЎжҒҜиЎЁ' ROW_FORMAT = Dynamic;

-- ----------------------------
-- Records of sys_role
-- ----------------------------
INSERT INTO `sys_role` VALUES (1, 'и¶…зә§з®ЎзҗҶе‘ҳ', 'admin', 1, '1', 1, 1, '0', '0', 'admin', '2025-12-28 13:46:34', 'admin', '2026-01-23 19:59:34', 'и¶…зә§з®ЎзҗҶе‘ҳпјҡжӢҘжңүжүҖжңүиҸңеҚ•жқғйҷҗ');
INSERT INTO `sys_role` VALUES (2, 'жҷ®йҖҡи§’иүІ', 'common', 2, '2', 1, 1, '0', '0', 'admin', '2025-12-28 13:46:34', 'admin', '2026-01-12 20:33:35', 'жҷ®йҖҡи§’иүІ');
INSERT INTO `sys_role` VALUES (100, 'жөӢиҜ•дё“еұһ', 'test', 3, '2', 1, 1, '0', '0', '', '2026-01-03 17:06:10', 'admin', '2026-01-15 20:53:20', 'дё“еұһдәҺжөӢиҜ•зҡ„и§’иүІ');
INSERT INTO `sys_role` VALUES (101, 'е…ЁйғЁжқғйҷҗжөӢиҜ•и§’иүІ', 'test_all', 10, '1', 1, 1, '0', '0', 'admin', '2026-01-24 00:26:42', '', NULL, NULL);
INSERT INTO `sys_role` VALUES (102, 'иҮӘе®ҡжқғйҷҗжөӢиҜ•и§’иүІ', 'test_custom', 11, '2', 1, 1, '0', '0', 'admin', '2026-01-24 00:26:42', 'admin', '2026-01-24 01:32:09', NULL);
INSERT INTO `sys_role` VALUES (103, 'жң¬йғЁй—ЁжқғйҷҗжөӢиҜ•и§’иүІ', 'test_dept', 12, '3', 1, 1, '0', '2', 'admin', '2026-01-24 00:26:42', 'admin', '2026-01-25 16:23:13', NULL);
INSERT INTO `sys_role` VALUES (104, 'жң¬йғЁй—ЁеҸҠд»ҘдёӢжқғйҷҗжөӢиҜ•и§’иүІ', 'test_dept_child', 13, '4', 1, 1, '0', '2', 'admin', '2026-01-24 00:26:42', 'admin', '2026-01-25 15:15:16', NULL);
INSERT INTO `sys_role` VALUES (105, 'д»…жң¬дәәжқғйҷҗжөӢиҜ•и§’иүІ', 'test_self', 14, '5', 1, 1, '0', '2', 'admin', '2026-01-24 00:26:42', 'admin', '2026-01-25 15:12:55', NULL);

-- ----------------------------
-- Table structure for sys_role_dept
-- ----------------------------
DROP TABLE IF EXISTS `sys_role_dept`;
CREATE TABLE `sys_role_dept`  (
  `id` bigint(20) NOT NULL AUTO_INCREMENT COMMENT 'дё»й”®ID',
  `role_id` bigint(20) NOT NULL COMMENT 'и§’иүІID',
  `dept_id` bigint(20) NOT NULL COMMENT 'йғЁй—ЁID',
  PRIMARY KEY (`id`) USING BTREE,
  UNIQUE INDEX `idx_role_dept`(`role_id`, `dept_id`) USING BTREE
) ENGINE = InnoDB AUTO_INCREMENT = 178 CHARACTER SET = utf8mb4 COLLATE = utf8mb4_unicode_ci COMMENT = 'и§’иүІдёҺйғЁй—Ёе…іиҒ”иЎЁ' ROW_FORMAT = Dynamic;

-- ----------------------------
-- Records of sys_role_dept
-- ----------------------------
INSERT INTO `sys_role_dept` VALUES (167, 2, 100);
INSERT INTO `sys_role_dept` VALUES (168, 2, 101);
INSERT INTO `sys_role_dept` VALUES (169, 2, 104);
INSERT INTO `sys_role_dept` VALUES (175, 100, 100);
INSERT INTO `sys_role_dept` VALUES (170, 100, 101);
INSERT INTO `sys_role_dept` VALUES (172, 100, 102);
INSERT INTO `sys_role_dept` VALUES (171, 100, 105);
INSERT INTO `sys_role_dept` VALUES (173, 100, 108);
INSERT INTO `sys_role_dept` VALUES (174, 100, 109);
INSERT INTO `sys_role_dept` VALUES (176, 102, 101);
INSERT INTO `sys_role_dept` VALUES (177, 102, 103);

-- ----------------------------
-- Table structure for sys_role_menu
-- ----------------------------
DROP TABLE IF EXISTS `sys_role_menu`;
CREATE TABLE `sys_role_menu`  (
  `id` bigint(20) NOT NULL AUTO_INCREMENT COMMENT 'дё»й”®ID',
  `role_id` bigint(20) NOT NULL COMMENT 'и§’иүІID',
  `menu_id` bigint(20) NOT NULL COMMENT 'иҸңеҚ•ID',
  PRIMARY KEY (`id`) USING BTREE,
  UNIQUE INDEX `idx_role_menu`(`role_id`, `menu_id`) USING BTREE
) ENGINE = InnoDB AUTO_INCREMENT = 767 CHARACTER SET = utf8mb4 COLLATE = utf8mb4_unicode_ci COMMENT = 'и§’иүІдёҺиҸңеҚ•е…іиҒ”иЎЁ' ROW_FORMAT = Dynamic;

-- ----------------------------
-- Records of sys_role_menu
-- ----------------------------
INSERT INTO `sys_role_menu` VALUES (397, 1, 1);
INSERT INTO `sys_role_menu` VALUES (399, 1, 2);
INSERT INTO `sys_role_menu` VALUES (398, 1, 3);
INSERT INTO `sys_role_menu` VALUES (400, 1, 4);
INSERT INTO `sys_role_menu` VALUES (405, 1, 5);
INSERT INTO `sys_role_menu` VALUES (411, 1, 6);
INSERT INTO `sys_role_menu` VALUES (419, 1, 8);
INSERT INTO `sys_role_menu` VALUES (424, 1, 9);
INSERT INTO `sys_role_menu` VALUES (429, 1, 12);
INSERT INTO `sys_role_menu` VALUES (412, 1, 39);
INSERT INTO `sys_role_menu` VALUES (414, 1, 40);
INSERT INTO `sys_role_menu` VALUES (415, 1, 41);
INSERT INTO `sys_role_menu` VALUES (406, 1, 42);
INSERT INTO `sys_role_menu` VALUES (407, 1, 43);
INSERT INTO `sys_role_menu` VALUES (408, 1, 44);
INSERT INTO `sys_role_menu` VALUES (409, 1, 45);
INSERT INTO `sys_role_menu` VALUES (416, 1, 46);
INSERT INTO `sys_role_menu` VALUES (420, 1, 47);
INSERT INTO `sys_role_menu` VALUES (421, 1, 48);
INSERT INTO `sys_role_menu` VALUES (422, 1, 49);
INSERT INTO `sys_role_menu` VALUES (423, 1, 50);
INSERT INTO `sys_role_menu` VALUES (425, 1, 51);
INSERT INTO `sys_role_menu` VALUES (426, 1, 52);
INSERT INTO `sys_role_menu` VALUES (427, 1, 53);
INSERT INTO `sys_role_menu` VALUES (428, 1, 54);
INSERT INTO `sys_role_menu` VALUES (401, 1, 55);
INSERT INTO `sys_role_menu` VALUES (402, 1, 56);
INSERT INTO `sys_role_menu` VALUES (403, 1, 57);
INSERT INTO `sys_role_menu` VALUES (404, 1, 58);
INSERT INTO `sys_role_menu` VALUES (417, 1, 59);
INSERT INTO `sys_role_menu` VALUES (413, 1, 60);
INSERT INTO `sys_role_menu` VALUES (410, 1, 61);
INSERT INTO `sys_role_menu` VALUES (430, 1, 62);
INSERT INTO `sys_role_menu` VALUES (431, 1, 63);
INSERT INTO `sys_role_menu` VALUES (432, 1, 64);
INSERT INTO `sys_role_menu` VALUES (434, 1, 66);
INSERT INTO `sys_role_menu` VALUES (435, 1, 67);
INSERT INTO `sys_role_menu` VALUES (436, 1, 68);
INSERT INTO `sys_role_menu` VALUES (433, 1, 69);
INSERT INTO `sys_role_menu` VALUES (437, 1, 70);
INSERT INTO `sys_role_menu` VALUES (445, 1, 71);
INSERT INTO `sys_role_menu` VALUES (446, 1, 72);
INSERT INTO `sys_role_menu` VALUES (447, 1, 73);
INSERT INTO `sys_role_menu` VALUES (438, 1, 74);
INSERT INTO `sys_role_menu` VALUES (439, 1, 75);
INSERT INTO `sys_role_menu` VALUES (442, 1, 76);
INSERT INTO `sys_role_menu` VALUES (441, 1, 77);
INSERT INTO `sys_role_menu` VALUES (440, 1, 78);
INSERT INTO `sys_role_menu` VALUES (443, 1, 79);
INSERT INTO `sys_role_menu` VALUES (444, 1, 80);
INSERT INTO `sys_role_menu` VALUES (449, 1, 81);
INSERT INTO `sys_role_menu` VALUES (450, 1, 82);
INSERT INTO `sys_role_menu` VALUES (451, 1, 83);
INSERT INTO `sys_role_menu` VALUES (452, 1, 84);
INSERT INTO `sys_role_menu` VALUES (453, 1, 85);
INSERT INTO `sys_role_menu` VALUES (448, 1, 86);
INSERT INTO `sys_role_menu` VALUES (418, 1, 87);
INSERT INTO `sys_role_menu` VALUES (359, 2, 1);
INSERT INTO `sys_role_menu` VALUES (361, 2, 2);
INSERT INTO `sys_role_menu` VALUES (360, 2, 3);
INSERT INTO `sys_role_menu` VALUES (362, 2, 4);
INSERT INTO `sys_role_menu` VALUES (367, 2, 5);
INSERT INTO `sys_role_menu` VALUES (373, 2, 6);
INSERT INTO `sys_role_menu` VALUES (379, 2, 8);
INSERT INTO `sys_role_menu` VALUES (383, 2, 9);
INSERT INTO `sys_role_menu` VALUES (387, 2, 12);
INSERT INTO `sys_role_menu` VALUES (374, 2, 39);
INSERT INTO `sys_role_menu` VALUES (376, 2, 40);
INSERT INTO `sys_role_menu` VALUES (368, 2, 42);
INSERT INTO `sys_role_menu` VALUES (369, 2, 43);
INSERT INTO `sys_role_menu` VALUES (370, 2, 44);
INSERT INTO `sys_role_menu` VALUES (371, 2, 45);
INSERT INTO `sys_role_menu` VALUES (377, 2, 46);
INSERT INTO `sys_role_menu` VALUES (380, 2, 47);
INSERT INTO `sys_role_menu` VALUES (381, 2, 48);
INSERT INTO `sys_role_menu` VALUES (382, 2, 49);
INSERT INTO `sys_role_menu` VALUES (384, 2, 51);
INSERT INTO `sys_role_menu` VALUES (385, 2, 52);
INSERT INTO `sys_role_menu` VALUES (386, 2, 53);
INSERT INTO `sys_role_menu` VALUES (363, 2, 55);
INSERT INTO `sys_role_menu` VALUES (364, 2, 56);
INSERT INTO `sys_role_menu` VALUES (365, 2, 57);
INSERT INTO `sys_role_menu` VALUES (366, 2, 58);
INSERT INTO `sys_role_menu` VALUES (378, 2, 59);
INSERT INTO `sys_role_menu` VALUES (375, 2, 60);
INSERT INTO `sys_role_menu` VALUES (372, 2, 61);
INSERT INTO `sys_role_menu` VALUES (388, 2, 62);
INSERT INTO `sys_role_menu` VALUES (389, 2, 63);
INSERT INTO `sys_role_menu` VALUES (390, 2, 64);
INSERT INTO `sys_role_menu` VALUES (391, 2, 69);
INSERT INTO `sys_role_menu` VALUES (392, 2, 70);
INSERT INTO `sys_role_menu` VALUES (395, 2, 71);
INSERT INTO `sys_role_menu` VALUES (396, 2, 72);
INSERT INTO `sys_role_menu` VALUES (393, 2, 73);
INSERT INTO `sys_role_menu` VALUES (394, 2, 81);
INSERT INTO `sys_role_menu` VALUES (176, 100, 1);
INSERT INTO `sys_role_menu` VALUES (186, 100, 2);
INSERT INTO `sys_role_menu` VALUES (177, 100, 3);
INSERT INTO `sys_role_menu` VALUES (187, 100, 5);
INSERT INTO `sys_role_menu` VALUES (188, 100, 6);
INSERT INTO `sys_role_menu` VALUES (182, 100, 39);
INSERT INTO `sys_role_menu` VALUES (183, 100, 40);
INSERT INTO `sys_role_menu` VALUES (178, 100, 42);
INSERT INTO `sys_role_menu` VALUES (179, 100, 43);
INSERT INTO `sys_role_menu` VALUES (180, 100, 45);
INSERT INTO `sys_role_menu` VALUES (184, 100, 46);
INSERT INTO `sys_role_menu` VALUES (185, 100, 59);
INSERT INTO `sys_role_menu` VALUES (181, 100, 61);
INSERT INTO `sys_role_menu` VALUES (582, 102, 1);
INSERT INTO `sys_role_menu` VALUES (589, 102, 2);
INSERT INTO `sys_role_menu` VALUES (583, 102, 3);
INSERT INTO `sys_role_menu` VALUES (584, 102, 4);
INSERT INTO `sys_role_menu` VALUES (585, 102, 55);
INSERT INTO `sys_role_menu` VALUES (586, 102, 56);
INSERT INTO `sys_role_menu` VALUES (587, 102, 57);
INSERT INTO `sys_role_menu` VALUES (588, 102, 58);
INSERT INTO `sys_role_menu` VALUES (544, 103, 1);
INSERT INTO `sys_role_menu` VALUES (574, 103, 2);
INSERT INTO `sys_role_menu` VALUES (545, 103, 3);
INSERT INTO `sys_role_menu` VALUES (546, 103, 4);
INSERT INTO `sys_role_menu` VALUES (551, 103, 5);
INSERT INTO `sys_role_menu` VALUES (561, 103, 6);
INSERT INTO `sys_role_menu` VALUES (569, 103, 8);
INSERT INTO `sys_role_menu` VALUES (562, 103, 39);
INSERT INTO `sys_role_menu` VALUES (564, 103, 40);
INSERT INTO `sys_role_menu` VALUES (565, 103, 41);
INSERT INTO `sys_role_menu` VALUES (552, 103, 42);
INSERT INTO `sys_role_menu` VALUES (553, 103, 43);
INSERT INTO `sys_role_menu` VALUES (554, 103, 44);
INSERT INTO `sys_role_menu` VALUES (555, 103, 45);
INSERT INTO `sys_role_menu` VALUES (566, 103, 46);
INSERT INTO `sys_role_menu` VALUES (570, 103, 47);
INSERT INTO `sys_role_menu` VALUES (571, 103, 48);
INSERT INTO `sys_role_menu` VALUES (572, 103, 49);
INSERT INTO `sys_role_menu` VALUES (573, 103, 50);
INSERT INTO `sys_role_menu` VALUES (547, 103, 55);
INSERT INTO `sys_role_menu` VALUES (548, 103, 56);
INSERT INTO `sys_role_menu` VALUES (549, 103, 57);
INSERT INTO `sys_role_menu` VALUES (550, 103, 58);
INSERT INTO `sys_role_menu` VALUES (567, 103, 59);
INSERT INTO `sys_role_menu` VALUES (563, 103, 60);
INSERT INTO `sys_role_menu` VALUES (556, 103, 61);
INSERT INTO `sys_role_menu` VALUES (568, 103, 87);
INSERT INTO `sys_role_menu` VALUES (557, 103, 88);
INSERT INTO `sys_role_menu` VALUES (558, 103, 89);
INSERT INTO `sys_role_menu` VALUES (559, 103, 90);
INSERT INTO `sys_role_menu` VALUES (560, 103, 91);

-- ----------------------------
-- Table structure for sys_user
-- ----------------------------
DROP TABLE IF EXISTS `sys_user`;
CREATE TABLE `sys_user`  (
  `user_id` bigint(20) NOT NULL AUTO_INCREMENT COMMENT 'з”ЁжҲ·ID',
  `dept_id` bigint(20) NULL DEFAULT NULL COMMENT 'йғЁй—ЁID',
  `user_name` varchar(30) CHARACTER SET utf8mb4 COLLATE utf8mb4_unicode_ci NOT NULL COMMENT 'з”ЁжҲ·иҙҰеҸ·',
  `nick_name` varchar(30) CHARACTER SET utf8mb4 COLLATE utf8mb4_unicode_ci NOT NULL COMMENT 'з”ЁжҲ·жҳөз§°',
  `user_type` varchar(2) CHARACTER SET utf8mb4 COLLATE utf8mb4_unicode_ci NULL DEFAULT '00' COMMENT 'з”ЁжҲ·зұ»еһӢпјҲ00зі»з»ҹз”ЁжҲ·пјү',
  `email` varchar(50) CHARACTER SET utf8mb4 COLLATE utf8mb4_unicode_ci NULL DEFAULT '' COMMENT 'з”ЁжҲ·йӮ®з®ұ',
  `phonenumber` varchar(11) CHARACTER SET utf8mb4 COLLATE utf8mb4_unicode_ci NULL DEFAULT '' COMMENT 'жүӢжңәеҸ·з Ғ',
  `sex` char(1) CHARACTER SET utf8mb4 COLLATE utf8mb4_unicode_ci NULL DEFAULT '0' COMMENT 'з”ЁжҲ·жҖ§еҲ«пјҲ0з”· 1еҘі 2жңӘзҹҘпјү',
  `avatar` varchar(500) CHARACTER SET utf8mb4 COLLATE utf8mb4_unicode_ci NULL DEFAULT '' COMMENT 'еӨҙеғҸең°еқҖ',
  `password` varchar(100) CHARACTER SET utf8mb4 COLLATE utf8mb4_unicode_ci NULL DEFAULT '' COMMENT 'еҜҶз Ғ',
  `status` char(1) CHARACTER SET utf8mb4 COLLATE utf8mb4_unicode_ci NULL DEFAULT '0' COMMENT 'иҙҰеҸ·зҠ¶жҖҒпјҲ0жӯЈеёё 1еҒңз”Ёпјү',
  `del_flag` char(1) CHARACTER SET utf8mb4 COLLATE utf8mb4_unicode_ci NULL DEFAULT '0' COMMENT 'еҲ йҷӨж Үеҝ—пјҲ0д»ЈиЎЁеӯҳеңЁ 2д»ЈиЎЁеҲ йҷӨпјү',
  `login_ip` varchar(128) CHARACTER SET utf8mb4 COLLATE utf8mb4_unicode_ci NULL DEFAULT '' COMMENT 'жңҖеҗҺзҷ»еҪ•IP',
  `login_date` datetime(0) NULL DEFAULT NULL COMMENT 'жңҖеҗҺзҷ»еҪ•ж—¶й—ҙ',
  `pwd_update_date` datetime(0) NULL DEFAULT NULL COMMENT 'еҜҶз ҒжңҖеҗҺжӣҙж–°ж—¶й—ҙ',
  `create_by` varchar(64) CHARACTER SET utf8mb4 COLLATE utf8mb4_unicode_ci NULL DEFAULT '' COMMENT 'еҲӣе»әиҖ…',
  `create_time` datetime(0) NULL DEFAULT NULL COMMENT 'еҲӣе»әж—¶й—ҙ',
  `update_by` varchar(64) CHARACTER SET utf8mb4 COLLATE utf8mb4_unicode_ci NULL DEFAULT '' COMMENT 'жӣҙж–°иҖ…',
  `update_time` datetime(0) NULL DEFAULT NULL COMMENT 'жӣҙж–°ж—¶й—ҙ',
  `remark` varchar(500) CHARACTER SET utf8mb4 COLLATE utf8mb4_unicode_ci NULL DEFAULT NULL COMMENT 'еӨҮжіЁ',
  PRIMARY KEY (`user_id`) USING BTREE
) ENGINE = InnoDB AUTO_INCREMENT = 113 CHARACTER SET = utf8mb4 COLLATE = utf8mb4_unicode_ci COMMENT = 'з”ЁжҲ·дҝЎжҒҜиЎЁ' ROW_FORMAT = Dynamic;

-- ----------------------------
-- Records of sys_user
-- ----------------------------
INSERT INTO `sys_user` VALUES (1, 100, 'admin', 'и¶…зә§з®ЎзҗҶе‘ҳ', '00', 'admin@163.com', '18518712878', '0', 'http://star-pivot.oss-cn-beijing.aliyuncs.com/user/1/avatar_37095539-08cc-4144-939d-3bfc21544285.png?Expires=1769755973&OSSAccessKeyId=LTAI5tG8uSJeTeuRYEY4x3nG&Signature=GBduTIFnse2SvajNx39DIjiKpQs%3D', '$2a$10$FTKzzUPrLDbNfKoWn9e1y.B6D0MX0HeHBPHFRfcx3R2Ane73gMbf6', '0', '0', '0:0:0:0:0:0:0:1', '2025-12-29 22:16:38', '2026-01-04 18:13:47', 'admin', '2025-12-28 13:46:34', 'admin', '2026-01-23 14:52:54', 'и¶…зә§з®ЎзҗҶе‘ҳ');
INSERT INTO `sys_user` VALUES (2, 105, 'user', 'з”ЁжҲ·з®ЎзҗҶе‘ҳ', '00', 'user@qq.com', '15666666666', '1', 'http://star-pivot.oss-cn-beijing.aliyuncs.com/user/2/avatar_e69f4419-e074-46d5-8f21-9fe3d9ee3d11.webp?Expires=1769755975&OSSAccessKeyId=LTAI5tG8uSJeTeuRYEY4x3nG&Signature=aWBPH6OmGOIeDUT%2BTy6fiwewNl4%3D', '$2a$12$eYocwR0zs3iWKl7gsvHVQ.KLDTWvXqecm.29aXPi3IAF.mmkARVR.', '0', '0', '0:0:0:0:0:0:0:1', '2025-12-29 22:08:54', '2025-12-28 13:46:34', 'admin', '2025-12-28 13:46:34', 'admin', '2026-01-23 14:52:56', 'жөӢиҜ•е‘ҳ--з”ЁжҲ·з®ЎзҗҶе‘ҳ');
INSERT INTO `sys_user` VALUES (100, 100, 'xinxin', 'иҫӣй‘«', '00', '1092203240@qq.com', '18834581124', '0', 'http://star-pivot.oss-cn-beijing.aliyuncs.com/avatar/100.png?Expires=1769762102&OSSAccessKeyId=LTAI5tG8uSJeTeuRYEY4x3nG&Signature=tDBMV8iyt8CUYADUsTgefkgG3nE%3D', '$2a$12$eYocwR0zs3iWKl7gsvHVQ.KLDTWvXqecm.29aXPi3IAF.mmkARVR.', '0', '0', '', NULL, NULL, 'admin', '2026-01-04 15:34:36', 'user', '2026-01-23 16:35:02', 'дҪңиҖ…пјҢи¶…зә§з®ЎзҗҶе‘ҳ');
INSERT INTO `sys_user` VALUES (101, 105, 'test', 'жөӢиҜ•з”ЁжҲ·', '00', '123@qq.com', '18825454547', '0', 'http://star-pivot.oss-cn-beijing.aliyuncs.com/avatar/101.webp?Expires=1769762054&OSSAccessKeyId=LTAI5tG8uSJeTeuRYEY4x3nG&Signature=GvZLy1UTJI%2BY2hN9YuWbFdJRGNo%3D', '$2a$10$YdqAWweActfkWOaWEjz9p.bBWqNWVdT9EQ2OHcUODgFg.f3ma13Va', '0', '0', '', NULL, NULL, 'admin', '2026-01-04 16:50:12', 'user', '2026-01-23 16:34:18', 'жөӢиҜ•з”ЁжҲ·дё“еұһ');
INSERT INTO `sys_user` VALUES (102, 107, 'zhangsan', 'еј дёү', '00', 'zhangsan@qq.com', '18812345678', '1', 'http://star-pivot.oss-cn-beijing.aliyuncs.com/user/102/avatar_bfe7b78b-3e54-4a14-be8f-85e74c7abbcb.webp?Expires=1769755945&OSSAccessKeyId=LTAI5tG8uSJeTeuRYEY4x3nG&Signature=45TyVskk5t6gF44mLNV7mfoik7M%3D', '$2a$10$cmueflWIca3U8waJO3gSv.HAEhTFvygR7lGdMto630Nbs2GcXXTpy', '0', '0', '', NULL, NULL, 'admin', '2026-01-14 18:04:51', 'admin', '2026-01-23 19:15:42', 'еј дёү-жҷ®йҖҡе‘ҳе·Ҙ');
INSERT INTO `sys_user` VALUES (103, 101, 'test_all_user', 'е…ЁйғЁжқғйҷҗз”ЁжҲ·', '00', '', '', '0', '', '$2a$12$eYocwR0zs3iWKl7gsvHVQ.KLDTWvXqecm.29aXPi3IAF.mmkARVR.', '0', '0', '', NULL, NULL, 'admin', '2026-01-24 00:26:42', 'admin', '2026-01-25 14:59:00', '');
INSERT INTO `sys_user` VALUES (104, 101, 'test_custom_user', 'иҮӘе®ҡжқғйҷҗз”ЁжҲ·', '00', '', '', '0', '', '$2a$12$eYocwR0zs3iWKl7gsvHVQ.KLDTWvXqecm.29aXPi3IAF.mmkARVR.', '0', '0', '', NULL, NULL, 'admin', '2026-01-24 00:26:42', 'admin', '2026-01-25 14:58:41', NULL);
INSERT INTO `sys_user` VALUES (105, 101, 'test_dept_user', 'жң¬йғЁй—Ёжқғйҷҗз”ЁжҲ·', '00', '', '', '0', '', '$2a$12$eYocwR0zs3iWKl7gsvHVQ.KLDTWvXqecm.29aXPi3IAF.mmkARVR.', '0', '0', '', NULL, NULL, 'admin', '2026-01-24 00:26:42', 'admin', '2026-01-25 14:58:41', NULL);
INSERT INTO `sys_user` VALUES (106, 101, 'test_dept_child_user', 'жң¬йғЁй—ЁеҸҠд»ҘдёӢжқғйҷҗз”ЁжҲ·', '00', '', '', '0', '', '$2a$12$eYocwR0zs3iWKl7gsvHVQ.KLDTWvXqecm.29aXPi3IAF.mmkARVR.', '0', '0', '', NULL, NULL, 'admin', '2026-01-24 00:26:42', 'admin', '2026-01-25 14:58:41', NULL);
INSERT INTO `sys_user` VALUES (107, 101, 'test_self_user', 'д»…жң¬дәәжқғйҷҗз”ЁжҲ·', '00', '', '', '0', '', '$2a$12$eYocwR0zs3iWKl7gsvHVQ.KLDTWvXqecm.29aXPi3IAF.mmkARVR.', '0', '0', '', NULL, NULL, 'admin', '2026-01-24 00:26:42', 'admin', '2026-01-25 14:58:30', NULL);
INSERT INTO `sys_user` VALUES (108, 101, 'dept101_user1', 'йғЁй—Ё101з”ЁжҲ·1', '00', '', '', '0', '', '$2a$12$eYocwR0zs3iWKl7gsvHVQ.KLDTWvXqecm.29aXPi3IAF.mmkARVR.', '0', '0', '', NULL, NULL, 'admin', '2026-01-24 00:26:42', 'admin', '2026-01-25 14:58:23', NULL);
INSERT INTO `sys_user` VALUES (109, 101, 'dept101_user2', 'йғЁй—Ё101з”ЁжҲ·2', '00', '', '', '0', '', '$2a$12$eYocwR0zs3iWKl7gsvHVQ.KLDTWvXqecm.29aXPi3IAF.mmkARVR.', '0', '0', '', NULL, NULL, 'admin', '2026-01-24 00:26:42', 'admin', '2026-01-25 14:58:23', NULL);
INSERT INTO `sys_user` VALUES (110, 103, 'dept103_user1', 'йғЁй—Ё103з”ЁжҲ·1', '00', '', '', '0', '', '$2a$12$eYocwR0zs3iWKl7gsvHVQ.KLDTWvXqecm.29aXPi3IAF.mmkARVR.', '0', '0', '', NULL, NULL, 'admin', '2026-01-24 00:26:42', 'admin', '2026-01-25 14:58:23', NULL);
INSERT INTO `sys_user` VALUES (111, 102, 'dept102_user1', 'йғЁй—Ё102з”ЁжҲ·1', '00', '', '', '0', '', '$2a$12$eYocwR0zs3iWKl7gsvHVQ.KLDTWvXqecm.29aXPi3IAF.mmkARVR.', '0', '2', '', NULL, NULL, 'admin', '2026-01-24 00:26:42', 'admin', '2026-01-25 16:24:34', NULL);
INSERT INTO `sys_user` VALUES (112, 100, 'lisi', 'жқҺеӣӣ', '00', 'lisi@163.com', '18855555555', '1', NULL, '$2a$10$2eglfjL.MCwsuprXJfWIRezp.4/nV3hpuOOgtRHfG9d8kyCfVDsB.', '0', '0', '', NULL, NULL, 'admin', '2026-01-24 21:56:29', 'admin', '2026-01-25 13:14:38', '');

-- ----------------------------
-- Table structure for sys_user_post
-- ----------------------------
DROP TABLE IF EXISTS `sys_user_post`;
CREATE TABLE `sys_user_post`  (
  `id` bigint(20) NOT NULL AUTO_INCREMENT COMMENT 'дё»й”®ID',
  `user_id` bigint(20) NOT NULL COMMENT 'з”ЁжҲ·ID',
  `post_id` bigint(20) NOT NULL COMMENT 'еІ—дҪҚID',
  PRIMARY KEY (`id`) USING BTREE,
  UNIQUE INDEX `idx_user_post`(`user_id`, `post_id`) USING BTREE
) ENGINE = InnoDB AUTO_INCREMENT = 153 CHARACTER SET = utf8mb4 COLLATE = utf8mb4_unicode_ci COMMENT = 'з”ЁжҲ·дёҺеІ—дҪҚе…іиҒ”иЎЁ' ROW_FORMAT = Dynamic;

-- ----------------------------
-- Records of sys_user_post
-- ----------------------------
INSERT INTO `sys_user_post` VALUES (147, 1, 1);
INSERT INTO `sys_user_post` VALUES (148, 2, 2);
INSERT INTO `sys_user_post` VALUES (150, 100, 1);
INSERT INTO `sys_user_post` VALUES (149, 101, 4);
INSERT INTO `sys_user_post` VALUES (151, 102, 4);
INSERT INTO `sys_user_post` VALUES (152, 112, 4);

-- ----------------------------
-- Table structure for sys_user_role
-- ----------------------------
DROP TABLE IF EXISTS `sys_user_role`;
CREATE TABLE `sys_user_role`  (
  `id` bigint(20) NOT NULL AUTO_INCREMENT COMMENT 'дё»й”®ID',
  `user_id` bigint(20) NOT NULL COMMENT 'з”ЁжҲ·ID',
  `role_id` bigint(20) NOT NULL COMMENT 'и§’иүІID',
  PRIMARY KEY (`id`) USING BTREE,
  UNIQUE INDEX `idx_user_role`(`user_id`, `role_id`) USING BTREE
) ENGINE = InnoDB AUTO_INCREMENT = 165 CHARACTER SET = utf8mb4 COLLATE = utf8mb4_unicode_ci COMMENT = 'з”ЁжҲ·дёҺи§’иүІе…іиҒ”иЎЁ' ROW_FORMAT = Dynamic;

-- ----------------------------
-- Records of sys_user_role
-- ----------------------------
INSERT INTO `sys_user_role` VALUES (149, 1, 1);
INSERT INTO `sys_user_role` VALUES (150, 2, 2);
INSERT INTO `sys_user_role` VALUES (152, 100, 1);
INSERT INTO `sys_user_role` VALUES (157, 100, 100);
INSERT INTO `sys_user_role` VALUES (151, 101, 2);
INSERT INTO `sys_user_role` VALUES (156, 101, 100);
INSERT INTO `sys_user_role` VALUES (153, 102, 2);
INSERT INTO `sys_user_role` VALUES (163, 103, 101);
INSERT INTO `sys_user_role` VALUES (159, 104, 102);
INSERT INTO `sys_user_role` VALUES (164, 112, 2);

SET FOREIGN_KEY_CHECKS = 1;
