/*
 Navicat Premium Data Transfer

 Source Server         : xinxin
 Source Server Type    : MySQL
 Source Server Version : 50743
 Source Host           : localhost:3306
 Source Schema         : star-pivot

 Target Server Type    : MySQL
 Target Server Version : 50743
 File Encoding         : 65001

 Date: 20/01/2026 13:36:20
*/

SET NAMES utf8mb4;
SET FOREIGN_KEY_CHECKS = 0;

-- ----------------------------
-- Table structure for gen_table
-- ----------------------------
DROP TABLE IF EXISTS `gen_table`;
CREATE TABLE `gen_table`  (
  `table_id` bigint(20) NOT NULL AUTO_INCREMENT COMMENT '编号',
  `table_name` varchar(200) CHARACTER SET utf8mb4 COLLATE utf8mb4_unicode_ci NULL DEFAULT '' COMMENT '表名称',
  `table_comment` varchar(500) CHARACTER SET utf8mb4 COLLATE utf8mb4_unicode_ci NULL DEFAULT '' COMMENT '表描述',
  `sub_table_name` varchar(64) CHARACTER SET utf8mb4 COLLATE utf8mb4_unicode_ci NULL DEFAULT NULL COMMENT '关联子表的表名',
  `sub_table_fk_name` varchar(64) CHARACTER SET utf8mb4 COLLATE utf8mb4_unicode_ci NULL DEFAULT NULL COMMENT '子表关联的外键名',
  `class_name` varchar(100) CHARACTER SET utf8mb4 COLLATE utf8mb4_unicode_ci NULL DEFAULT '' COMMENT '实体类名称',
  `tpl_category` varchar(200) CHARACTER SET utf8mb4 COLLATE utf8mb4_unicode_ci NULL DEFAULT 'crud' COMMENT '使用的模板（crud单表操作 tree树表操作）',
  `tpl_web_type` varchar(30) CHARACTER SET utf8mb4 COLLATE utf8mb4_unicode_ci NULL DEFAULT '' COMMENT '前端模板类型（element-ui模版 element-plus模版）',
  `package_name` varchar(100) CHARACTER SET utf8mb4 COLLATE utf8mb4_unicode_ci NULL DEFAULT NULL COMMENT '生成包路径',
  `module_name` varchar(30) CHARACTER SET utf8mb4 COLLATE utf8mb4_unicode_ci NULL DEFAULT NULL COMMENT '生成模块名',
  `business_name` varchar(30) CHARACTER SET utf8mb4 COLLATE utf8mb4_unicode_ci NULL DEFAULT NULL COMMENT '生成业务名',
  `function_name` varchar(50) CHARACTER SET utf8mb4 COLLATE utf8mb4_unicode_ci NULL DEFAULT NULL COMMENT '生成功能名',
  `function_author` varchar(50) CHARACTER SET utf8mb4 COLLATE utf8mb4_unicode_ci NULL DEFAULT NULL COMMENT '生成功能作者',
  `gen_type` char(1) CHARACTER SET utf8mb4 COLLATE utf8mb4_unicode_ci NULL DEFAULT '0' COMMENT '生成代码方式（0zip压缩包 1自定义路径）',
  `gen_path` varchar(200) CHARACTER SET utf8mb4 COLLATE utf8mb4_unicode_ci NULL DEFAULT '/' COMMENT '生成路径（不填默认项目路径）',
  `options` varchar(1000) CHARACTER SET utf8mb4 COLLATE utf8mb4_unicode_ci NULL DEFAULT NULL COMMENT '其它生成选项',
  `create_by` varchar(64) CHARACTER SET utf8mb4 COLLATE utf8mb4_unicode_ci NULL DEFAULT '' COMMENT '创建者',
  `create_time` datetime(0) NULL DEFAULT NULL COMMENT '创建时间',
  `update_by` varchar(64) CHARACTER SET utf8mb4 COLLATE utf8mb4_unicode_ci NULL DEFAULT '' COMMENT '更新者',
  `update_time` datetime(0) NULL DEFAULT NULL COMMENT '更新时间',
  `remark` varchar(500) CHARACTER SET utf8mb4 COLLATE utf8mb4_unicode_ci NULL DEFAULT NULL COMMENT '备注',
  PRIMARY KEY (`table_id`) USING BTREE
) ENGINE = InnoDB AUTO_INCREMENT = 1 CHARACTER SET = utf8mb4 COLLATE = utf8mb4_unicode_ci COMMENT = '代码生成业务表' ROW_FORMAT = Dynamic;

-- ----------------------------
-- Records of gen_table
-- ----------------------------

-- ----------------------------
-- Table structure for gen_table_column
-- ----------------------------
DROP TABLE IF EXISTS `gen_table_column`;
CREATE TABLE `gen_table_column`  (
  `column_id` bigint(20) NOT NULL AUTO_INCREMENT COMMENT '编号',
  `table_id` bigint(20) NULL DEFAULT NULL COMMENT '归属表编号',
  `column_name` varchar(200) CHARACTER SET utf8mb4 COLLATE utf8mb4_unicode_ci NULL DEFAULT NULL COMMENT '列名称',
  `column_comment` varchar(500) CHARACTER SET utf8mb4 COLLATE utf8mb4_unicode_ci NULL DEFAULT NULL COMMENT '列描述',
  `column_type` varchar(100) CHARACTER SET utf8mb4 COLLATE utf8mb4_unicode_ci NULL DEFAULT NULL COMMENT '列类型',
  `java_type` varchar(500) CHARACTER SET utf8mb4 COLLATE utf8mb4_unicode_ci NULL DEFAULT NULL COMMENT 'JAVA类型',
  `java_field` varchar(200) CHARACTER SET utf8mb4 COLLATE utf8mb4_unicode_ci NULL DEFAULT NULL COMMENT 'JAVA字段名',
  `is_pk` char(1) CHARACTER SET utf8mb4 COLLATE utf8mb4_unicode_ci NULL DEFAULT NULL COMMENT '是否主键（1是）',
  `is_increment` char(1) CHARACTER SET utf8mb4 COLLATE utf8mb4_unicode_ci NULL DEFAULT NULL COMMENT '是否自增（1是）',
  `is_required` char(1) CHARACTER SET utf8mb4 COLLATE utf8mb4_unicode_ci NULL DEFAULT NULL COMMENT '是否必填（1是）',
  `is_insert` char(1) CHARACTER SET utf8mb4 COLLATE utf8mb4_unicode_ci NULL DEFAULT NULL COMMENT '是否为插入字段（1是）',
  `is_edit` char(1) CHARACTER SET utf8mb4 COLLATE utf8mb4_unicode_ci NULL DEFAULT NULL COMMENT '是否编辑字段（1是）',
  `is_list` char(1) CHARACTER SET utf8mb4 COLLATE utf8mb4_unicode_ci NULL DEFAULT NULL COMMENT '是否列表字段（1是）',
  `is_query` char(1) CHARACTER SET utf8mb4 COLLATE utf8mb4_unicode_ci NULL DEFAULT NULL COMMENT '是否查询字段（1是）',
  `query_type` varchar(200) CHARACTER SET utf8mb4 COLLATE utf8mb4_unicode_ci NULL DEFAULT 'EQ' COMMENT '查询方式（等于、不等于、大于、小于、范围）',
  `html_type` varchar(200) CHARACTER SET utf8mb4 COLLATE utf8mb4_unicode_ci NULL DEFAULT NULL COMMENT '显示类型（文本框、文本域、下拉框、复选框、单选框、日期控件）',
  `dict_type` varchar(200) CHARACTER SET utf8mb4 COLLATE utf8mb4_unicode_ci NULL DEFAULT '' COMMENT '字典类型',
  `sort` int(11) NULL DEFAULT NULL COMMENT '排序',
  `create_by` varchar(64) CHARACTER SET utf8mb4 COLLATE utf8mb4_unicode_ci NULL DEFAULT '' COMMENT '创建者',
  `create_time` datetime(0) NULL DEFAULT NULL COMMENT '创建时间',
  `update_by` varchar(64) CHARACTER SET utf8mb4 COLLATE utf8mb4_unicode_ci NULL DEFAULT '' COMMENT '更新者',
  `update_time` datetime(0) NULL DEFAULT NULL COMMENT '更新时间',
  PRIMARY KEY (`column_id`) USING BTREE
) ENGINE = InnoDB AUTO_INCREMENT = 1 CHARACTER SET = utf8mb4 COLLATE = utf8mb4_unicode_ci COMMENT = '代码生成业务表字段' ROW_FORMAT = Dynamic;

-- ----------------------------
-- Records of gen_table_column
-- ----------------------------

-- ----------------------------
-- Table structure for sys_dept
-- ----------------------------
DROP TABLE IF EXISTS `sys_dept`;
CREATE TABLE `sys_dept`  (
  `dept_id` bigint(20) NOT NULL AUTO_INCREMENT COMMENT '部门id',
  `parent_id` bigint(20) NULL DEFAULT 0 COMMENT '父部门id',
  `ancestors` varchar(50) CHARACTER SET utf8mb4 COLLATE utf8mb4_unicode_ci NULL DEFAULT '' COMMENT '祖级列表',
  `dept_name` varchar(30) CHARACTER SET utf8mb4 COLLATE utf8mb4_unicode_ci NULL DEFAULT '' COMMENT '部门名称',
  `order_num` int(4) NULL DEFAULT 0 COMMENT '显示顺序',
  `leader` varchar(20) CHARACTER SET utf8mb4 COLLATE utf8mb4_unicode_ci NULL DEFAULT NULL COMMENT '负责人',
  `phone` varchar(11) CHARACTER SET utf8mb4 COLLATE utf8mb4_unicode_ci NULL DEFAULT NULL COMMENT '联系电话',
  `email` varchar(50) CHARACTER SET utf8mb4 COLLATE utf8mb4_unicode_ci NULL DEFAULT NULL COMMENT '邮箱',
  `status` char(1) CHARACTER SET utf8mb4 COLLATE utf8mb4_unicode_ci NULL DEFAULT '0' COMMENT '部门状态（0正常 1停用）',
  `del_flag` char(1) CHARACTER SET utf8mb4 COLLATE utf8mb4_unicode_ci NULL DEFAULT '0' COMMENT '删除标志（0代表存在 2代表删除）',
  `create_by` varchar(64) CHARACTER SET utf8mb4 COLLATE utf8mb4_unicode_ci NULL DEFAULT '' COMMENT '创建者',
  `create_time` datetime(0) NULL DEFAULT NULL COMMENT '创建时间',
  `update_by` varchar(64) CHARACTER SET utf8mb4 COLLATE utf8mb4_unicode_ci NULL DEFAULT '' COMMENT '更新者',
  `update_time` datetime(0) NULL DEFAULT NULL COMMENT '更新时间',
  PRIMARY KEY (`dept_id`) USING BTREE
) ENGINE = InnoDB AUTO_INCREMENT = 112 CHARACTER SET = utf8mb4 COLLATE = utf8mb4_unicode_ci COMMENT = '部门表' ROW_FORMAT = Dynamic;

-- ----------------------------
-- Records of sys_dept
-- ----------------------------
INSERT INTO `sys_dept` VALUES (100, 0, '0', '星枢科技', 0, '星枢', '18834581124', '	\r\n18834581124@163.com', '0', '0', 'admin', '2025-12-28 13:46:34', 'admin', '2025-12-29 20:57:13');
INSERT INTO `sys_dept` VALUES (101, 100, '0,100', '深圳总公司', 1, '星枢', '18834581124', '	\r\n18834581124@163.com', '0', '0', 'admin', '2025-12-28 13:46:34', '', NULL);
INSERT INTO `sys_dept` VALUES (102, 100, '0,100', '长沙分公司', 2, '星枢', '18834581124', '	\r\n	\r\n18834581124@163.com', '0', '0', 'admin', '2025-12-28 13:46:34', '', NULL);
INSERT INTO `sys_dept` VALUES (103, 101, '0,100,101', '研发部门', 1, '星枢', '18834581124', '	\r\n18834581124@163.com', '0', '0', 'admin', '2025-12-28 13:46:34', '', NULL);
INSERT INTO `sys_dept` VALUES (104, 101, '0,100,101', '市场部门', 2, '星枢', '18834581124', '	\r\n18834581124@163.com', '0', '0', 'admin', '2025-12-28 13:46:34', '', NULL);
INSERT INTO `sys_dept` VALUES (105, 101, '0,100,101', '测试部门', 3, '星枢', '18834581124', '	\r\n18834581124@163.com', '0', '0', 'admin', '2025-12-28 13:46:34', '', NULL);
INSERT INTO `sys_dept` VALUES (106, 101, '0,100,101', '财务部门', 4, '星枢', '18834581124', '	\r\n18834581124@163.com', '0', '0', 'admin', '2025-12-28 13:46:34', '', NULL);
INSERT INTO `sys_dept` VALUES (107, 101, '0,100,101', '运维部门', 5, '星枢', '18834581124', '	\r\n18834581124@163.com', '0', '0', 'admin', '2025-12-28 13:46:34', '', NULL);
INSERT INTO `sys_dept` VALUES (108, 102, '0,100,102', '市场部门', 1, '星枢', '18834581124', '18834581124@163.com', '0', '0', 'admin', '2025-12-28 13:46:34', '', NULL);
INSERT INTO `sys_dept` VALUES (109, 102, '0,100,102', '财务部门', 2, '星枢', '18834581124', '	\r\n18834581124@163.com', '0', '0', 'admin', '2025-12-28 13:46:34', '', NULL);
INSERT INTO `sys_dept` VALUES (110, 100, '0,100', '山西分公司', 3, '星枢', '18834581124', '18834581124@163.com', '0', '0', 'admin', '2026-01-20 12:52:02', 'admin', '2026-01-20 12:53:11');
INSERT INTO `sys_dept` VALUES (111, 110, '0,100,110', '人事部', 1, '星枢', '18834581124', '18834581124@163.com', '0', '0', 'admin', '2026-01-20 12:52:49', 'admin', '2026-01-20 12:53:15');

-- ----------------------------
-- Table structure for sys_dict_data
-- ----------------------------
DROP TABLE IF EXISTS `sys_dict_data`;
CREATE TABLE `sys_dict_data`  (
  `dict_code` bigint(20) NOT NULL AUTO_INCREMENT COMMENT '字典编码',
  `dict_sort` int(4) NULL DEFAULT 0 COMMENT '字典排序',
  `dict_label` varchar(100) CHARACTER SET utf8mb4 COLLATE utf8mb4_unicode_ci NULL DEFAULT '' COMMENT '字典标签',
  `dict_value` varchar(100) CHARACTER SET utf8mb4 COLLATE utf8mb4_unicode_ci NULL DEFAULT '' COMMENT '字典键值',
  `dict_type` varchar(100) CHARACTER SET utf8mb4 COLLATE utf8mb4_unicode_ci NULL DEFAULT '' COMMENT '字典类型',
  `css_class` varchar(100) CHARACTER SET utf8mb4 COLLATE utf8mb4_unicode_ci NULL DEFAULT NULL COMMENT '样式属性（其他样式扩展）',
  `list_class` varchar(100) CHARACTER SET utf8mb4 COLLATE utf8mb4_unicode_ci NULL DEFAULT NULL COMMENT '表格回显样式',
  `is_default` char(1) CHARACTER SET utf8mb4 COLLATE utf8mb4_unicode_ci NULL DEFAULT 'N' COMMENT '是否默认（Y是 N否）',
  `status` char(1) CHARACTER SET utf8mb4 COLLATE utf8mb4_unicode_ci NULL DEFAULT '0' COMMENT '状态（0正常 1停用）',
  `create_by` varchar(64) CHARACTER SET utf8mb4 COLLATE utf8mb4_unicode_ci NULL DEFAULT '' COMMENT '创建者',
  `create_time` datetime(0) NULL DEFAULT NULL COMMENT '创建时间',
  `update_by` varchar(64) CHARACTER SET utf8mb4 COLLATE utf8mb4_unicode_ci NULL DEFAULT '' COMMENT '更新者',
  `update_time` datetime(0) NULL DEFAULT NULL COMMENT '更新时间',
  `remark` varchar(500) CHARACTER SET utf8mb4 COLLATE utf8mb4_unicode_ci NULL DEFAULT NULL COMMENT '备注',
  PRIMARY KEY (`dict_code`) USING BTREE
) ENGINE = InnoDB AUTO_INCREMENT = 102 CHARACTER SET = utf8mb4 COLLATE = utf8mb4_unicode_ci COMMENT = '字典数据表' ROW_FORMAT = Dynamic;

-- ----------------------------
-- Records of sys_dict_data
-- ----------------------------
INSERT INTO `sys_dict_data` VALUES (1, 1, '男', '0', 'sys_user_sex', '', '', 'Y', '0', 'admin', '2025-12-28 13:46:34', '', NULL, '性别男');
INSERT INTO `sys_dict_data` VALUES (2, 2, '女', '1', 'sys_user_sex', '', '', 'N', '0', 'admin', '2025-12-28 13:46:34', '', NULL, '性别女');
INSERT INTO `sys_dict_data` VALUES (3, 3, '未知', '2', 'sys_user_sex', '', '', 'N', '0', 'admin', '2025-12-28 13:46:34', '', NULL, '性别未知');
INSERT INTO `sys_dict_data` VALUES (4, 1, '显示', '0', 'sys_show_hide', '', 'primary', 'Y', '0', 'admin', '2025-12-28 13:46:34', '', NULL, '显示菜单');
INSERT INTO `sys_dict_data` VALUES (5, 2, '隐藏', '1', 'sys_show_hide', '', 'danger', 'N', '0', 'admin', '2025-12-28 13:46:34', '', NULL, '隐藏菜单');
INSERT INTO `sys_dict_data` VALUES (6, 1, '正常', '0', 'sys_normal_disable', '', 'primary', 'Y', '0', 'admin', '2025-12-28 13:46:34', '', NULL, '正常状态');
INSERT INTO `sys_dict_data` VALUES (7, 2, '停用', '1', 'sys_normal_disable', '', 'danger', 'N', '0', 'admin', '2025-12-28 13:46:34', '', NULL, '停用状态');
INSERT INTO `sys_dict_data` VALUES (8, 1, '正常', '0', 'sys_job_status', '', 'primary', 'Y', '0', 'admin', '2025-12-28 13:46:34', '', NULL, '正常状态');
INSERT INTO `sys_dict_data` VALUES (9, 2, '暂停', '1', 'sys_job_status', '', 'danger', 'N', '0', 'admin', '2025-12-28 13:46:34', '', NULL, '停用状态');
INSERT INTO `sys_dict_data` VALUES (10, 1, '默认', 'DEFAULT', 'sys_job_group', '', '', 'Y', '0', 'admin', '2025-12-28 13:46:34', '', NULL, '默认分组');
INSERT INTO `sys_dict_data` VALUES (11, 2, '系统', 'SYSTEM', 'sys_job_group', '', '', 'N', '0', 'admin', '2025-12-28 13:46:34', '', NULL, '系统分组');
INSERT INTO `sys_dict_data` VALUES (12, 1, '是', 'Y', 'sys_yes_no', '', 'primary', 'Y', '0', 'admin', '2025-12-28 13:46:34', '', NULL, '系统默认是');
INSERT INTO `sys_dict_data` VALUES (13, 2, '否', 'N', 'sys_yes_no', '', 'danger', 'N', '0', 'admin', '2025-12-28 13:46:34', '', NULL, '系统默认否');
INSERT INTO `sys_dict_data` VALUES (14, 1, '通知', '1', 'sys_notice_type', '', 'warning', 'Y', '0', 'admin', '2025-12-28 13:46:34', '', NULL, '通知');
INSERT INTO `sys_dict_data` VALUES (15, 2, '公告', '2', 'sys_notice_type', '', 'success', 'N', '0', 'admin', '2025-12-28 13:46:34', '', NULL, '公告');
INSERT INTO `sys_dict_data` VALUES (16, 1, '正常', '0', 'sys_notice_status', '', 'primary', 'Y', '0', 'admin', '2025-12-28 13:46:34', '', NULL, '正常状态');
INSERT INTO `sys_dict_data` VALUES (17, 2, '关闭', '1', 'sys_notice_status', '', 'danger', 'N', '0', 'admin', '2025-12-28 13:46:34', '', NULL, '关闭状态');
INSERT INTO `sys_dict_data` VALUES (18, 99, '其他', '0', 'sys_oper_type', '', 'info', 'N', '0', 'admin', '2025-12-28 13:46:34', '', NULL, '其他操作');
INSERT INTO `sys_dict_data` VALUES (19, 1, '新增', '1', 'sys_oper_type', '', 'info', 'N', '0', 'admin', '2025-12-28 13:46:34', '', NULL, '新增操作');
INSERT INTO `sys_dict_data` VALUES (20, 2, '修改', '2', 'sys_oper_type', '', 'info', 'N', '0', 'admin', '2025-12-28 13:46:34', '', NULL, '修改操作');
INSERT INTO `sys_dict_data` VALUES (21, 3, '删除', '3', 'sys_oper_type', '', 'danger', 'N', '0', 'admin', '2025-12-28 13:46:34', '', NULL, '删除操作');
INSERT INTO `sys_dict_data` VALUES (22, 4, '授权', '4', 'sys_oper_type', '', 'primary', 'N', '0', 'admin', '2025-12-28 13:46:34', '', NULL, '授权操作');
INSERT INTO `sys_dict_data` VALUES (23, 5, '导出', '5', 'sys_oper_type', '', 'warning', 'N', '0', 'admin', '2025-12-28 13:46:34', '', NULL, '导出操作');
INSERT INTO `sys_dict_data` VALUES (24, 6, '导入', '6', 'sys_oper_type', '', 'warning', 'N', '0', 'admin', '2025-12-28 13:46:34', '', NULL, '导入操作');
INSERT INTO `sys_dict_data` VALUES (25, 7, '强退', '7', 'sys_oper_type', '', 'danger', 'N', '0', 'admin', '2025-12-28 13:46:34', '', NULL, '强退操作');
INSERT INTO `sys_dict_data` VALUES (26, 8, '生成代码', '8', 'sys_oper_type', '', 'warning', 'N', '0', 'admin', '2025-12-28 13:46:34', '', NULL, '生成操作');
INSERT INTO `sys_dict_data` VALUES (27, 9, '清空数据', '9', 'sys_oper_type', '', 'danger', 'N', '0', 'admin', '2025-12-28 13:46:34', '', NULL, '清空操作');
INSERT INTO `sys_dict_data` VALUES (28, 1, '成功', '0', 'sys_common_status', '', 'primary', 'N', '0', 'admin', '2025-12-28 13:46:34', '', NULL, '正常状态');
INSERT INTO `sys_dict_data` VALUES (29, 2, '失败', '1', 'sys_common_status', '', 'danger', 'N', '0', 'admin', '2025-12-28 13:46:34', '', NULL, '停用状态');
INSERT INTO `sys_dict_data` VALUES (100, 1, '存在', '0', 'is_delete_status', 'success', 'success', 'N', '0', 'admin', '2026-01-12 15:59:08', '', NULL, '存在');
INSERT INTO `sys_dict_data` VALUES (101, 2, '删除', '2', 'is_delete_status', 'primary', 'default', 'N', '0', 'admin', '2026-01-12 16:02:57', '', NULL, '删除');

-- ----------------------------
-- Table structure for sys_dict_type
-- ----------------------------
DROP TABLE IF EXISTS `sys_dict_type`;
CREATE TABLE `sys_dict_type`  (
  `dict_id` bigint(20) NOT NULL AUTO_INCREMENT COMMENT '字典主键',
  `dict_name` varchar(100) CHARACTER SET utf8mb4 COLLATE utf8mb4_unicode_ci NULL DEFAULT '' COMMENT '字典名称',
  `dict_type` varchar(100) CHARACTER SET utf8mb4 COLLATE utf8mb4_unicode_ci NULL DEFAULT '' COMMENT '字典类型',
  `status` char(1) CHARACTER SET utf8mb4 COLLATE utf8mb4_unicode_ci NULL DEFAULT '0' COMMENT '状态（0正常 1停用）',
  `create_by` varchar(64) CHARACTER SET utf8mb4 COLLATE utf8mb4_unicode_ci NULL DEFAULT '' COMMENT '创建者',
  `create_time` datetime(0) NULL DEFAULT NULL COMMENT '创建时间',
  `update_by` varchar(64) CHARACTER SET utf8mb4 COLLATE utf8mb4_unicode_ci NULL DEFAULT '' COMMENT '更新者',
  `update_time` datetime(0) NULL DEFAULT NULL COMMENT '更新时间',
  `remark` varchar(500) CHARACTER SET utf8mb4 COLLATE utf8mb4_unicode_ci NULL DEFAULT NULL COMMENT '备注',
  PRIMARY KEY (`dict_id`) USING BTREE,
  UNIQUE INDEX `dict_type`(`dict_type`) USING BTREE
) ENGINE = InnoDB AUTO_INCREMENT = 101 CHARACTER SET = utf8mb4 COLLATE = utf8mb4_unicode_ci COMMENT = '字典类型表' ROW_FORMAT = Dynamic;

-- ----------------------------
-- Records of sys_dict_type
-- ----------------------------
INSERT INTO `sys_dict_type` VALUES (1, '用户性别', 'sys_user_sex', '0', 'admin', '2025-12-28 13:46:34', '', NULL, '用户性别列表');
INSERT INTO `sys_dict_type` VALUES (2, '菜单状态', 'sys_show_hide', '0', 'admin', '2025-12-28 13:46:34', '', NULL, '菜单状态列表');
INSERT INTO `sys_dict_type` VALUES (3, '系统开关', 'sys_normal_disable', '0', 'admin', '2025-12-28 13:46:34', '', NULL, '系统开关列表');
INSERT INTO `sys_dict_type` VALUES (4, '任务状态', 'sys_job_status', '0', 'admin', '2025-12-28 13:46:34', '', NULL, '任务状态列表');
INSERT INTO `sys_dict_type` VALUES (5, '任务分组', 'sys_job_group', '0', 'admin', '2025-12-28 13:46:34', '', NULL, '任务分组列表');
INSERT INTO `sys_dict_type` VALUES (6, '系统是否', 'sys_yes_no', '0', 'admin', '2025-12-28 13:46:34', '', NULL, '系统是否列表');
INSERT INTO `sys_dict_type` VALUES (7, '通知类型', 'sys_notice_type', '0', 'admin', '2025-12-28 13:46:34', '', NULL, '通知类型列表');
INSERT INTO `sys_dict_type` VALUES (8, '通知状态', 'sys_notice_status', '0', 'admin', '2025-12-28 13:46:34', '', NULL, '通知状态列表');
INSERT INTO `sys_dict_type` VALUES (9, '操作类型', 'sys_oper_type', '0', 'admin', '2025-12-28 13:46:34', '', NULL, '操作类型列表');
INSERT INTO `sys_dict_type` VALUES (10, '系统状态', 'sys_common_status', '0', 'admin', '2025-12-28 13:46:34', '', NULL, '登录状态列表');
INSERT INTO `sys_dict_type` VALUES (100, '删除标识', 'is_delete_status', '0', 'admin', '2026-01-12 15:57:49', '', NULL, '删除标识：0未删除 2 删除');

-- ----------------------------
-- Table structure for sys_job
-- ----------------------------
DROP TABLE IF EXISTS `sys_job`;
CREATE TABLE `sys_job`  (
  `job_id` bigint(20) NOT NULL AUTO_INCREMENT COMMENT '任务ID',
  `job_name` varchar(64) CHARACTER SET utf8mb4 COLLATE utf8mb4_unicode_ci NOT NULL DEFAULT '' COMMENT '任务名称',
  `job_group` varchar(64) CHARACTER SET utf8mb4 COLLATE utf8mb4_unicode_ci NOT NULL DEFAULT 'DEFAULT' COMMENT '任务组名',
  `invoke_target` varchar(500) CHARACTER SET utf8mb4 COLLATE utf8mb4_unicode_ci NOT NULL COMMENT '调用目标字符串',
  `cron_expression` varchar(255) CHARACTER SET utf8mb4 COLLATE utf8mb4_unicode_ci NULL DEFAULT '' COMMENT 'cron执行表达式',
  `misfire_policy` varchar(20) CHARACTER SET utf8mb4 COLLATE utf8mb4_unicode_ci NULL DEFAULT '3' COMMENT '计划执行错误策略（1立即执行 2执行一次 3放弃执行）',
  `concurrent` char(1) CHARACTER SET utf8mb4 COLLATE utf8mb4_unicode_ci NULL DEFAULT '1' COMMENT '是否并发执行（0允许 1禁止）',
  `status` char(1) CHARACTER SET utf8mb4 COLLATE utf8mb4_unicode_ci NULL DEFAULT '0' COMMENT '状态（0正常 1暂停）',
  `create_by` varchar(64) CHARACTER SET utf8mb4 COLLATE utf8mb4_unicode_ci NULL DEFAULT '' COMMENT '创建者',
  `create_time` datetime(0) NULL DEFAULT NULL COMMENT '创建时间',
  `update_by` varchar(64) CHARACTER SET utf8mb4 COLLATE utf8mb4_unicode_ci NULL DEFAULT '' COMMENT '更新者',
  `update_time` datetime(0) NULL DEFAULT NULL COMMENT '更新时间',
  `remark` varchar(500) CHARACTER SET utf8mb4 COLLATE utf8mb4_unicode_ci NULL DEFAULT '' COMMENT '备注信息',
  PRIMARY KEY (`job_id`, `job_name`, `job_group`) USING BTREE
) ENGINE = InnoDB AUTO_INCREMENT = 1 CHARACTER SET = utf8mb4 COLLATE = utf8mb4_unicode_ci COMMENT = '定时任务调度表' ROW_FORMAT = Dynamic;

-- ----------------------------
-- Records of sys_job
-- ----------------------------

-- ----------------------------
-- Table structure for sys_job_log
-- ----------------------------
DROP TABLE IF EXISTS `sys_job_log`;
CREATE TABLE `sys_job_log`  (
  `job_log_id` bigint(20) NOT NULL AUTO_INCREMENT COMMENT '任务日志ID',
  `job_name` varchar(64) CHARACTER SET utf8mb4 COLLATE utf8mb4_unicode_ci NOT NULL COMMENT '任务名称',
  `job_group` varchar(64) CHARACTER SET utf8mb4 COLLATE utf8mb4_unicode_ci NOT NULL COMMENT '任务组名',
  `invoke_target` varchar(500) CHARACTER SET utf8mb4 COLLATE utf8mb4_unicode_ci NOT NULL COMMENT '调用目标字符串',
  `job_message` varchar(500) CHARACTER SET utf8mb4 COLLATE utf8mb4_unicode_ci NULL DEFAULT NULL COMMENT '日志信息',
  `status` char(1) CHARACTER SET utf8mb4 COLLATE utf8mb4_unicode_ci NULL DEFAULT '0' COMMENT '执行状态（0正常 1失败）',
  `exception_info` varchar(2000) CHARACTER SET utf8mb4 COLLATE utf8mb4_unicode_ci NULL DEFAULT '' COMMENT '异常信息',
  `create_time` datetime(0) NULL DEFAULT NULL COMMENT '创建时间',
  PRIMARY KEY (`job_log_id`) USING BTREE
) ENGINE = InnoDB AUTO_INCREMENT = 1 CHARACTER SET = utf8mb4 COLLATE = utf8mb4_unicode_ci COMMENT = '定时任务调度日志表' ROW_FORMAT = Dynamic;

-- ----------------------------
-- Records of sys_job_log
-- ----------------------------

-- ----------------------------
-- Table structure for sys_logininfor
-- ----------------------------
DROP TABLE IF EXISTS `sys_logininfor`;
CREATE TABLE `sys_logininfor`  (
  `info_id` bigint(20) NOT NULL AUTO_INCREMENT COMMENT '访问ID',
  `user_name` varchar(50) CHARACTER SET utf8mb4 COLLATE utf8mb4_unicode_ci NULL DEFAULT '' COMMENT '用户账号',
  `ipaddr` varchar(128) CHARACTER SET utf8mb4 COLLATE utf8mb4_unicode_ci NULL DEFAULT '' COMMENT '登录IP地址',
  `login_location` varchar(255) CHARACTER SET utf8mb4 COLLATE utf8mb4_unicode_ci NULL DEFAULT '' COMMENT '登录地点',
  `browser` varchar(50) CHARACTER SET utf8mb4 COLLATE utf8mb4_unicode_ci NULL DEFAULT '' COMMENT '浏览器类型',
  `os` varchar(50) CHARACTER SET utf8mb4 COLLATE utf8mb4_unicode_ci NULL DEFAULT '' COMMENT '操作系统',
  `status` char(1) CHARACTER SET utf8mb4 COLLATE utf8mb4_unicode_ci NULL DEFAULT '0' COMMENT '登录状态（0成功 1失败）',
  `msg` varchar(255) CHARACTER SET utf8mb4 COLLATE utf8mb4_unicode_ci NULL DEFAULT '' COMMENT '提示消息',
  `login_time` datetime(0) NULL DEFAULT NULL COMMENT '访问时间',
  PRIMARY KEY (`info_id`) USING BTREE,
  INDEX `idx_sys_logininfor_s`(`status`) USING BTREE,
  INDEX `idx_sys_logininfor_lt`(`login_time`) USING BTREE
) ENGINE = InnoDB AUTO_INCREMENT = 1 CHARACTER SET = utf8mb4 COLLATE = utf8mb4_unicode_ci COMMENT = '系统访问记录' ROW_FORMAT = Dynamic;

-- ----------------------------
-- Records of sys_logininfor
-- ----------------------------

-- ----------------------------
-- Table structure for sys_menu
-- ----------------------------
DROP TABLE IF EXISTS `sys_menu`;
CREATE TABLE `sys_menu`  (
  `menu_id` bigint(20) NOT NULL AUTO_INCREMENT COMMENT '菜单ID',
  `menu_name` varchar(50) CHARACTER SET utf8mb4 COLLATE utf8mb4_unicode_ci NOT NULL COMMENT '菜单名称',
  `parent_id` bigint(20) NULL DEFAULT 0 COMMENT '父菜单ID',
  `order_num` int(4) NULL DEFAULT 0 COMMENT '显示顺序',
  `path` varchar(200) CHARACTER SET utf8mb4 COLLATE utf8mb4_unicode_ci NULL DEFAULT '' COMMENT '路由地址',
  `component` varchar(255) CHARACTER SET utf8mb4 COLLATE utf8mb4_unicode_ci NULL DEFAULT NULL COMMENT '组件路径',
  `query` varchar(255) CHARACTER SET utf8mb4 COLLATE utf8mb4_unicode_ci NULL DEFAULT NULL COMMENT '路由参数',
  `route_name` varchar(50) CHARACTER SET utf8mb4 COLLATE utf8mb4_unicode_ci NULL DEFAULT '' COMMENT '路由名称',
  `is_frame` int(1) NULL DEFAULT 1 COMMENT '是否为外链（0是 1否）',
  `is_cache` int(1) NULL DEFAULT 0 COMMENT '是否缓存（0缓存 1不缓存）',
  `menu_type` char(1) CHARACTER SET utf8mb4 COLLATE utf8mb4_unicode_ci NULL DEFAULT '' COMMENT '菜单类型（M目录 C菜单 F按钮）',
  `visible` char(1) CHARACTER SET utf8mb4 COLLATE utf8mb4_unicode_ci NULL DEFAULT '0' COMMENT '菜单状态（0显示 1隐藏）',
  `status` char(1) CHARACTER SET utf8mb4 COLLATE utf8mb4_unicode_ci NULL DEFAULT '0' COMMENT '菜单状态（0正常 1停用）',
  `perms` varchar(100) CHARACTER SET utf8mb4 COLLATE utf8mb4_unicode_ci NULL DEFAULT NULL COMMENT '权限标识',
  `icon` varchar(100) CHARACTER SET utf8mb4 COLLATE utf8mb4_unicode_ci NULL DEFAULT '#' COMMENT '菜单图标',
  `create_by` varchar(64) CHARACTER SET utf8mb4 COLLATE utf8mb4_unicode_ci NULL DEFAULT '' COMMENT '创建者',
  `create_time` datetime(0) NULL DEFAULT NULL COMMENT '创建时间',
  `update_by` varchar(64) CHARACTER SET utf8mb4 COLLATE utf8mb4_unicode_ci NULL DEFAULT '' COMMENT '更新者',
  `update_time` datetime(0) NULL DEFAULT NULL COMMENT '更新时间',
  `remark` varchar(500) CHARACTER SET utf8mb4 COLLATE utf8mb4_unicode_ci NULL DEFAULT '' COMMENT '备注',
  PRIMARY KEY (`menu_id`) USING BTREE
) ENGINE = InnoDB AUTO_INCREMENT = 73 CHARACTER SET = utf8mb4 COLLATE = utf8mb4_unicode_ci COMMENT = '菜单权限表' ROW_FORMAT = Dynamic;

-- ----------------------------
-- Records of sys_menu
-- ----------------------------
INSERT INTO `sys_menu` VALUES (1, '仪表盘', 0, 1, '/dashboard', '/index/index', NULL, 'Dashboard', 1, 1, 'M', '0', '0', NULL, 'ri:pie-chart-line', 'system', '2025-12-31 16:34:16', '', NULL, '仪表盘模块');
INSERT INTO `sys_menu` VALUES (2, '系统管理', 0, 2, '/system', '/index/index', NULL, 'System', 1, 1, 'M', '0', '0', NULL, 'uil:setting', 'system', '2025-12-31 16:34:16', '', '2026-01-02 21:36:28', '系统管理模块');
INSERT INTO `sys_menu` VALUES (3, '控制台', 1, 1, 'console', '/dashboard/console', NULL, 'DashboardConsole', 1, 1, 'C', '0', '0', NULL, 'ix:dashboard', 'system', '2025-12-31 16:34:16', '', '2026-01-02 21:49:40', '控制台模块');
INSERT INTO `sys_menu` VALUES (4, '菜单管理', 2, 1, 'menu', '/system/menu', NULL, 'SystemMenu', 1, 1, 'C', '0', '0', 'system:menu:list', 'ep:menu', 'system', '2025-12-31 16:34:16', '', '2026-01-02 21:12:33', '菜单管理模块');
INSERT INTO `sys_menu` VALUES (5, '角色管理', 2, 2, 'role', '/system/role', NULL, 'SystemRole', 1, 1, 'C', '0', '0', 'system:role:list', 'oui:app-users-roles', 'system', '2025-12-31 16:34:16', '', '2026-01-02 21:30:56', '角色管理模块');
INSERT INTO `sys_menu` VALUES (6, '用户管理', 2, 3, 'user', '/system/user', NULL, 'SystemUser', 1, 1, 'C', '0', '0', 'system:user:list', 'mdi:user', 'system', '2025-12-31 16:34:16', '', '2026-01-02 21:31:51', '用户管理模块');
INSERT INTO `sys_menu` VALUES (7, '个人中心', 2, 8, 'user-center', '/system/user-center', NULL, 'SystemUserCenter', 1, 1, 'C', '1', '0', 'system:user-center:list', 'ri:profile-line', 'system', '2025-12-31 16:34:16', 'admin', '2026-01-16 20:41:32', '个人中心模块');
INSERT INTO `sys_menu` VALUES (8, '部门管理', 2, 4, 'dept', '/system/dept', NULL, 'SystemDept', 1, 1, 'C', '0', '0', 'system:dept:list', 'ri:organization-chart', '', '2026-01-02 21:04:34', '', '2026-01-02 21:36:43', '部门管理模块');
INSERT INTO `sys_menu` VALUES (9, '岗位管理', 2, 5, 'post', '/system/post/index', NULL, 'PostManage', 1, 1, 'C', '0', '0', 'system:post:list', 'picon:post', 'xinxin', '2026-01-04 19:23:51', 'xinxin', '2026-01-04 19:25:02', '岗位管理模块');
INSERT INTO `sys_menu` VALUES (12, '字典管理', 2, 6, 'dict', '/system/dict/index', NULL, 'DictManage', 1, 1, 'C', '0', '0', 'system:type:list', 'arcticons:zdict', 'admin', '2026-01-05 12:28:54', 'admin', '2026-01-19 21:37:20', '字典管理模块。有：字典数据   字典类型');
INSERT INTO `sys_menu` VALUES (39, '新增用户', 6, 1, '', '', NULL, '', 1, 1, 'F', '0', '0', 'system:user:add', '#', 'admin', '2026-01-12 16:42:30', 'admin', '2026-01-16 20:42:35', '新增用户按钮');
INSERT INTO `sys_menu` VALUES (40, '修改用户', 6, 3, '', '', NULL, '', 1, 1, 'F', '0', '0', 'system:user:edit', '#', 'admin', '2026-01-12 17:30:37', 'admin', '2026-01-16 20:42:26', '修改用户  按钮');
INSERT INTO `sys_menu` VALUES (41, '删除用户', 6, 4, '', '', NULL, '', 1, 1, 'F', '0', '0', 'system:user:delete', '#', 'admin', '2026-01-12 17:31:11', 'admin', '2026-01-16 20:42:39', '删除用户按钮');
INSERT INTO `sys_menu` VALUES (42, '新增角色', 5, 1, '', '', NULL, '', 1, 1, 'F', '0', '0', 'system:role:add', '#', 'admin', '2026-01-12 17:32:13', '', NULL, '新增角色按钮');
INSERT INTO `sys_menu` VALUES (43, '修改角色', 5, 2, '', '', NULL, '', 1, 1, 'F', '0', '0', 'system:role:edit', '#', 'admin', '2026-01-12 17:32:45', '', NULL, '修改角色按钮');
INSERT INTO `sys_menu` VALUES (44, '删除角色', 5, 3, '', '', NULL, '', 1, 1, 'F', '0', '0', 'system:role:delete', '#', 'admin', '2026-01-12 17:33:14', '', NULL, '删除角色按钮');
INSERT INTO `sys_menu` VALUES (45, '角色查询', 5, 4, '', '', NULL, '', 1, 1, 'F', '0', '0', 'system:role:query', '#', 'admin', '2026-01-12 17:34:57', '', NULL, '角色查询 按钮');
INSERT INTO `sys_menu` VALUES (46, '用户查询', 6, 5, '', '', NULL, '', 1, 1, 'F', '0', '0', 'system:user:query', '#', 'admin', '2026-01-12 17:35:27', 'admin', '2026-01-16 20:42:43', '用户查询按钮');
INSERT INTO `sys_menu` VALUES (47, '部门查询', 8, 1, '', '', NULL, '', 1, 1, 'F', '0', '0', 'system:dept:query', '#', 'admin', '2026-01-12 17:35:58', '', NULL, '部门查询按钮');
INSERT INTO `sys_menu` VALUES (48, '部门新增', 8, 2, '', '', NULL, '', 1, 1, 'F', '0', '0', 'system:dept:add', '#', 'admin', '2026-01-12 17:36:28', '', NULL, '部门新增');
INSERT INTO `sys_menu` VALUES (49, '部门修改', 8, 3, '', '', NULL, '', 1, 1, 'F', '0', '0', 'system:dept:edit', '#', 'admin', '2026-01-12 17:36:49', '', NULL, '部门修改');
INSERT INTO `sys_menu` VALUES (50, '部门删除', 8, 4, '', '', NULL, '', 1, 1, 'F', '0', '0', 'system:dept:delete', '#', 'admin', '2026-01-12 17:37:21', '', NULL, '部门删除');
INSERT INTO `sys_menu` VALUES (51, '岗位查询', 9, 1, '', '', NULL, '', 1, 1, 'F', '0', '0', 'system:post:query', '#', 'admin', '2026-01-12 17:37:47', '', NULL, '岗位查询');
INSERT INTO `sys_menu` VALUES (52, '岗位新增', 9, 2, '', '', NULL, '', 1, 1, 'F', '0', '0', 'system:post:add', '#', 'admin', '2026-01-12 17:38:09', '', NULL, '岗位新增');
INSERT INTO `sys_menu` VALUES (53, '岗位修改', 9, 3, '', '', NULL, '', 1, 1, 'F', '0', '0', 'system:post:edit', '#', 'admin', '2026-01-12 17:38:46', '', NULL, '岗位修改');
INSERT INTO `sys_menu` VALUES (54, '岗位删除', 9, 4, '', '', NULL, '', 1, 1, 'F', '0', '0', 'system:post:delete', '#', 'admin', '2026-01-12 17:39:04', '', NULL, '岗位删除');
INSERT INTO `sys_menu` VALUES (55, '菜单查询', 4, 1, '', '', NULL, '', 1, 1, 'F', '0', '0', 'system:menu:query', '#', 'admin', '2026-01-12 17:39:26', '', NULL, '菜单查询');
INSERT INTO `sys_menu` VALUES (56, '菜单添加', 4, 2, '', '', NULL, '', 1, 1, 'F', '0', '0', 'system:menu:add', '#', 'admin', '2026-01-12 17:39:50', '', NULL, '菜单添加');
INSERT INTO `sys_menu` VALUES (57, '菜单修改', 4, 3, '', '', NULL, '', 1, 1, 'F', '0', '0', 'system:menu:edit', '#', 'admin', '2026-01-12 17:40:05', '', NULL, '菜单修改');
INSERT INTO `sys_menu` VALUES (58, '菜单删除', 4, 4, '', '', NULL, '', 1, 1, 'F', '0', '0', 'system:menu:delete', '#', 'admin', '2026-01-12 17:40:27', '', NULL, '菜单删除');
INSERT INTO `sys_menu` VALUES (59, '修改密码', 6, 6, '', '', NULL, '', 1, 1, 'F', '0', '0', 'system:user:resetPwd', '#', 'admin', '2026-01-16 18:10:55', 'admin', '2026-01-16 20:42:48', '修改密码');
INSERT INTO `sys_menu` VALUES (60, '修改状态', 6, 2, '', '', NULL, '', 1, 1, 'F', '0', '0', 'system:user:changeStatus', '#', 'admin', '2026-01-16 18:11:22', 'admin', '2026-01-16 20:42:31', '修改状态');
INSERT INTO `sys_menu` VALUES (61, '分配角色', 5, 5, '', '', NULL, '', 1, 1, 'F', '0', '0', 'system:role:assignPermission', '#', 'admin', '2026-01-16 19:04:22', '', NULL, '分配角色');
INSERT INTO `sys_menu` VALUES (62, '字典类型添加', 12, 1, '', '', NULL, '', 1, 1, 'F', '0', '0', 'system:type:add', '#', 'admin', '2026-01-16 19:08:40', 'admin', '2026-01-16 19:33:35', '字典类型添加');
INSERT INTO `sys_menu` VALUES (63, '字典类型修改', 12, 2, '', '', NULL, '', 1, 1, 'F', '0', '0', 'system:type:edit', '#', 'admin', '2026-01-16 19:09:04', 'admin', '2026-01-16 19:33:43', '字典类型修改');
INSERT INTO `sys_menu` VALUES (64, '字典类型删除', 12, 3, '', '', NULL, '', 1, 1, 'F', '0', '0', 'system:type:delete', '#', 'admin', '2026-01-16 19:09:27', 'admin', '2026-01-16 19:33:48', '字典类型删除');
INSERT INTO `sys_menu` VALUES (65, '字典数据', 2, 7, 'data', '/system/dict/dict-data', 'dictType', 'DictData', 1, 1, 'C', '1', '0', 'system:data:list', 'arcticons:js-dict', 'admin', '2026-01-16 19:25:20', 'admin', '2026-01-16 20:41:19', '字典数据');
INSERT INTO `sys_menu` VALUES (66, '字典数据添加', 65, 1, '', '', NULL, '', 1, 1, 'F', '0', '0', 'system:data:add', '#', 'admin', '2026-01-16 19:31:42', '', NULL, '字典数据添加');
INSERT INTO `sys_menu` VALUES (67, '字典数据修改', 65, 2, '', '', NULL, '', 1, 1, 'F', '0', '0', 'system:data:edit', '#', 'admin', '2026-01-16 19:32:19', '', NULL, '字典数据修改');
INSERT INTO `sys_menu` VALUES (68, '字典数据删除', 65, 1, '', '', NULL, '', 1, 1, 'F', '0', '0', 'system:data:delete', '#', 'admin', '2026-01-16 19:32:51', '', NULL, '字典数据删除');
INSERT INTO `sys_menu` VALUES (69, '字典类型查询', 12, 4, '', '', NULL, '', 1, 1, 'F', '0', '0', 'system:type:query', '#', 'admin', '2026-01-19 21:33:21', '', NULL, '字典类型查询');
INSERT INTO `sys_menu` VALUES (70, '字典数据查询', 65, 4, '', '', NULL, '', 1, 1, 'F', '0', '0', 'system:data:query', '#', 'admin', '2026-01-19 21:33:59', '', NULL, '字典数据查询');
INSERT INTO `sys_menu` VALUES (71, '系统工具', 0, 3, '/tools', '', NULL, 'SystemTools', 1, 1, 'M', '0', '0', '', 'clarity:tools-line', 'admin', '2026-01-20 13:08:43', '', NULL, '系统工具');
INSERT INTO `sys_menu` VALUES (72, '代码生成', 71, 1, 'generator', '/tools/generator/index', NULL, 'GenerateTools', 1, 1, 'C', '0', '0', 'tools:generator:list', 'mdi:generator-mobile', 'admin', '2026-01-20 13:15:59', 'admin', '2026-01-20 13:25:42', '代码生成');

-- ----------------------------
-- Table structure for sys_notice
-- ----------------------------
DROP TABLE IF EXISTS `sys_notice`;
CREATE TABLE `sys_notice`  (
  `notice_id` int(4) NOT NULL AUTO_INCREMENT COMMENT '公告ID',
  `notice_title` varchar(50) CHARACTER SET utf8mb4 COLLATE utf8mb4_unicode_ci NOT NULL COMMENT '公告标题',
  `notice_type` char(1) CHARACTER SET utf8mb4 COLLATE utf8mb4_unicode_ci NOT NULL COMMENT '公告类型（1通知 2公告）',
  `notice_content` longblob NULL COMMENT '公告内容',
  `status` char(1) CHARACTER SET utf8mb4 COLLATE utf8mb4_unicode_ci NULL DEFAULT '0' COMMENT '公告状态（0正常 1关闭）',
  `create_by` varchar(64) CHARACTER SET utf8mb4 COLLATE utf8mb4_unicode_ci NULL DEFAULT '' COMMENT '创建者',
  `create_time` datetime(0) NULL DEFAULT NULL COMMENT '创建时间',
  `update_by` varchar(64) CHARACTER SET utf8mb4 COLLATE utf8mb4_unicode_ci NULL DEFAULT '' COMMENT '更新者',
  `update_time` datetime(0) NULL DEFAULT NULL COMMENT '更新时间',
  `remark` varchar(255) CHARACTER SET utf8mb4 COLLATE utf8mb4_unicode_ci NULL DEFAULT NULL COMMENT '备注',
  PRIMARY KEY (`notice_id`) USING BTREE
) ENGINE = InnoDB AUTO_INCREMENT = 3 CHARACTER SET = utf8mb4 COLLATE = utf8mb4_unicode_ci COMMENT = '通知公告表' ROW_FORMAT = Dynamic;

-- ----------------------------
-- Records of sys_notice
-- ----------------------------
INSERT INTO `sys_notice` VALUES (1, '温馨提醒：2018-07-01 若依新版本发布啦', '2', 0xE696B0E78988E69CACE58685E5AEB9, '0', 'admin', '2025-12-28 13:46:34', '', NULL, '管理员');
INSERT INTO `sys_notice` VALUES (2, '维护通知：2018-07-01 若依系统凌晨维护', '1', 0xE7BBB4E68AA4E58685E5AEB9, '0', 'admin', '2025-12-28 13:46:34', '', NULL, '管理员');

-- ----------------------------
-- Table structure for sys_oper_log
-- ----------------------------
DROP TABLE IF EXISTS `sys_oper_log`;
CREATE TABLE `sys_oper_log`  (
  `oper_id` bigint(20) NOT NULL AUTO_INCREMENT COMMENT '日志主键',
  `title` varchar(50) CHARACTER SET utf8mb4 COLLATE utf8mb4_unicode_ci NULL DEFAULT '' COMMENT '模块标题',
  `business_type` int(2) NULL DEFAULT 0 COMMENT '业务类型（0其它 1新增 2修改 3删除）',
  `method` varchar(200) CHARACTER SET utf8mb4 COLLATE utf8mb4_unicode_ci NULL DEFAULT '' COMMENT '方法名称',
  `request_method` varchar(10) CHARACTER SET utf8mb4 COLLATE utf8mb4_unicode_ci NULL DEFAULT '' COMMENT '请求方式',
  `operator_type` int(1) NULL DEFAULT 0 COMMENT '操作类别（0其它 1后台用户 2手机端用户）',
  `oper_name` varchar(50) CHARACTER SET utf8mb4 COLLATE utf8mb4_unicode_ci NULL DEFAULT '' COMMENT '操作人员',
  `dept_name` varchar(50) CHARACTER SET utf8mb4 COLLATE utf8mb4_unicode_ci NULL DEFAULT '' COMMENT '部门名称',
  `oper_url` varchar(255) CHARACTER SET utf8mb4 COLLATE utf8mb4_unicode_ci NULL DEFAULT '' COMMENT '请求URL',
  `oper_ip` varchar(128) CHARACTER SET utf8mb4 COLLATE utf8mb4_unicode_ci NULL DEFAULT '' COMMENT '主机地址',
  `oper_location` varchar(255) CHARACTER SET utf8mb4 COLLATE utf8mb4_unicode_ci NULL DEFAULT '' COMMENT '操作地点',
  `oper_param` varchar(2000) CHARACTER SET utf8mb4 COLLATE utf8mb4_unicode_ci NULL DEFAULT '' COMMENT '请求参数',
  `json_result` varchar(2000) CHARACTER SET utf8mb4 COLLATE utf8mb4_unicode_ci NULL DEFAULT '' COMMENT '返回参数',
  `status` int(1) NULL DEFAULT 0 COMMENT '操作状态（0正常 1异常）',
  `error_msg` varchar(2000) CHARACTER SET utf8mb4 COLLATE utf8mb4_unicode_ci NULL DEFAULT '' COMMENT '错误消息',
  `oper_time` datetime(0) NULL DEFAULT NULL COMMENT '操作时间',
  `cost_time` bigint(20) NULL DEFAULT 0 COMMENT '消耗时间',
  PRIMARY KEY (`oper_id`) USING BTREE,
  INDEX `idx_sys_oper_log_bt`(`business_type`) USING BTREE,
  INDEX `idx_sys_oper_log_s`(`status`) USING BTREE,
  INDEX `idx_sys_oper_log_ot`(`oper_time`) USING BTREE
) ENGINE = InnoDB AUTO_INCREMENT = 1 CHARACTER SET = utf8mb4 COLLATE = utf8mb4_unicode_ci COMMENT = '操作日志记录' ROW_FORMAT = Dynamic;

-- ----------------------------
-- Records of sys_oper_log
-- ----------------------------

-- ----------------------------
-- Table structure for sys_post
-- ----------------------------
DROP TABLE IF EXISTS `sys_post`;
CREATE TABLE `sys_post`  (
  `post_id` bigint(20) NOT NULL AUTO_INCREMENT COMMENT '岗位ID',
  `post_code` varchar(64) CHARACTER SET utf8mb4 COLLATE utf8mb4_unicode_ci NOT NULL COMMENT '岗位编码',
  `post_name` varchar(50) CHARACTER SET utf8mb4 COLLATE utf8mb4_unicode_ci NOT NULL COMMENT '岗位名称',
  `post_sort` int(4) NOT NULL COMMENT '显示顺序',
  `status` char(1) CHARACTER SET utf8mb4 COLLATE utf8mb4_unicode_ci NOT NULL COMMENT '状态（0正常 1停用）',
  `create_by` varchar(64) CHARACTER SET utf8mb4 COLLATE utf8mb4_unicode_ci NULL DEFAULT '' COMMENT '创建者',
  `create_time` datetime(0) NULL DEFAULT NULL COMMENT '创建时间',
  `update_by` varchar(64) CHARACTER SET utf8mb4 COLLATE utf8mb4_unicode_ci NULL DEFAULT '' COMMENT '更新者',
  `update_time` datetime(0) NULL DEFAULT NULL COMMENT '更新时间',
  `remark` varchar(500) CHARACTER SET utf8mb4 COLLATE utf8mb4_unicode_ci NULL DEFAULT NULL COMMENT '备注',
  PRIMARY KEY (`post_id`) USING BTREE
) ENGINE = InnoDB AUTO_INCREMENT = 5 CHARACTER SET = utf8mb4 COLLATE = utf8mb4_unicode_ci COMMENT = '岗位信息表' ROW_FORMAT = Dynamic;

-- ----------------------------
-- Records of sys_post
-- ----------------------------
INSERT INTO `sys_post` VALUES (1, 'ceo', '董事长', 1, '0', 'admin', '2025-12-28 13:46:34', 'admin', '2026-01-19 21:39:13', '');
INSERT INTO `sys_post` VALUES (2, 'se', '项目经理', 2, '0', 'admin', '2025-12-28 13:46:34', '', NULL, '');
INSERT INTO `sys_post` VALUES (3, 'hr', '人力资源', 3, '0', 'admin', '2025-12-28 13:46:34', '', NULL, '');
INSERT INTO `sys_post` VALUES (4, 'user', '普通员工', 4, '0', 'admin', '2025-12-28 13:46:34', '', NULL, '');

-- ----------------------------
-- Table structure for sys_role
-- ----------------------------
DROP TABLE IF EXISTS `sys_role`;
CREATE TABLE `sys_role`  (
  `role_id` bigint(20) NOT NULL AUTO_INCREMENT COMMENT '角色ID',
  `role_name` varchar(30) CHARACTER SET utf8mb4 COLLATE utf8mb4_unicode_ci NOT NULL COMMENT '角色名称',
  `role_key` varchar(100) CHARACTER SET utf8mb4 COLLATE utf8mb4_unicode_ci NOT NULL COMMENT '角色权限字符串',
  `role_sort` int(4) NOT NULL COMMENT '显示顺序',
  `data_scope` char(1) CHARACTER SET utf8mb4 COLLATE utf8mb4_unicode_ci NULL DEFAULT '1' COMMENT '数据范围（1：全部数据权限 2：自定数据权限 3：本部门数据权限 4：本部门及以下数据权限）',
  `menu_check_strictly` tinyint(1) NULL DEFAULT 1 COMMENT '菜单树选择项是否关联显示',
  `dept_check_strictly` tinyint(1) NULL DEFAULT 1 COMMENT '部门树选择项是否关联显示',
  `status` char(1) CHARACTER SET utf8mb4 COLLATE utf8mb4_unicode_ci NOT NULL COMMENT '角色状态（0正常 1停用）',
  `del_flag` char(1) CHARACTER SET utf8mb4 COLLATE utf8mb4_unicode_ci NULL DEFAULT '0' COMMENT '删除标志（0代表存在 2代表删除）',
  `create_by` varchar(64) CHARACTER SET utf8mb4 COLLATE utf8mb4_unicode_ci NULL DEFAULT '' COMMENT '创建者',
  `create_time` datetime(0) NULL DEFAULT NULL COMMENT '创建时间',
  `update_by` varchar(64) CHARACTER SET utf8mb4 COLLATE utf8mb4_unicode_ci NULL DEFAULT '' COMMENT '更新者',
  `update_time` datetime(0) NULL DEFAULT NULL COMMENT '更新时间',
  `remark` varchar(500) CHARACTER SET utf8mb4 COLLATE utf8mb4_unicode_ci NULL DEFAULT NULL COMMENT '备注',
  PRIMARY KEY (`role_id`) USING BTREE
) ENGINE = InnoDB AUTO_INCREMENT = 101 CHARACTER SET = utf8mb4 COLLATE = utf8mb4_unicode_ci COMMENT = '角色信息表' ROW_FORMAT = Dynamic;

-- ----------------------------
-- Records of sys_role
-- ----------------------------
INSERT INTO `sys_role` VALUES (1, '超级管理员', 'admin', 1, '1', 0, 0, '0', '0', 'admin', '2025-12-28 13:46:34', '', NULL, '超级管理员');
INSERT INTO `sys_role` VALUES (2, '普通角色', 'common', 2, '2', 0, 0, '0', '0', 'admin', '2025-12-28 13:46:34', 'admin', '2026-01-12 20:33:35', '普通角色');
INSERT INTO `sys_role` VALUES (100, '测试专属', 'test', 3, '1', 0, 0, '0', '0', '', '2026-01-03 17:06:10', 'admin', '2026-01-15 20:53:20', '专属于测试的角色');

-- ----------------------------
-- Table structure for sys_role_dept
-- ----------------------------
DROP TABLE IF EXISTS `sys_role_dept`;
CREATE TABLE `sys_role_dept`  (
  `id` bigint(20) NOT NULL AUTO_INCREMENT COMMENT '主键ID',
  `role_id` bigint(20) NOT NULL COMMENT '角色ID',
  `dept_id` bigint(20) NOT NULL COMMENT '部门ID',
  PRIMARY KEY (`id`) USING BTREE,
  UNIQUE INDEX `idx_role_dept`(`role_id`, `dept_id`) USING BTREE
) ENGINE = InnoDB AUTO_INCREMENT = 152 CHARACTER SET = utf8mb4 COLLATE = utf8mb4_unicode_ci COMMENT = '角色与部门关联表' ROW_FORMAT = Dynamic;

-- ----------------------------
-- Records of sys_role_dept
-- ----------------------------
INSERT INTO `sys_role_dept` VALUES (149, 2, 100);
INSERT INTO `sys_role_dept` VALUES (150, 2, 101);
INSERT INTO `sys_role_dept` VALUES (151, 2, 104);
INSERT INTO `sys_role_dept` VALUES (146, 100, 100);
INSERT INTO `sys_role_dept` VALUES (147, 100, 101);
INSERT INTO `sys_role_dept` VALUES (148, 100, 105);

-- ----------------------------
-- Table structure for sys_role_menu
-- ----------------------------
DROP TABLE IF EXISTS `sys_role_menu`;
CREATE TABLE `sys_role_menu`  (
  `id` bigint(20) NOT NULL AUTO_INCREMENT COMMENT '主键ID',
  `role_id` bigint(20) NOT NULL COMMENT '角色ID',
  `menu_id` bigint(20) NOT NULL COMMENT '菜单ID',
  PRIMARY KEY (`id`) USING BTREE,
  UNIQUE INDEX `idx_role_menu`(`role_id`, `menu_id`) USING BTREE
) ENGINE = InnoDB AUTO_INCREMENT = 205 CHARACTER SET = utf8mb4 COLLATE = utf8mb4_unicode_ci COMMENT = '角色与菜单关联表' ROW_FORMAT = Dynamic;

-- ----------------------------
-- Records of sys_role_menu
-- ----------------------------
INSERT INTO `sys_role_menu` VALUES (189, 2, 1);
INSERT INTO `sys_role_menu` VALUES (203, 2, 2);
INSERT INTO `sys_role_menu` VALUES (190, 2, 3);
INSERT INTO `sys_role_menu` VALUES (191, 2, 4);
INSERT INTO `sys_role_menu` VALUES (196, 2, 5);
INSERT INTO `sys_role_menu` VALUES (199, 2, 6);
INSERT INTO `sys_role_menu` VALUES (204, 2, 8);
INSERT INTO `sys_role_menu` VALUES (200, 2, 39);
INSERT INTO `sys_role_menu` VALUES (197, 2, 42);
INSERT INTO `sys_role_menu` VALUES (198, 2, 45);
INSERT INTO `sys_role_menu` VALUES (201, 2, 46);
INSERT INTO `sys_role_menu` VALUES (202, 2, 47);
INSERT INTO `sys_role_menu` VALUES (192, 2, 55);
INSERT INTO `sys_role_menu` VALUES (193, 2, 56);
INSERT INTO `sys_role_menu` VALUES (194, 2, 57);
INSERT INTO `sys_role_menu` VALUES (195, 2, 58);
INSERT INTO `sys_role_menu` VALUES (176, 100, 1);
INSERT INTO `sys_role_menu` VALUES (186, 100, 2);
INSERT INTO `sys_role_menu` VALUES (177, 100, 3);
INSERT INTO `sys_role_menu` VALUES (187, 100, 5);
INSERT INTO `sys_role_menu` VALUES (188, 100, 6);
INSERT INTO `sys_role_menu` VALUES (182, 100, 39);
INSERT INTO `sys_role_menu` VALUES (183, 100, 40);
INSERT INTO `sys_role_menu` VALUES (178, 100, 42);
INSERT INTO `sys_role_menu` VALUES (179, 100, 43);
INSERT INTO `sys_role_menu` VALUES (180, 100, 45);
INSERT INTO `sys_role_menu` VALUES (184, 100, 46);
INSERT INTO `sys_role_menu` VALUES (185, 100, 59);
INSERT INTO `sys_role_menu` VALUES (181, 100, 61);

-- ----------------------------
-- Table structure for sys_user
-- ----------------------------
DROP TABLE IF EXISTS `sys_user`;
CREATE TABLE `sys_user`  (
  `user_id` bigint(20) NOT NULL AUTO_INCREMENT COMMENT '用户ID',
  `dept_id` bigint(20) NULL DEFAULT NULL COMMENT '部门ID',
  `user_name` varchar(30) CHARACTER SET utf8mb4 COLLATE utf8mb4_unicode_ci NOT NULL COMMENT '用户账号',
  `nick_name` varchar(30) CHARACTER SET utf8mb4 COLLATE utf8mb4_unicode_ci NOT NULL COMMENT '用户昵称',
  `user_type` varchar(2) CHARACTER SET utf8mb4 COLLATE utf8mb4_unicode_ci NULL DEFAULT '00' COMMENT '用户类型（00系统用户）',
  `email` varchar(50) CHARACTER SET utf8mb4 COLLATE utf8mb4_unicode_ci NULL DEFAULT '' COMMENT '用户邮箱',
  `phonenumber` varchar(11) CHARACTER SET utf8mb4 COLLATE utf8mb4_unicode_ci NULL DEFAULT '' COMMENT '手机号码',
  `sex` char(1) CHARACTER SET utf8mb4 COLLATE utf8mb4_unicode_ci NULL DEFAULT '0' COMMENT '用户性别（0男 1女 2未知）',
  `avatar` varchar(500) CHARACTER SET utf8mb4 COLLATE utf8mb4_unicode_ci NULL DEFAULT '' COMMENT '头像地址',
  `password` varchar(100) CHARACTER SET utf8mb4 COLLATE utf8mb4_unicode_ci NULL DEFAULT '' COMMENT '密码',
  `status` char(1) CHARACTER SET utf8mb4 COLLATE utf8mb4_unicode_ci NULL DEFAULT '0' COMMENT '账号状态（0正常 1停用）',
  `del_flag` char(1) CHARACTER SET utf8mb4 COLLATE utf8mb4_unicode_ci NULL DEFAULT '0' COMMENT '删除标志（0代表存在 2代表删除）',
  `login_ip` varchar(128) CHARACTER SET utf8mb4 COLLATE utf8mb4_unicode_ci NULL DEFAULT '' COMMENT '最后登录IP',
  `login_date` datetime(0) NULL DEFAULT NULL COMMENT '最后登录时间',
  `pwd_update_date` datetime(0) NULL DEFAULT NULL COMMENT '密码最后更新时间',
  `create_by` varchar(64) CHARACTER SET utf8mb4 COLLATE utf8mb4_unicode_ci NULL DEFAULT '' COMMENT '创建者',
  `create_time` datetime(0) NULL DEFAULT NULL COMMENT '创建时间',
  `update_by` varchar(64) CHARACTER SET utf8mb4 COLLATE utf8mb4_unicode_ci NULL DEFAULT '' COMMENT '更新者',
  `update_time` datetime(0) NULL DEFAULT NULL COMMENT '更新时间',
  `remark` varchar(500) CHARACTER SET utf8mb4 COLLATE utf8mb4_unicode_ci NULL DEFAULT NULL COMMENT '备注',
  PRIMARY KEY (`user_id`) USING BTREE
) ENGINE = InnoDB AUTO_INCREMENT = 103 CHARACTER SET = utf8mb4 COLLATE = utf8mb4_unicode_ci COMMENT = '用户信息表' ROW_FORMAT = Dynamic;

-- ----------------------------
-- Records of sys_user
-- ----------------------------
INSERT INTO `sys_user` VALUES (1, 103, 'admin', '超级管理员', '00', 'admin@163.com', '18518712878', '0', 'http://localhost:9000/star-pivot-avatar/user/1/avatar_0df9cd7e-3403-4e86-aa24-527d8dd68773.png?X-Amz-Algorithm=AWS4-HMAC-SHA256&X-Amz-Credential=admin%2F20260114%2Fus-east-1%2Fs3%2Faws4_request&X-Amz-Date=20260114T113329Z&X-Amz-Expires=604800&X-Amz-SignedHeaders=host&X-Amz-Signature=7330e3bcb3d80c0967a82bde163d6fccb92e14b45d2ab6fdc20b56910f5b2c7d', '$2a$10$FTKzzUPrLDbNfKoWn9e1y.B6D0MX0HeHBPHFRfcx3R2Ane73gMbf6', '0', '0', '0:0:0:0:0:0:0:1', '2025-12-29 22:16:38', '2026-01-04 18:13:47', 'admin', '2025-12-28 13:46:34', 'admin', '2026-01-14 19:33:30', '超级管理员');
INSERT INTO `sys_user` VALUES (2, 105, 'user', '用户管理员', '00', 'user@qq.com', '15666666666', '1', 'http://localhost:9000/star-pivot-avatar/user/2/avatar_2948fb7b-ff9f-46e9-8fb7-7f5a956e5f51.png?X-Amz-Algorithm=AWS4-HMAC-SHA256&X-Amz-Credential=admin%2F20260114%2Fus-east-1%2Fs3%2Faws4_request&X-Amz-Date=20260114T113322Z&X-Amz-Expires=604800&X-Amz-SignedHeaders=host&X-Amz-Signature=2e00ceeeb8dbc30cad89b42afd667a763dc17f769065c80de944d5b5f06984f8', '$2a$12$eYocwR0zs3iWKl7gsvHVQ.KLDTWvXqecm.29aXPi3IAF.mmkARVR.', '0', '0', '0:0:0:0:0:0:0:1', '2025-12-29 22:08:54', '2025-12-28 13:46:34', 'admin', '2025-12-28 13:46:34', 'admin', '2026-01-14 19:33:23', '测试员--用户管理员');
INSERT INTO `sys_user` VALUES (100, 100, 'xinxin', '辛鑫', '00', '1092203240@qq.com', '18834581124', '0', 'http://localhost:9000/star-pivot-avatar/user/100/avatar_efca1f13-3fb3-4c06-a761-3ce0e250ff6e.webp?X-Amz-Algorithm=AWS4-HMAC-SHA256&X-Amz-Credential=admin%2F20260114%2Fus-east-1%2Fs3%2Faws4_request&X-Amz-Date=20260114T120100Z&X-Amz-Expires=604800&X-Amz-SignedHeaders=host&X-Amz-Signature=b8ae2de0bed6fb76360b036318d7d009a646938c185d84900636345905c85ceb', '$2a$12$eYocwR0zs3iWKl7gsvHVQ.KLDTWvXqecm.29aXPi3IAF.mmkARVR.', '0', '0', '', NULL, NULL, 'admin', '2026-01-04 15:34:36', 'admin', '2026-01-14 20:01:02', '作者，超级管理员');
INSERT INTO `sys_user` VALUES (101, 105, 'test', '测试用户', '00', '123@qq.com', '18825454547', '0', 'http://localhost:9000/star-pivot-avatar/user/101/avatar_9b01cf60-86a4-40de-8c61-9dfae181742f.png?X-Amz-Algorithm=AWS4-HMAC-SHA256&X-Amz-Credential=admin%2F20260114%2Fus-east-1%2Fs3%2Faws4_request&X-Amz-Date=20260114T113246Z&X-Amz-Expires=604800&X-Amz-SignedHeaders=host&X-Amz-Signature=debaa1ed00322d30dbc78c2bad4db0d43eeb866ba2ad624536069d9d0b14d943', '$2a$10$YdqAWweActfkWOaWEjz9p.bBWqNWVdT9EQ2OHcUODgFg.f3ma13Va', '0', '0', '', NULL, NULL, 'admin', '2026-01-04 16:50:12', 'admin', '2026-01-14 19:32:49', '测试用户专属');
INSERT INTO `sys_user` VALUES (102, 107, 'zhangsan', '张三', '00', 'zhangsan@qq.com', '18812345678', '0', 'http://localhost:9000/star-pivot-avatar/user/102/avatar_1f9474bd-8188-4e50-b6c9-48631319193a.png?X-Amz-Algorithm=AWS4-HMAC-SHA256&X-Amz-Credential=admin%2F20260114%2Fus-east-1%2Fs3%2Faws4_request&X-Amz-Date=20260114T120048Z&X-Amz-Expires=604800&X-Amz-SignedHeaders=host&X-Amz-Signature=d7dfe0f5c626b629920d98ff7e6c44692b39c19e47ebb2e323c151897e22daf4', '$2a$10$cmueflWIca3U8waJO3gSv.HAEhTFvygR7lGdMto630Nbs2GcXXTpy', '0', '0', '', NULL, NULL, 'admin', '2026-01-14 18:04:51', 'admin', '2026-01-14 20:00:51', '张三-普通员工');

-- ----------------------------
-- Table structure for sys_user_post
-- ----------------------------
DROP TABLE IF EXISTS `sys_user_post`;
CREATE TABLE `sys_user_post`  (
  `id` bigint(20) NOT NULL AUTO_INCREMENT COMMENT '主键ID',
  `user_id` bigint(20) NOT NULL COMMENT '用户ID',
  `post_id` bigint(20) NOT NULL COMMENT '岗位ID',
  PRIMARY KEY (`id`) USING BTREE,
  UNIQUE INDEX `idx_user_post`(`user_id`, `post_id`) USING BTREE
) ENGINE = InnoDB AUTO_INCREMENT = 133 CHARACTER SET = utf8mb4 COLLATE = utf8mb4_unicode_ci COMMENT = '用户与岗位关联表' ROW_FORMAT = Dynamic;

-- ----------------------------
-- Records of sys_user_post
-- ----------------------------
INSERT INTO `sys_user_post` VALUES (130, 1, 1);
INSERT INTO `sys_user_post` VALUES (129, 2, 2);
INSERT INTO `sys_user_post` VALUES (132, 100, 1);
INSERT INTO `sys_user_post` VALUES (128, 101, 4);
INSERT INTO `sys_user_post` VALUES (131, 102, 4);

-- ----------------------------
-- Table structure for sys_user_role
-- ----------------------------
DROP TABLE IF EXISTS `sys_user_role`;
CREATE TABLE `sys_user_role`  (
  `id` bigint(20) NOT NULL AUTO_INCREMENT COMMENT '主键ID',
  `user_id` bigint(20) NOT NULL COMMENT '用户ID',
  `role_id` bigint(20) NOT NULL COMMENT '角色ID',
  PRIMARY KEY (`id`) USING BTREE,
  UNIQUE INDEX `idx_user_role`(`user_id`, `role_id`) USING BTREE
) ENGINE = InnoDB AUTO_INCREMENT = 135 CHARACTER SET = utf8mb4 COLLATE = utf8mb4_unicode_ci COMMENT = '用户与角色关联表' ROW_FORMAT = Dynamic;

-- ----------------------------
-- Records of sys_user_role
-- ----------------------------
INSERT INTO `sys_user_role` VALUES (132, 1, 1);
INSERT INTO `sys_user_role` VALUES (131, 2, 2);
INSERT INTO `sys_user_role` VALUES (134, 100, 1);
INSERT INTO `sys_user_role` VALUES (130, 101, 2);
INSERT INTO `sys_user_role` VALUES (133, 102, 2);

SET FOREIGN_KEY_CHECKS = 1;
