/*
 Navicat Premium Data Transfer

 Source Server         : xinxin
 Source Server Type    : MySQL
 Source Server Version : 50743
 Source Host           : localhost:3306
 Source Schema         : star-pivot

 Target Server Type    : MySQL
 Target Server Version : 50743
 File Encoding         : 65001

 Date: 23/01/2026 19:26:47
*/

SET NAMES utf8mb4;
SET FOREIGN_KEY_CHECKS = 0;

-- ----------------------------
-- Table structure for gen_table
-- ----------------------------
DROP TABLE IF EXISTS `gen_table`;
CREATE TABLE `gen_table`  (
  `table_id` bigint(20) NOT NULL AUTO_INCREMENT COMMENT '编号',
  `table_name` varchar(200) CHARACTER SET utf8mb4 COLLATE utf8mb4_unicode_ci NULL DEFAULT '' COMMENT '表名称',
  `table_comment` varchar(500) CHARACTER SET utf8mb4 COLLATE utf8mb4_unicode_ci NULL DEFAULT '' COMMENT '表描述',
  `sub_table_name` varchar(64) CHARACTER SET utf8mb4 COLLATE utf8mb4_unicode_ci NULL DEFAULT NULL COMMENT '关联子表的表名',
  `sub_table_fk_name` varchar(64) CHARACTER SET utf8mb4 COLLATE utf8mb4_unicode_ci NULL DEFAULT NULL COMMENT '子表关联的外键名',
  `class_name` varchar(100) CHARACTER SET utf8mb4 COLLATE utf8mb4_unicode_ci NULL DEFAULT '' COMMENT '实体类名称',
  `tpl_category` varchar(200) CHARACTER SET utf8mb4 COLLATE utf8mb4_unicode_ci NULL DEFAULT 'crud' COMMENT '使用的模板（crud单表操作 tree树表操作）',
  `tpl_web_type` varchar(30) CHARACTER SET utf8mb4 COLLATE utf8mb4_unicode_ci NULL DEFAULT '' COMMENT '前端模板类型（element-ui模版 element-plus模版）',
  `package_name` varchar(100) CHARACTER SET utf8mb4 COLLATE utf8mb4_unicode_ci NULL DEFAULT NULL COMMENT '生成包路径',
  `module_name` varchar(30) CHARACTER SET utf8mb4 COLLATE utf8mb4_unicode_ci NULL DEFAULT NULL COMMENT '生成模块名',
  `business_name` varchar(30) CHARACTER SET utf8mb4 COLLATE utf8mb4_unicode_ci NULL DEFAULT NULL COMMENT '生成业务名',
  `function_name` varchar(50) CHARACTER SET utf8mb4 COLLATE utf8mb4_unicode_ci NULL DEFAULT NULL COMMENT '生成功能名',
  `function_author` varchar(50) CHARACTER SET utf8mb4 COLLATE utf8mb4_unicode_ci NULL DEFAULT NULL COMMENT '生成功能作者',
  `gen_type` char(1) CHARACTER SET utf8mb4 COLLATE utf8mb4_unicode_ci NULL DEFAULT '0' COMMENT '生成代码方式（0zip压缩包 1自定义路径）',
  `gen_path` varchar(200) CHARACTER SET utf8mb4 COLLATE utf8mb4_unicode_ci NULL DEFAULT '/' COMMENT '生成路径（不填默认项目路径）',
  `options` varchar(1000) CHARACTER SET utf8mb4 COLLATE utf8mb4_unicode_ci NULL DEFAULT NULL COMMENT '其它生成选项',
  `create_by` varchar(64) CHARACTER SET utf8mb4 COLLATE utf8mb4_unicode_ci NULL DEFAULT '' COMMENT '创建者',
  `create_time` datetime(0) NULL DEFAULT NULL COMMENT '创建时间',
  `update_by` varchar(64) CHARACTER SET utf8mb4 COLLATE utf8mb4_unicode_ci NULL DEFAULT '' COMMENT '更新者',
  `update_time` datetime(0) NULL DEFAULT NULL COMMENT '更新时间',
  `remark` varchar(500) CHARACTER SET utf8mb4 COLLATE utf8mb4_unicode_ci NULL DEFAULT NULL COMMENT '备注',
  PRIMARY KEY (`table_id`) USING BTREE
) ENGINE = InnoDB AUTO_INCREMENT = 21 CHARACTER SET = utf8mb4 COLLATE = utf8mb4_unicode_ci COMMENT = '代码生成业务表' ROW_FORMAT = Dynamic;

-- ----------------------------
-- Records of gen_table
-- ----------------------------
INSERT INTO `gen_table` VALUES (5, 'sys_logininfor', '系统访问记录', NULL, NULL, 'SysLogininfor', 'crud', '', 'com.star.pivot.system', 'system', 'logininfor', '系统访问记录', 'xinxin', '0', '/', NULL, 'admin', '2026-01-21 00:36:00', '', NULL, NULL);
INSERT INTO `gen_table` VALUES (6, 'sys_menu', '菜单权限表', NULL, NULL, 'SysMenu', 'crud', '', 'com.star.pivot.system', 'system', 'menu', '菜单权限', 'xinxin', '0', '/', NULL, 'admin', '2026-01-21 00:36:00', '', NULL, NULL);
INSERT INTO `gen_table` VALUES (7, 'sys_notice', '通知公告表', NULL, NULL, 'SysNotice', 'crud', '', 'com.star.pivot.system', 'system', 'notice', '通知公告', 'xinxin', '0', '/', NULL, 'admin', '2026-01-21 00:36:00', '', NULL, NULL);
INSERT INTO `gen_table` VALUES (8, 'sys_oper_log', '操作日志记录', NULL, NULL, 'SysOperLog', 'crud', '', 'com.star.pivot.system', 'system', 'log', '操作日志记录', 'xinxin', '0', '/', NULL, 'admin', '2026-01-21 00:36:00', '', NULL, NULL);
INSERT INTO `gen_table` VALUES (9, 'sys_post', '岗位信息表', NULL, NULL, 'SysPost', 'crud', '', 'com.star.pivot.system', 'system', 'post', '岗位信息', 'xinxin', '0', '/', NULL, 'admin', '2026-01-21 00:36:00', '', NULL, NULL);
INSERT INTO `gen_table` VALUES (10, 'sys_role', '角色信息表', NULL, NULL, 'SysRole', 'crud', '', 'com.star.pivot.system', 'system', 'role', '角色信息', 'xinxin', '0', '/', NULL, 'admin', '2026-01-21 00:36:00', '', NULL, NULL);
INSERT INTO `gen_table` VALUES (11, 'sys_dept', '部门表', NULL, NULL, 'SysDept', 'crud', 'element-plus', 'com.star.pivot.system', 'system', 'dept', '部门', 'xinxin', '0', '/', '{\"treeCode\":\"\",\"treeName\":\"\",\"treeParentCode\":\"\",\"parentMenuId\":2}', 'admin', '2026-01-21 00:36:06', '', '2026-01-21 15:02:55', '');
INSERT INTO `gen_table` VALUES (12, 'sys_dict_data', '字典数据表', NULL, NULL, 'SysDictData', 'crud', '', 'com.star.pivot.system', 'system', 'data', '字典数据', 'xinxin', '0', '/', NULL, 'admin', '2026-01-21 00:36:06', '', NULL, NULL);
INSERT INTO `gen_table` VALUES (13, 'sys_dict_type', '字典类型表', NULL, NULL, 'SysDictType', 'crud', '', 'com.star.pivot.system', 'system', 'type', '字典类型', 'xinxin', '0', '/', NULL, 'admin', '2026-01-21 00:36:06', '', NULL, NULL);
INSERT INTO `gen_table` VALUES (14, 'sys_job', '定时任务调度表', NULL, NULL, 'SysJob', 'crud', '', 'com.star.pivot.system', 'system', 'job', '定时任务调度', 'xinxin', '0', '/', NULL, 'admin', '2026-01-21 00:36:06', '', NULL, NULL);
INSERT INTO `gen_table` VALUES (15, 'sys_job_log', '定时任务调度日志表', NULL, NULL, 'SysJobLog', 'crud', 'element-plus', 'com.star.pivot.system', 'system', 'log', '定时任务调度日志', 'xinxin', '1', 'F:\\project0117\\gen', '{\"treeCode\":\"\",\"treeName\":\"\",\"treeParentCode\":\"\",\"parentMenuId\":0}', 'admin', '2026-01-21 00:36:07', '', '2026-01-21 15:01:28', '111');
INSERT INTO `gen_table` VALUES (16, 'sys_role_dept', '角色与部门关联表', NULL, NULL, 'SysRoleDept', 'crud', 'element-plus', 'com.star.pivot.system', 'system', 'dept', '角色与部门关联', 'xinxin', '0', '/', '{\"treeCode\":\"\",\"treeName\":\"\",\"treeParentCode\":\"\",\"parentMenuId\":2}', 'admin', '2026-01-21 00:36:07', '', '2026-01-21 13:38:17', '');
INSERT INTO `gen_table` VALUES (17, 'sys_role_menu', '角色与菜单关联表', NULL, NULL, 'SysRoleMenu', 'crud', 'element-plus', 'com.star.pivot.system', 'system', 'menu', '角色与菜单关联', 'xinxin', '0', '/', '{\"treeCode\":\"\",\"treeName\":\"\",\"treeParentCode\":\"\",\"parentMenuId\":2}', 'admin', '2026-01-21 00:36:07', '', '2026-01-21 15:01:45', '');
INSERT INTO `gen_table` VALUES (18, 'sys_user', '用户信息表', '', '', 'SysUser', 'crud', 'element-plus', 'com.star.pivot.system', 'system', 'user', '用户信息', 'xinxin', '0', '/', '{\"treeCode\":\"\",\"treeName\":\"\",\"treeParentCode\":\"\",\"parentMenuId\":2}', 'admin', '2026-01-21 00:36:07', '', '2026-01-21 11:21:32', '111');
INSERT INTO `gen_table` VALUES (19, 'sys_user_post', '用户与岗位关联表', NULL, NULL, 'SysUserPost', 'crud', 'element-plus', 'com.star.pivot.system', 'system', 'post', '用户与岗位关联', 'xinxin', '0', '/', '{\"treeCode\":\"\",\"treeName\":\"\",\"treeParentCode\":\"\",\"parentMenuId\":2}', 'admin', '2026-01-21 00:36:07', '', '2026-01-21 15:02:00', '');
INSERT INTO `gen_table` VALUES (20, 'sys_user_role', '用户与角色关联表', NULL, NULL, 'SysUserRole', 'crud', 'element-plus', 'com.star.pivot.system', 'system', 'role', '用户与角色关联', 'xinxin', '0', '/', '{\"treeCode\":\"\",\"treeName\":\"\",\"treeParentCode\":\"\",\"parentMenuId\":2}', 'admin', '2026-01-21 00:36:07', '', '2026-01-21 15:02:07', '');

-- ----------------------------
-- Table structure for gen_table_column
-- ----------------------------
DROP TABLE IF EXISTS `gen_table_column`;
CREATE TABLE `gen_table_column`  (
  `column_id` bigint(20) NOT NULL AUTO_INCREMENT COMMENT '编号',
  `table_id` bigint(20) NULL DEFAULT NULL COMMENT '归属表编号',
  `column_name` varchar(200) CHARACTER SET utf8mb4 COLLATE utf8mb4_unicode_ci NULL DEFAULT NULL COMMENT '列名称',
  `column_comment` varchar(500) CHARACTER SET utf8mb4 COLLATE utf8mb4_unicode_ci NULL DEFAULT NULL COMMENT '列描述',
  `column_type` varchar(100) CHARACTER SET utf8mb4 COLLATE utf8mb4_unicode_ci NULL DEFAULT NULL COMMENT '列类型',
  `java_type` varchar(500) CHARACTER SET utf8mb4 COLLATE utf8mb4_unicode_ci NULL DEFAULT NULL COMMENT 'JAVA类型',
  `java_field` varchar(200) CHARACTER SET utf8mb4 COLLATE utf8mb4_unicode_ci NULL DEFAULT NULL COMMENT 'JAVA字段名',
  `is_pk` char(1) CHARACTER SET utf8mb4 COLLATE utf8mb4_unicode_ci NULL DEFAULT NULL COMMENT '是否主键（1是）',
  `is_increment` char(1) CHARACTER SET utf8mb4 COLLATE utf8mb4_unicode_ci NULL DEFAULT NULL COMMENT '是否自增（1是）',
  `is_required` char(1) CHARACTER SET utf8mb4 COLLATE utf8mb4_unicode_ci NULL DEFAULT NULL COMMENT '是否必填（1是）',
  `is_insert` char(1) CHARACTER SET utf8mb4 COLLATE utf8mb4_unicode_ci NULL DEFAULT NULL COMMENT '是否为插入字段（1是）',
  `is_edit` char(1) CHARACTER SET utf8mb4 COLLATE utf8mb4_unicode_ci NULL DEFAULT NULL COMMENT '是否编辑字段（1是）',
  `is_list` char(1) CHARACTER SET utf8mb4 COLLATE utf8mb4_unicode_ci NULL DEFAULT NULL COMMENT '是否列表字段（1是）',
  `is_query` char(1) CHARACTER SET utf8mb4 COLLATE utf8mb4_unicode_ci NULL DEFAULT NULL COMMENT '是否查询字段（1是）',
  `query_type` varchar(200) CHARACTER SET utf8mb4 COLLATE utf8mb4_unicode_ci NULL DEFAULT 'EQ' COMMENT '查询方式（等于、不等于、大于、小于、范围）',
  `html_type` varchar(200) CHARACTER SET utf8mb4 COLLATE utf8mb4_unicode_ci NULL DEFAULT NULL COMMENT '显示类型（文本框、文本域、下拉框、复选框、单选框、日期控件）',
  `dict_type` varchar(200) CHARACTER SET utf8mb4 COLLATE utf8mb4_unicode_ci NULL DEFAULT '' COMMENT '字典类型',
  `sort` int(11) NULL DEFAULT NULL COMMENT '排序',
  `create_by` varchar(64) CHARACTER SET utf8mb4 COLLATE utf8mb4_unicode_ci NULL DEFAULT '' COMMENT '创建者',
  `create_time` datetime(0) NULL DEFAULT NULL COMMENT '创建时间',
  `update_by` varchar(64) CHARACTER SET utf8mb4 COLLATE utf8mb4_unicode_ci NULL DEFAULT '' COMMENT '更新者',
  `update_time` datetime(0) NULL DEFAULT NULL COMMENT '更新时间',
  PRIMARY KEY (`column_id`) USING BTREE
) ENGINE = InnoDB AUTO_INCREMENT = 225 CHARACTER SET = utf8mb4 COLLATE = utf8mb4_unicode_ci COMMENT = '代码生成业务表字段' ROW_FORMAT = Dynamic;

-- ----------------------------
-- Records of gen_table_column
-- ----------------------------
INSERT INTO `gen_table_column` VALUES (55, 5, 'info_id', '访问ID', 'bigint(20)', 'Long', 'infoId', '1', '1', '0', '1', NULL, NULL, NULL, 'EQ', 'input', '', 1, 'admin', '2026-01-21 00:36:00', '', NULL);
INSERT INTO `gen_table_column` VALUES (56, 5, 'user_name', '用户账号', 'varchar(50)', 'String', 'userName', '0', '0', '0', '1', '1', '1', '1', 'LIKE', 'input', '', 2, 'admin', '2026-01-21 00:36:00', '', NULL);
INSERT INTO `gen_table_column` VALUES (57, 5, 'ipaddr', '登录IP地址', 'varchar(128)', 'String', 'ipaddr', '0', '0', '0', '1', '1', '1', '1', 'EQ', 'input', '', 3, 'admin', '2026-01-21 00:36:00', '', NULL);
INSERT INTO `gen_table_column` VALUES (58, 5, 'login_location', '登录地点', 'varchar(255)', 'String', 'loginLocation', '0', '0', '0', '1', '1', '1', '1', 'EQ', 'input', '', 4, 'admin', '2026-01-21 00:36:00', '', NULL);
INSERT INTO `gen_table_column` VALUES (59, 5, 'browser', '浏览器类型', 'varchar(50)', 'String', 'browser', '0', '0', '0', '1', '1', '1', '1', 'EQ', 'input', '', 5, 'admin', '2026-01-21 00:36:00', '', NULL);
INSERT INTO `gen_table_column` VALUES (60, 5, 'os', '操作系统', 'varchar(50)', 'String', 'os', '0', '0', '0', '1', '1', '1', '1', 'EQ', 'input', '', 6, 'admin', '2026-01-21 00:36:00', '', NULL);
INSERT INTO `gen_table_column` VALUES (61, 5, 'status', '登录状态（0成功 1失败）', 'char(1)', 'String', 'status', '0', '0', '0', '1', '1', '1', '1', 'EQ', 'radio', '', 7, 'admin', '2026-01-21 00:36:00', '', NULL);
INSERT INTO `gen_table_column` VALUES (62, 5, 'msg', '提示消息', 'varchar(255)', 'String', 'msg', '0', '0', '0', '1', '1', '1', '1', 'EQ', 'input', '', 8, 'admin', '2026-01-21 00:36:00', '', NULL);
INSERT INTO `gen_table_column` VALUES (63, 5, 'login_time', '访问时间', 'datetime', 'Date', 'loginTime', '0', '0', '0', '1', '1', '1', '1', 'EQ', 'datetime', '', 9, 'admin', '2026-01-21 00:36:00', '', NULL);
INSERT INTO `gen_table_column` VALUES (64, 6, 'menu_id', '菜单ID', 'bigint(20)', 'Long', 'menuId', '1', '1', '0', '1', NULL, NULL, NULL, 'EQ', 'input', '', 1, 'admin', '2026-01-21 00:36:00', '', NULL);
INSERT INTO `gen_table_column` VALUES (65, 6, 'menu_name', '菜单名称', 'varchar(50)', 'String', 'menuName', '0', '0', '1', '1', '1', '1', '1', 'LIKE', 'input', '', 2, 'admin', '2026-01-21 00:36:00', '', NULL);
INSERT INTO `gen_table_column` VALUES (66, 6, 'parent_id', '父菜单ID', 'bigint(20)', 'Long', 'parentId', '0', '0', '0', '1', '1', '1', '1', 'EQ', 'input', '', 3, 'admin', '2026-01-21 00:36:00', '', NULL);
INSERT INTO `gen_table_column` VALUES (67, 6, 'order_num', '显示顺序', 'int(4)', 'Integer', 'orderNum', '0', '0', '0', '1', '1', '1', '1', 'EQ', 'input', '', 4, 'admin', '2026-01-21 00:36:00', '', NULL);
INSERT INTO `gen_table_column` VALUES (68, 6, 'path', '路由地址', 'varchar(200)', 'String', 'path', '0', '0', '0', '1', '1', '1', '1', 'EQ', 'input', '', 5, 'admin', '2026-01-21 00:36:00', '', NULL);
INSERT INTO `gen_table_column` VALUES (69, 6, 'component', '组件路径', 'varchar(255)', 'String', 'component', '0', '0', '0', '1', '1', '1', '1', 'EQ', 'input', '', 6, 'admin', '2026-01-21 00:36:00', '', NULL);
INSERT INTO `gen_table_column` VALUES (70, 6, 'query', '路由参数', 'varchar(255)', 'String', 'query', '0', '0', '0', '1', '1', '1', '1', 'EQ', 'input', '', 7, 'admin', '2026-01-21 00:36:00', '', NULL);
INSERT INTO `gen_table_column` VALUES (71, 6, 'route_name', '路由名称', 'varchar(50)', 'String', 'routeName', '0', '0', '0', '1', '1', '1', '1', 'LIKE', 'input', '', 8, 'admin', '2026-01-21 00:36:00', '', NULL);
INSERT INTO `gen_table_column` VALUES (72, 6, 'is_frame', '是否为外链（0是 1否）', 'int(1)', 'Integer', 'isFrame', '0', '0', '0', '1', '1', '1', '1', 'EQ', 'input', '', 9, 'admin', '2026-01-21 00:36:00', '', NULL);
INSERT INTO `gen_table_column` VALUES (73, 6, 'is_cache', '是否缓存（0缓存 1不缓存）', 'int(1)', 'Integer', 'isCache', '0', '0', '0', '1', '1', '1', '1', 'EQ', 'input', '', 10, 'admin', '2026-01-21 00:36:00', '', NULL);
INSERT INTO `gen_table_column` VALUES (74, 6, 'menu_type', '菜单类型（M目录 C菜单 F按钮）', 'char(1)', 'String', 'menuType', '0', '0', '0', '1', '1', '1', '1', 'EQ', 'select', '', 11, 'admin', '2026-01-21 00:36:00', '', NULL);
INSERT INTO `gen_table_column` VALUES (75, 6, 'visible', '菜单状态（0显示 1隐藏）', 'char(1)', 'String', 'visible', '0', '0', '0', '1', '1', '1', '1', 'EQ', 'input', '', 12, 'admin', '2026-01-21 00:36:00', '', NULL);
INSERT INTO `gen_table_column` VALUES (76, 6, 'status', '菜单状态（0正常 1停用）', 'char(1)', 'String', 'status', '0', '0', '0', '1', '1', '1', '1', 'EQ', 'radio', '', 13, 'admin', '2026-01-21 00:36:00', '', NULL);
INSERT INTO `gen_table_column` VALUES (77, 6, 'perms', '权限标识', 'varchar(100)', 'String', 'perms', '0', '0', '0', '1', '1', '1', '1', 'EQ', 'input', '', 14, 'admin', '2026-01-21 00:36:00', '', NULL);
INSERT INTO `gen_table_column` VALUES (78, 6, 'icon', '菜单图标', 'varchar(100)', 'String', 'icon', '0', '0', '0', '1', '1', '1', '1', 'EQ', 'input', '', 15, 'admin', '2026-01-21 00:36:00', '', NULL);
INSERT INTO `gen_table_column` VALUES (79, 6, 'create_by', '创建者', 'varchar(64)', 'String', 'createBy', '0', '0', '0', '1', NULL, NULL, NULL, 'EQ', 'input', '', 16, 'admin', '2026-01-21 00:36:00', '', NULL);
INSERT INTO `gen_table_column` VALUES (80, 6, 'create_time', '创建时间', 'datetime', 'Date', 'createTime', '0', '0', '0', '1', NULL, NULL, NULL, 'EQ', 'datetime', '', 17, 'admin', '2026-01-21 00:36:00', '', NULL);
INSERT INTO `gen_table_column` VALUES (81, 6, 'update_by', '更新者', 'varchar(64)', 'String', 'updateBy', '0', '0', '0', '1', '1', NULL, NULL, 'EQ', 'input', '', 18, 'admin', '2026-01-21 00:36:00', '', NULL);
INSERT INTO `gen_table_column` VALUES (82, 6, 'update_time', '更新时间', 'datetime', 'Date', 'updateTime', '0', '0', '0', '1', '1', NULL, NULL, 'EQ', 'datetime', '', 19, 'admin', '2026-01-21 00:36:00', '', NULL);
INSERT INTO `gen_table_column` VALUES (83, 6, 'remark', '备注', 'varchar(500)', 'String', 'remark', '0', '0', '0', '1', '1', '1', NULL, 'EQ', 'textarea', '', 20, 'admin', '2026-01-21 00:36:00', '', NULL);
INSERT INTO `gen_table_column` VALUES (84, 7, 'notice_id', '公告ID', 'int(4)', 'Integer', 'noticeId', '1', '1', '0', '1', NULL, NULL, NULL, 'EQ', 'input', '', 1, 'admin', '2026-01-21 00:36:00', '', NULL);
INSERT INTO `gen_table_column` VALUES (85, 7, 'notice_title', '公告标题', 'varchar(50)', 'String', 'noticeTitle', '0', '0', '1', '1', '1', '1', '1', 'EQ', 'input', '', 2, 'admin', '2026-01-21 00:36:00', '', NULL);
INSERT INTO `gen_table_column` VALUES (86, 7, 'notice_type', '公告类型（1通知 2公告）', 'char(1)', 'String', 'noticeType', '0', '0', '1', '1', '1', '1', '1', 'EQ', 'select', '', 3, 'admin', '2026-01-21 00:36:00', '', NULL);
INSERT INTO `gen_table_column` VALUES (87, 7, 'notice_content', '公告内容', 'longblob', 'String', 'noticeContent', '0', '0', '0', '1', '1', '1', '1', 'EQ', 'editor', '', 4, 'admin', '2026-01-21 00:36:00', '', NULL);
INSERT INTO `gen_table_column` VALUES (88, 7, 'status', '公告状态（0正常 1关闭）', 'char(1)', 'String', 'status', '0', '0', '0', '1', '1', '1', '1', 'EQ', 'radio', '', 5, 'admin', '2026-01-21 00:36:00', '', NULL);
INSERT INTO `gen_table_column` VALUES (89, 7, 'create_by', '创建者', 'varchar(64)', 'String', 'createBy', '0', '0', '0', '1', NULL, NULL, NULL, 'EQ', 'input', '', 6, 'admin', '2026-01-21 00:36:00', '', NULL);
INSERT INTO `gen_table_column` VALUES (90, 7, 'create_time', '创建时间', 'datetime', 'Date', 'createTime', '0', '0', '0', '1', NULL, NULL, NULL, 'EQ', 'datetime', '', 7, 'admin', '2026-01-21 00:36:00', '', NULL);
INSERT INTO `gen_table_column` VALUES (91, 7, 'update_by', '更新者', 'varchar(64)', 'String', 'updateBy', '0', '0', '0', '1', '1', NULL, NULL, 'EQ', 'input', '', 8, 'admin', '2026-01-21 00:36:00', '', NULL);
INSERT INTO `gen_table_column` VALUES (92, 7, 'update_time', '更新时间', 'datetime', 'Date', 'updateTime', '0', '0', '0', '1', '1', NULL, NULL, 'EQ', 'datetime', '', 9, 'admin', '2026-01-21 00:36:00', '', NULL);
INSERT INTO `gen_table_column` VALUES (93, 7, 'remark', '备注', 'varchar(255)', 'String', 'remark', '0', '0', '0', '1', '1', '1', NULL, 'EQ', 'input', '', 10, 'admin', '2026-01-21 00:36:00', '', NULL);
INSERT INTO `gen_table_column` VALUES (94, 8, 'oper_id', '日志主键', 'bigint(20)', 'Long', 'operId', '1', '1', '0', '1', NULL, NULL, NULL, 'EQ', 'input', '', 1, 'admin', '2026-01-21 00:36:00', '', NULL);
INSERT INTO `gen_table_column` VALUES (95, 8, 'title', '模块标题', 'varchar(50)', 'String', 'title', '0', '0', '0', '1', '1', '1', '1', 'EQ', 'input', '', 2, 'admin', '2026-01-21 00:36:00', '', NULL);
INSERT INTO `gen_table_column` VALUES (96, 8, 'business_type', '业务类型（0其它 1新增 2修改 3删除）', 'int(2)', 'Integer', 'businessType', '0', '0', '0', '1', '1', '1', '1', 'EQ', 'select', '', 3, 'admin', '2026-01-21 00:36:00', '', NULL);
INSERT INTO `gen_table_column` VALUES (97, 8, 'method', '方法名称', 'varchar(200)', 'String', 'method', '0', '0', '0', '1', '1', '1', '1', 'EQ', 'input', '', 4, 'admin', '2026-01-21 00:36:00', '', NULL);
INSERT INTO `gen_table_column` VALUES (98, 8, 'request_method', '请求方式', 'varchar(10)', 'String', 'requestMethod', '0', '0', '0', '1', '1', '1', '1', 'EQ', 'input', '', 5, 'admin', '2026-01-21 00:36:00', '', NULL);
INSERT INTO `gen_table_column` VALUES (99, 8, 'operator_type', '操作类别（0其它 1后台用户 2手机端用户）', 'int(1)', 'Integer', 'operatorType', '0', '0', '0', '1', '1', '1', '1', 'EQ', 'select', '', 6, 'admin', '2026-01-21 00:36:00', '', NULL);
INSERT INTO `gen_table_column` VALUES (100, 8, 'oper_name', '操作人员', 'varchar(50)', 'String', 'operName', '0', '0', '0', '1', '1', '1', '1', 'LIKE', 'input', '', 7, 'admin', '2026-01-21 00:36:00', '', NULL);
INSERT INTO `gen_table_column` VALUES (101, 8, 'dept_name', '部门名称', 'varchar(50)', 'String', 'deptName', '0', '0', '0', '1', '1', '1', '1', 'LIKE', 'input', '', 8, 'admin', '2026-01-21 00:36:00', '', NULL);
INSERT INTO `gen_table_column` VALUES (102, 8, 'oper_url', '请求URL', 'varchar(255)', 'String', 'operUrl', '0', '0', '0', '1', '1', '1', '1', 'EQ', 'input', '', 9, 'admin', '2026-01-21 00:36:00', '', NULL);
INSERT INTO `gen_table_column` VALUES (103, 8, 'oper_ip', '主机地址', 'varchar(128)', 'String', 'operIp', '0', '0', '0', '1', '1', '1', '1', 'EQ', 'input', '', 10, 'admin', '2026-01-21 00:36:00', '', NULL);
INSERT INTO `gen_table_column` VALUES (104, 8, 'oper_location', '操作地点', 'varchar(255)', 'String', 'operLocation', '0', '0', '0', '1', '1', '1', '1', 'EQ', 'input', '', 11, 'admin', '2026-01-21 00:36:00', '', NULL);
INSERT INTO `gen_table_column` VALUES (105, 8, 'oper_param', '请求参数', 'varchar(2000)', 'String', 'operParam', '0', '0', '0', '1', '1', '1', '1', 'EQ', 'textarea', '', 12, 'admin', '2026-01-21 00:36:00', '', NULL);
INSERT INTO `gen_table_column` VALUES (106, 8, 'json_result', '返回参数', 'varchar(2000)', 'String', 'jsonResult', '0', '0', '0', '1', '1', '1', '1', 'EQ', 'textarea', '', 13, 'admin', '2026-01-21 00:36:00', '', NULL);
INSERT INTO `gen_table_column` VALUES (107, 8, 'status', '操作状态（0正常 1异常）', 'int(1)', 'Integer', 'status', '0', '0', '0', '1', '1', '1', '1', 'EQ', 'radio', '', 14, 'admin', '2026-01-21 00:36:00', '', NULL);
INSERT INTO `gen_table_column` VALUES (108, 8, 'error_msg', '错误消息', 'varchar(2000)', 'String', 'errorMsg', '0', '0', '0', '1', '1', '1', '1', 'EQ', 'textarea', '', 15, 'admin', '2026-01-21 00:36:00', '', NULL);
INSERT INTO `gen_table_column` VALUES (109, 8, 'oper_time', '操作时间', 'datetime', 'Date', 'operTime', '0', '0', '0', '1', '1', '1', '1', 'EQ', 'datetime', '', 16, 'admin', '2026-01-21 00:36:00', '', NULL);
INSERT INTO `gen_table_column` VALUES (110, 8, 'cost_time', '消耗时间', 'bigint(20)', 'Long', 'costTime', '0', '0', '0', '1', '1', '1', '1', 'EQ', 'input', '', 17, 'admin', '2026-01-21 00:36:00', '', NULL);
INSERT INTO `gen_table_column` VALUES (111, 9, 'post_id', '岗位ID', 'bigint(20)', 'Long', 'postId', '1', '1', '0', '1', NULL, NULL, NULL, 'EQ', 'input', '', 1, 'admin', '2026-01-21 00:36:00', '', NULL);
INSERT INTO `gen_table_column` VALUES (112, 9, 'post_code', '岗位编码', 'varchar(64)', 'String', 'postCode', '0', '0', '1', '1', '1', '1', '1', 'EQ', 'input', '', 2, 'admin', '2026-01-21 00:36:00', '', NULL);
INSERT INTO `gen_table_column` VALUES (113, 9, 'post_name', '岗位名称', 'varchar(50)', 'String', 'postName', '0', '0', '1', '1', '1', '1', '1', 'LIKE', 'input', '', 3, 'admin', '2026-01-21 00:36:00', '', NULL);
INSERT INTO `gen_table_column` VALUES (114, 9, 'post_sort', '显示顺序', 'int(4)', 'Integer', 'postSort', '0', '0', '1', '1', '1', '1', '1', 'EQ', 'input', '', 4, 'admin', '2026-01-21 00:36:00', '', NULL);
INSERT INTO `gen_table_column` VALUES (115, 9, 'status', '状态（0正常 1停用）', 'char(1)', 'String', 'status', '0', '0', '1', '1', '1', '1', '1', 'EQ', 'radio', '', 5, 'admin', '2026-01-21 00:36:00', '', NULL);
INSERT INTO `gen_table_column` VALUES (116, 9, 'create_by', '创建者', 'varchar(64)', 'String', 'createBy', '0', '0', '0', '1', NULL, NULL, NULL, 'EQ', 'input', '', 6, 'admin', '2026-01-21 00:36:00', '', NULL);
INSERT INTO `gen_table_column` VALUES (117, 9, 'create_time', '创建时间', 'datetime', 'Date', 'createTime', '0', '0', '0', '1', NULL, NULL, NULL, 'EQ', 'datetime', '', 7, 'admin', '2026-01-21 00:36:00', '', NULL);
INSERT INTO `gen_table_column` VALUES (118, 9, 'update_by', '更新者', 'varchar(64)', 'String', 'updateBy', '0', '0', '0', '1', '1', NULL, NULL, 'EQ', 'input', '', 8, 'admin', '2026-01-21 00:36:00', '', NULL);
INSERT INTO `gen_table_column` VALUES (119, 9, 'update_time', '更新时间', 'datetime', 'Date', 'updateTime', '0', '0', '0', '1', '1', NULL, NULL, 'EQ', 'datetime', '', 9, 'admin', '2026-01-21 00:36:00', '', NULL);
INSERT INTO `gen_table_column` VALUES (120, 9, 'remark', '备注', 'varchar(500)', 'String', 'remark', '0', '0', '0', '1', '1', '1', NULL, 'EQ', 'textarea', '', 10, 'admin', '2026-01-21 00:36:00', '', NULL);
INSERT INTO `gen_table_column` VALUES (121, 10, 'role_id', '角色ID', 'bigint(20)', 'Long', 'roleId', '1', '1', '0', '1', NULL, NULL, NULL, 'EQ', 'input', '', 1, 'admin', '2026-01-21 00:36:00', '', NULL);
INSERT INTO `gen_table_column` VALUES (122, 10, 'role_name', '角色名称', 'varchar(30)', 'String', 'roleName', '0', '0', '1', '1', '1', '1', '1', 'LIKE', 'input', '', 2, 'admin', '2026-01-21 00:36:00', '', NULL);
INSERT INTO `gen_table_column` VALUES (123, 10, 'role_key', '角色权限字符串', 'varchar(100)', 'String', 'roleKey', '0', '0', '1', '1', '1', '1', '1', 'EQ', 'input', '', 3, 'admin', '2026-01-21 00:36:00', '', NULL);
INSERT INTO `gen_table_column` VALUES (124, 10, 'role_sort', '显示顺序', 'int(4)', 'Integer', 'roleSort', '0', '0', '1', '1', '1', '1', '1', 'EQ', 'input', '', 4, 'admin', '2026-01-21 00:36:00', '', NULL);
INSERT INTO `gen_table_column` VALUES (125, 10, 'data_scope', '数据范围（1：全部数据权限 2：自定数据权限 3：本部门数据权限 4：本部门及以下数据权限）', 'char(1)', 'String', 'dataScope', '0', '0', '0', '1', '1', '1', '1', 'EQ', 'input', '', 5, 'admin', '2026-01-21 00:36:00', '', NULL);
INSERT INTO `gen_table_column` VALUES (126, 10, 'menu_check_strictly', '菜单树选择项是否关联显示', 'tinyint(1)', 'Integer', 'menuCheckStrictly', '0', '0', '0', '1', '1', '1', '1', 'EQ', 'input', '', 6, 'admin', '2026-01-21 00:36:00', '', NULL);
INSERT INTO `gen_table_column` VALUES (127, 10, 'dept_check_strictly', '部门树选择项是否关联显示', 'tinyint(1)', 'Integer', 'deptCheckStrictly', '0', '0', '0', '1', '1', '1', '1', 'EQ', 'input', '', 7, 'admin', '2026-01-21 00:36:00', '', NULL);
INSERT INTO `gen_table_column` VALUES (128, 10, 'status', '角色状态（0正常 1停用）', 'char(1)', 'String', 'status', '0', '0', '1', '1', '1', '1', '1', 'EQ', 'radio', '', 8, 'admin', '2026-01-21 00:36:00', '', NULL);
INSERT INTO `gen_table_column` VALUES (129, 10, 'del_flag', '删除标志（0代表存在 2代表删除）', 'char(1)', 'String', 'delFlag', '0', '0', '0', '1', NULL, NULL, NULL, 'EQ', 'input', '', 9, 'admin', '2026-01-21 00:36:00', '', NULL);
INSERT INTO `gen_table_column` VALUES (130, 10, 'create_by', '创建者', 'varchar(64)', 'String', 'createBy', '0', '0', '0', '1', NULL, NULL, NULL, 'EQ', 'input', '', 10, 'admin', '2026-01-21 00:36:00', '', NULL);
INSERT INTO `gen_table_column` VALUES (131, 10, 'create_time', '创建时间', 'datetime', 'Date', 'createTime', '0', '0', '0', '1', NULL, NULL, NULL, 'EQ', 'datetime', '', 11, 'admin', '2026-01-21 00:36:00', '', NULL);
INSERT INTO `gen_table_column` VALUES (132, 10, 'update_by', '更新者', 'varchar(64)', 'String', 'updateBy', '0', '0', '0', '1', '1', NULL, NULL, 'EQ', 'input', '', 12, 'admin', '2026-01-21 00:36:00', '', NULL);
INSERT INTO `gen_table_column` VALUES (133, 10, 'update_time', '更新时间', 'datetime', 'Date', 'updateTime', '0', '0', '0', '1', '1', NULL, NULL, 'EQ', 'datetime', '', 13, 'admin', '2026-01-21 00:36:00', '', NULL);
INSERT INTO `gen_table_column` VALUES (134, 10, 'remark', '备注', 'varchar(500)', 'String', 'remark', '0', '0', '0', '1', '1', '1', NULL, 'EQ', 'textarea', '', 14, 'admin', '2026-01-21 00:36:00', '', NULL);
INSERT INTO `gen_table_column` VALUES (135, 11, 'dept_id', '部门id', 'bigint(20)', 'Long', 'deptId', '1', '1', '0', '1', NULL, NULL, NULL, 'EQ', 'input', '', 1, 'admin', '2026-01-21 00:36:06', '', '2026-01-21 15:02:55');
INSERT INTO `gen_table_column` VALUES (136, 11, 'parent_id', '父部门id', 'bigint(20)', 'Long', 'parentId', '0', '0', '0', '1', '1', '1', '1', 'EQ', 'input', '', 2, 'admin', '2026-01-21 00:36:06', '', '2026-01-21 15:02:55');
INSERT INTO `gen_table_column` VALUES (137, 11, 'ancestors', '祖级列表', 'varchar(50)', 'String', 'ancestors', '0', '0', '0', '1', '1', '1', '1', 'EQ', 'input', '', 3, 'admin', '2026-01-21 00:36:06', '', '2026-01-21 15:02:55');
INSERT INTO `gen_table_column` VALUES (138, 11, 'dept_name', '部门名称', 'varchar(30)', 'String', 'deptName', '0', '0', '0', '1', '1', '1', '1', 'LIKE', 'input', '', 4, 'admin', '2026-01-21 00:36:06', '', '2026-01-21 15:02:55');
INSERT INTO `gen_table_column` VALUES (139, 11, 'order_num', '显示顺序', 'int(4)', 'Integer', 'orderNum', '0', '0', '0', '1', '1', '1', '1', 'EQ', 'input', '', 5, 'admin', '2026-01-21 00:36:06', '', '2026-01-21 15:02:55');
INSERT INTO `gen_table_column` VALUES (140, 11, 'leader', '负责人', 'varchar(20)', 'String', 'leader', '0', '0', '0', '1', '1', '1', '1', 'EQ', 'input', '', 6, 'admin', '2026-01-21 00:36:06', '', '2026-01-21 15:02:55');
INSERT INTO `gen_table_column` VALUES (141, 11, 'phone', '联系电话', 'varchar(11)', 'String', 'phone', '0', '0', '0', '1', '1', '1', '1', 'EQ', 'input', '', 7, 'admin', '2026-01-21 00:36:06', '', '2026-01-21 15:02:55');
INSERT INTO `gen_table_column` VALUES (142, 11, 'email', '邮箱', 'varchar(50)', 'String', 'email', '0', '0', '0', '1', '1', '1', '1', 'EQ', 'input', '', 8, 'admin', '2026-01-21 00:36:06', '', '2026-01-21 15:02:55');
INSERT INTO `gen_table_column` VALUES (143, 11, 'status', '部门状态（0正常 1停用）', 'char(1)', 'String', 'status', '0', '0', '0', '1', '1', '1', '1', 'EQ', 'radio', '', 9, 'admin', '2026-01-21 00:36:06', '', '2026-01-21 15:02:55');
INSERT INTO `gen_table_column` VALUES (144, 11, 'del_flag', '删除标志（0代表存在 2代表删除）', 'char(1)', 'String', 'delFlag', '0', '0', '0', '1', NULL, NULL, NULL, 'EQ', 'input', '', 10, 'admin', '2026-01-21 00:36:06', '', '2026-01-21 15:02:55');
INSERT INTO `gen_table_column` VALUES (145, 11, 'create_by', '创建者', 'varchar(64)', 'String', 'createBy', '0', '0', '0', '1', NULL, NULL, NULL, 'EQ', 'input', '', 11, 'admin', '2026-01-21 00:36:06', '', '2026-01-21 15:02:55');
INSERT INTO `gen_table_column` VALUES (146, 11, 'create_time', '创建时间', 'datetime', 'Date', 'createTime', '0', '0', '0', '1', NULL, NULL, NULL, 'EQ', 'datetime', '', 12, 'admin', '2026-01-21 00:36:06', '', '2026-01-21 15:02:55');
INSERT INTO `gen_table_column` VALUES (147, 11, 'update_by', '更新者', 'varchar(64)', 'String', 'updateBy', '0', '0', '0', '1', '1', NULL, NULL, 'EQ', 'input', '', 13, 'admin', '2026-01-21 00:36:06', '', '2026-01-21 15:02:55');
INSERT INTO `gen_table_column` VALUES (148, 11, 'update_time', '更新时间', 'datetime', 'Date', 'updateTime', '0', '0', '0', '1', '1', NULL, NULL, 'EQ', 'datetime', '', 14, 'admin', '2026-01-21 00:36:06', '', '2026-01-21 15:02:55');
INSERT INTO `gen_table_column` VALUES (149, 12, 'dict_code', '字典编码', 'bigint(20)', 'Long', 'dictCode', '1', '1', '0', '1', NULL, NULL, NULL, 'EQ', 'input', '', 1, 'admin', '2026-01-21 00:36:06', '', NULL);
INSERT INTO `gen_table_column` VALUES (150, 12, 'dict_sort', '字典排序', 'int(4)', 'Integer', 'dictSort', '0', '0', '0', '1', '1', '1', '1', 'EQ', 'input', '', 2, 'admin', '2026-01-21 00:36:06', '', NULL);
INSERT INTO `gen_table_column` VALUES (151, 12, 'dict_label', '字典标签', 'varchar(100)', 'String', 'dictLabel', '0', '0', '0', '1', '1', '1', '1', 'EQ', 'input', '', 3, 'admin', '2026-01-21 00:36:06', '', NULL);
INSERT INTO `gen_table_column` VALUES (152, 12, 'dict_value', '字典键值', 'varchar(100)', 'String', 'dictValue', '0', '0', '0', '1', '1', '1', '1', 'EQ', 'input', '', 4, 'admin', '2026-01-21 00:36:06', '', NULL);
INSERT INTO `gen_table_column` VALUES (153, 12, 'dict_type', '字典类型', 'varchar(100)', 'String', 'dictType', '0', '0', '0', '1', '1', '1', '1', 'EQ', 'select', '', 5, 'admin', '2026-01-21 00:36:06', '', NULL);
INSERT INTO `gen_table_column` VALUES (154, 12, 'css_class', '样式属性（其他样式扩展）', 'varchar(100)', 'String', 'cssClass', '0', '0', '0', '1', '1', '1', '1', 'EQ', 'input', '', 6, 'admin', '2026-01-21 00:36:06', '', NULL);
INSERT INTO `gen_table_column` VALUES (155, 12, 'list_class', '表格回显样式', 'varchar(100)', 'String', 'listClass', '0', '0', '0', '1', '1', '1', '1', 'EQ', 'input', '', 7, 'admin', '2026-01-21 00:36:06', '', NULL);
INSERT INTO `gen_table_column` VALUES (156, 12, 'is_default', '是否默认（Y是 N否）', 'char(1)', 'String', 'isDefault', '0', '0', '0', '1', '1', '1', '1', 'EQ', 'input', '', 8, 'admin', '2026-01-21 00:36:06', '', NULL);
INSERT INTO `gen_table_column` VALUES (157, 12, 'status', '状态（0正常 1停用）', 'char(1)', 'String', 'status', '0', '0', '0', '1', '1', '1', '1', 'EQ', 'radio', '', 9, 'admin', '2026-01-21 00:36:06', '', NULL);
INSERT INTO `gen_table_column` VALUES (158, 12, 'create_by', '创建者', 'varchar(64)', 'String', 'createBy', '0', '0', '0', '1', NULL, NULL, NULL, 'EQ', 'input', '', 10, 'admin', '2026-01-21 00:36:06', '', NULL);
INSERT INTO `gen_table_column` VALUES (159, 12, 'create_time', '创建时间', 'datetime', 'Date', 'createTime', '0', '0', '0', '1', NULL, NULL, NULL, 'EQ', 'datetime', '', 11, 'admin', '2026-01-21 00:36:06', '', NULL);
INSERT INTO `gen_table_column` VALUES (160, 12, 'update_by', '更新者', 'varchar(64)', 'String', 'updateBy', '0', '0', '0', '1', '1', NULL, NULL, 'EQ', 'input', '', 12, 'admin', '2026-01-21 00:36:06', '', NULL);
INSERT INTO `gen_table_column` VALUES (161, 12, 'update_time', '更新时间', 'datetime', 'Date', 'updateTime', '0', '0', '0', '1', '1', NULL, NULL, 'EQ', 'datetime', '', 13, 'admin', '2026-01-21 00:36:06', '', NULL);
INSERT INTO `gen_table_column` VALUES (162, 12, 'remark', '备注', 'varchar(500)', 'String', 'remark', '0', '0', '0', '1', '1', '1', NULL, 'EQ', 'textarea', '', 14, 'admin', '2026-01-21 00:36:06', '', NULL);
INSERT INTO `gen_table_column` VALUES (163, 13, 'dict_id', '字典主键', 'bigint(20)', 'Long', 'dictId', '1', '1', '0', '1', NULL, NULL, NULL, 'EQ', 'input', '', 1, 'admin', '2026-01-21 00:36:06', '', NULL);
INSERT INTO `gen_table_column` VALUES (164, 13, 'dict_name', '字典名称', 'varchar(100)', 'String', 'dictName', '0', '0', '0', '1', '1', '1', '1', 'LIKE', 'input', '', 2, 'admin', '2026-01-21 00:36:06', '', NULL);
INSERT INTO `gen_table_column` VALUES (165, 13, 'dict_type', '字典类型', 'varchar(100)', 'String', 'dictType', '0', '0', '0', '1', '1', '1', '1', 'EQ', 'select', '', 3, 'admin', '2026-01-21 00:36:06', '', NULL);
INSERT INTO `gen_table_column` VALUES (166, 13, 'status', '状态（0正常 1停用）', 'char(1)', 'String', 'status', '0', '0', '0', '1', '1', '1', '1', 'EQ', 'radio', '', 4, 'admin', '2026-01-21 00:36:06', '', NULL);
INSERT INTO `gen_table_column` VALUES (167, 13, 'create_by', '创建者', 'varchar(64)', 'String', 'createBy', '0', '0', '0', '1', NULL, NULL, NULL, 'EQ', 'input', '', 5, 'admin', '2026-01-21 00:36:06', '', NULL);
INSERT INTO `gen_table_column` VALUES (168, 13, 'create_time', '创建时间', 'datetime', 'Date', 'createTime', '0', '0', '0', '1', NULL, NULL, NULL, 'EQ', 'datetime', '', 6, 'admin', '2026-01-21 00:36:06', '', NULL);
INSERT INTO `gen_table_column` VALUES (169, 13, 'update_by', '更新者', 'varchar(64)', 'String', 'updateBy', '0', '0', '0', '1', '1', NULL, NULL, 'EQ', 'input', '', 7, 'admin', '2026-01-21 00:36:06', '', NULL);
INSERT INTO `gen_table_column` VALUES (170, 13, 'update_time', '更新时间', 'datetime', 'Date', 'updateTime', '0', '0', '0', '1', '1', NULL, NULL, 'EQ', 'datetime', '', 8, 'admin', '2026-01-21 00:36:06', '', NULL);
INSERT INTO `gen_table_column` VALUES (171, 13, 'remark', '备注', 'varchar(500)', 'String', 'remark', '0', '0', '0', '1', '1', '1', NULL, 'EQ', 'textarea', '', 9, 'admin', '2026-01-21 00:36:06', '', NULL);
INSERT INTO `gen_table_column` VALUES (172, 14, 'job_id', '任务ID', 'bigint(20)', 'Long', 'jobId', '1', '1', '0', '1', NULL, NULL, NULL, 'EQ', 'input', '', 1, 'admin', '2026-01-21 00:36:06', '', NULL);
INSERT INTO `gen_table_column` VALUES (173, 14, 'job_name', '任务名称', 'varchar(64)', 'String', 'jobName', '1', '0', '0', '1', NULL, NULL, NULL, 'LIKE', 'input', '', 2, 'admin', '2026-01-21 00:36:06', '', NULL);
INSERT INTO `gen_table_column` VALUES (174, 14, 'job_group', '任务组名', 'varchar(64)', 'String', 'jobGroup', '1', '0', '0', '1', NULL, NULL, NULL, 'EQ', 'input', '', 3, 'admin', '2026-01-21 00:36:06', '', NULL);
INSERT INTO `gen_table_column` VALUES (175, 14, 'invoke_target', '调用目标字符串', 'varchar(500)', 'String', 'invokeTarget', '0', '0', '1', '1', '1', '1', '1', 'EQ', 'textarea', '', 4, 'admin', '2026-01-21 00:36:06', '', NULL);
INSERT INTO `gen_table_column` VALUES (176, 14, 'cron_expression', 'cron执行表达式', 'varchar(255)', 'String', 'cronExpression', '0', '0', '0', '1', '1', '1', '1', 'EQ', 'input', '', 5, 'admin', '2026-01-21 00:36:06', '', NULL);
INSERT INTO `gen_table_column` VALUES (177, 14, 'misfire_policy', '计划执行错误策略（1立即执行 2执行一次 3放弃执行）', 'varchar(20)', 'String', 'misfirePolicy', '0', '0', '0', '1', '1', '1', '1', 'EQ', 'input', '', 6, 'admin', '2026-01-21 00:36:06', '', NULL);
INSERT INTO `gen_table_column` VALUES (178, 14, 'concurrent', '是否并发执行（0允许 1禁止）', 'char(1)', 'String', 'concurrent', '0', '0', '0', '1', '1', '1', '1', 'EQ', 'input', '', 7, 'admin', '2026-01-21 00:36:06', '', NULL);
INSERT INTO `gen_table_column` VALUES (179, 14, 'status', '状态（0正常 1暂停）', 'char(1)', 'String', 'status', '0', '0', '0', '1', '1', '1', '1', 'EQ', 'radio', '', 8, 'admin', '2026-01-21 00:36:07', '', NULL);
INSERT INTO `gen_table_column` VALUES (180, 14, 'create_by', '创建者', 'varchar(64)', 'String', 'createBy', '0', '0', '0', '1', NULL, NULL, NULL, 'EQ', 'input', '', 9, 'admin', '2026-01-21 00:36:07', '', NULL);
INSERT INTO `gen_table_column` VALUES (181, 14, 'create_time', '创建时间', 'datetime', 'Date', 'createTime', '0', '0', '0', '1', NULL, NULL, NULL, 'EQ', 'datetime', '', 10, 'admin', '2026-01-21 00:36:07', '', NULL);
INSERT INTO `gen_table_column` VALUES (182, 14, 'update_by', '更新者', 'varchar(64)', 'String', 'updateBy', '0', '0', '0', '1', '1', NULL, NULL, 'EQ', 'input', '', 11, 'admin', '2026-01-21 00:36:07', '', NULL);
INSERT INTO `gen_table_column` VALUES (183, 14, 'update_time', '更新时间', 'datetime', 'Date', 'updateTime', '0', '0', '0', '1', '1', NULL, NULL, 'EQ', 'datetime', '', 12, 'admin', '2026-01-21 00:36:07', '', NULL);
INSERT INTO `gen_table_column` VALUES (184, 14, 'remark', '备注信息', 'varchar(500)', 'String', 'remark', '0', '0', '0', '1', '1', '1', NULL, 'EQ', 'textarea', '', 13, 'admin', '2026-01-21 00:36:07', '', NULL);
INSERT INTO `gen_table_column` VALUES (185, 15, 'job_log_id', '任务日志ID', 'bigint(20)', 'Long', 'jobLogId', '1', '1', '0', '1', NULL, NULL, NULL, 'EQ', 'input', '', 1, 'admin', '2026-01-21 00:36:07', '', '2026-01-21 15:01:28');
INSERT INTO `gen_table_column` VALUES (186, 15, 'job_name', '任务名称', 'varchar(64)', 'String', 'jobName', '0', '0', '1', '1', '1', '1', '1', 'LIKE', 'input', '', 2, 'admin', '2026-01-21 00:36:07', '', '2026-01-21 15:01:28');
INSERT INTO `gen_table_column` VALUES (187, 15, 'job_group', '任务组名', 'varchar(64)', 'String', 'jobGroup', '0', '0', '1', '1', '1', '1', '1', 'EQ', 'input', '', 3, 'admin', '2026-01-21 00:36:07', '', '2026-01-21 15:01:28');
INSERT INTO `gen_table_column` VALUES (188, 15, 'invoke_target', '调用目标字符串', 'varchar(500)', 'String', 'invokeTarget', '0', '0', '1', '1', '1', '1', '1', 'EQ', 'textarea', '', 4, 'admin', '2026-01-21 00:36:07', '', '2026-01-21 15:01:28');
INSERT INTO `gen_table_column` VALUES (189, 15, 'job_message', '日志信息', 'varchar(500)', 'String', 'jobMessage', '0', '0', '0', '1', '1', '1', '1', 'EQ', 'textarea', '', 5, 'admin', '2026-01-21 00:36:07', '', '2026-01-21 15:01:28');
INSERT INTO `gen_table_column` VALUES (190, 15, 'status', '执行状态（0正常 1失败）', 'char(1)', 'String', 'status', '0', '0', '0', '1', '1', '1', '1', 'EQ', 'radio', '', 6, 'admin', '2026-01-21 00:36:07', '', '2026-01-21 15:01:28');
INSERT INTO `gen_table_column` VALUES (191, 15, 'exception_info', '异常信息', 'varchar(2000)', 'String', 'exceptionInfo', '0', '0', '0', '1', '1', '1', '1', 'EQ', 'textarea', '', 7, 'admin', '2026-01-21 00:36:07', '', '2026-01-21 15:01:28');
INSERT INTO `gen_table_column` VALUES (192, 15, 'create_time', '创建时间', 'datetime', 'Date', 'createTime', '0', '0', '0', '1', NULL, NULL, NULL, 'EQ', 'datetime', '', 8, 'admin', '2026-01-21 00:36:07', '', '2026-01-21 15:01:28');
INSERT INTO `gen_table_column` VALUES (193, 16, 'id', '主键ID', 'bigint(20)', 'Long', 'id', '1', '1', '0', '1', NULL, NULL, NULL, 'EQ', 'input', '', 1, 'admin', '2026-01-21 00:36:07', '', '2026-01-21 13:38:17');
INSERT INTO `gen_table_column` VALUES (194, 16, 'role_id', '角色ID', 'bigint(20)', 'Long', 'roleId', '0', '0', '1', '1', '1', '1', '1', 'EQ', 'input', '', 2, 'admin', '2026-01-21 00:36:07', '', '2026-01-21 13:38:17');
INSERT INTO `gen_table_column` VALUES (195, 16, 'dept_id', '部门ID', 'bigint(20)', 'Long', 'deptId', '0', '0', '1', '1', '1', '1', '1', 'EQ', 'input', '', 3, 'admin', '2026-01-21 00:36:07', '', '2026-01-21 13:38:17');
INSERT INTO `gen_table_column` VALUES (196, 17, 'id', '主键ID', 'bigint(20)', 'Long', 'id', '1', '1', '0', '1', NULL, NULL, NULL, 'EQ', 'input', '', 1, 'admin', '2026-01-21 00:36:07', '', '2026-01-21 15:01:45');
INSERT INTO `gen_table_column` VALUES (197, 17, 'role_id', '角色ID', 'bigint(20)', 'Long', 'roleId', '0', '0', '1', '1', '1', '1', '1', 'EQ', 'input', '', 2, 'admin', '2026-01-21 00:36:07', '', '2026-01-21 15:01:45');
INSERT INTO `gen_table_column` VALUES (198, 17, 'menu_id', '菜单ID', 'bigint(20)', 'Long', 'menuId', '0', '0', '1', '1', '1', '1', '1', 'EQ', 'input', '', 3, 'admin', '2026-01-21 00:36:07', '', '2026-01-21 15:01:45');
INSERT INTO `gen_table_column` VALUES (199, 18, 'user_id', '用户ID', 'bigint(20)', 'Long', 'userId', '1', '1', '0', '1', NULL, NULL, NULL, 'EQ', 'input', '', 1, 'admin', '2026-01-21 00:36:07', '', '2026-01-21 11:21:33');
INSERT INTO `gen_table_column` VALUES (200, 18, 'dept_id', '部门ID', 'bigint(20)', 'Long', 'deptId', '0', '0', '0', '1', '1', '1', '1', 'EQ', 'input', '', 2, 'admin', '2026-01-21 00:36:07', '', '2026-01-21 11:21:33');
INSERT INTO `gen_table_column` VALUES (201, 18, 'user_name', '用户账号', 'varchar(30)', 'String', 'userName', '0', '0', '1', '1', '1', '1', '1', 'LIKE', 'input', '', 3, 'admin', '2026-01-21 00:36:07', '', '2026-01-21 11:21:33');
INSERT INTO `gen_table_column` VALUES (202, 18, 'nick_name', '用户昵称', 'varchar(30)', 'String', 'nickName', '0', '0', '1', '1', '1', '1', '1', 'LIKE', 'input', '', 4, 'admin', '2026-01-21 00:36:07', '', '2026-01-21 11:21:33');
INSERT INTO `gen_table_column` VALUES (203, 18, 'user_type', '用户类型（00系统用户）', 'varchar(2)', 'String', 'userType', '0', '0', '0', '1', '1', '1', '1', 'EQ', 'select', '', 5, 'admin', '2026-01-21 00:36:07', '', '2026-01-21 11:21:33');
INSERT INTO `gen_table_column` VALUES (204, 18, 'email', '用户邮箱', 'varchar(50)', 'String', 'email', '0', '0', '0', '1', '1', '1', '1', 'EQ', 'input', '', 6, 'admin', '2026-01-21 00:36:07', '', '2026-01-21 11:21:33');
INSERT INTO `gen_table_column` VALUES (205, 18, 'phonenumber', '手机号码', 'varchar(11)', 'String', 'phonenumber', '0', '0', '0', '1', '1', '1', '1', 'EQ', 'input', '', 7, 'admin', '2026-01-21 00:36:07', '', '2026-01-21 11:21:33');
INSERT INTO `gen_table_column` VALUES (206, 18, 'sex', '用户性别（0男 1女 2未知）', 'char(1)', 'String', 'sex', '0', '0', '0', '1', '1', '1', '1', 'EQ', 'select', 'sys_user_sex', 8, 'admin', '2026-01-21 00:36:07', '', '2026-01-21 11:21:33');
INSERT INTO `gen_table_column` VALUES (207, 18, 'avatar', '头像地址', 'varchar(500)', 'String', 'avatar', '0', '0', '0', '1', '1', '1', '1', 'EQ', 'textarea', '', 9, 'admin', '2026-01-21 00:36:07', '', '2026-01-21 11:21:33');
INSERT INTO `gen_table_column` VALUES (208, 18, 'password', '密码', 'varchar(100)', 'String', 'password', '0', '0', '0', '1', '1', '1', '1', 'EQ', 'input', '', 10, 'admin', '2026-01-21 00:36:07', '', '2026-01-21 11:21:33');
INSERT INTO `gen_table_column` VALUES (209, 18, 'status', '账号状态（0正常 1停用）', 'char(1)', 'String', 'status', '0', '0', '0', '1', '1', '1', '1', 'EQ', 'radio', 'sys_common_status', 11, 'admin', '2026-01-21 00:36:07', '', '2026-01-21 11:21:33');
INSERT INTO `gen_table_column` VALUES (210, 18, 'del_flag', '删除标志（0代表存在 2代表删除）', 'char(1)', 'String', 'delFlag', '0', '0', '0', '1', NULL, NULL, NULL, 'EQ', 'input', 'is_delete_status', 12, 'admin', '2026-01-21 00:36:07', '', '2026-01-21 11:21:33');
INSERT INTO `gen_table_column` VALUES (211, 18, 'login_ip', '最后登录IP', 'varchar(128)', 'String', 'loginIp', '0', '0', '0', '1', '1', '1', '1', 'EQ', 'input', '', 13, 'admin', '2026-01-21 00:36:07', '', '2026-01-21 11:21:33');
INSERT INTO `gen_table_column` VALUES (212, 18, 'login_date', '最后登录时间', 'datetime', 'Date', 'loginDate', '0', '0', '0', '1', '1', '1', '1', 'EQ', 'datetime', '', 14, 'admin', '2026-01-21 00:36:07', '', '2026-01-21 11:21:33');
INSERT INTO `gen_table_column` VALUES (213, 18, 'pwd_update_date', '密码最后更新时间', 'datetime', 'Date', 'pwdUpdateDate', '0', '0', '0', '1', '1', '1', '1', 'EQ', 'datetime', '', 15, 'admin', '2026-01-21 00:36:07', '', '2026-01-21 11:21:33');
INSERT INTO `gen_table_column` VALUES (214, 18, 'create_by', '创建者', 'varchar(64)', 'String', 'createBy', '0', '0', '0', '1', NULL, NULL, NULL, 'EQ', 'input', '', 16, 'admin', '2026-01-21 00:36:07', '', '2026-01-21 11:21:33');
INSERT INTO `gen_table_column` VALUES (215, 18, 'create_time', '创建时间', 'datetime', 'Date', 'createTime', '0', '0', '0', '1', NULL, NULL, NULL, 'EQ', 'datetime', '', 17, 'admin', '2026-01-21 00:36:07', '', '2026-01-21 11:21:33');
INSERT INTO `gen_table_column` VALUES (216, 18, 'update_by', '更新者', 'varchar(64)', 'String', 'updateBy', '0', '0', '0', '1', '1', NULL, NULL, 'EQ', 'input', '', 18, 'admin', '2026-01-21 00:36:07', '', '2026-01-21 11:21:33');
INSERT INTO `gen_table_column` VALUES (217, 18, 'update_time', '更新时间', 'datetime', 'Date', 'updateTime', '0', '0', '0', '1', '1', NULL, NULL, 'EQ', 'datetime', '', 19, 'admin', '2026-01-21 00:36:07', '', '2026-01-21 11:21:33');
INSERT INTO `gen_table_column` VALUES (218, 18, 'remark', '备注', 'varchar(500)', 'String', 'remark', '0', '0', '0', '1', '1', '1', NULL, 'EQ', 'textarea', '', 20, 'admin', '2026-01-21 00:36:07', '', '2026-01-21 11:21:33');
INSERT INTO `gen_table_column` VALUES (219, 19, 'id', '主键ID', 'bigint(20)', 'Long', 'id', '1', '1', '0', '1', NULL, NULL, NULL, 'EQ', 'input', '', 1, 'admin', '2026-01-21 00:36:07', '', '2026-01-21 15:02:00');
INSERT INTO `gen_table_column` VALUES (220, 19, 'user_id', '用户ID', 'bigint(20)', 'Long', 'userId', '0', '0', '1', '1', '1', '1', '1', 'EQ', 'input', '', 2, 'admin', '2026-01-21 00:36:07', '', '2026-01-21 15:02:00');
INSERT INTO `gen_table_column` VALUES (221, 19, 'post_id', '岗位ID', 'bigint(20)', 'Long', 'postId', '0', '0', '1', '1', '1', '1', '1', 'EQ', 'input', '', 3, 'admin', '2026-01-21 00:36:07', '', '2026-01-21 15:02:00');
INSERT INTO `gen_table_column` VALUES (222, 20, 'id', '主键ID', 'bigint(20)', 'Long', 'id', '1', '1', '0', '1', NULL, NULL, NULL, 'EQ', 'input', '', 1, 'admin', '2026-01-21 00:36:07', '', '2026-01-21 15:02:07');
INSERT INTO `gen_table_column` VALUES (223, 20, 'user_id', '用户ID', 'bigint(20)', 'Long', 'userId', '0', '0', '1', '1', '1', '1', '1', 'EQ', 'input', '', 2, 'admin', '2026-01-21 00:36:07', '', '2026-01-21 15:02:07');
INSERT INTO `gen_table_column` VALUES (224, 20, 'role_id', '角色ID', 'bigint(20)', 'Long', 'roleId', '0', '0', '1', '1', '1', '1', '1', 'EQ', 'input', '', 3, 'admin', '2026-01-21 00:36:07', '', '2026-01-21 15:02:07');

-- ----------------------------
-- Table structure for sys_dept
-- ----------------------------
DROP TABLE IF EXISTS `sys_dept`;
CREATE TABLE `sys_dept`  (
  `dept_id` bigint(20) NOT NULL AUTO_INCREMENT COMMENT '部门id',
  `parent_id` bigint(20) NULL DEFAULT 0 COMMENT '父部门id',
  `ancestors` varchar(50) CHARACTER SET utf8mb4 COLLATE utf8mb4_unicode_ci NULL DEFAULT '' COMMENT '祖级列表',
  `dept_name` varchar(30) CHARACTER SET utf8mb4 COLLATE utf8mb4_unicode_ci NULL DEFAULT '' COMMENT '部门名称',
  `order_num` int(4) NULL DEFAULT 0 COMMENT '显示顺序',
  `leader` varchar(20) CHARACTER SET utf8mb4 COLLATE utf8mb4_unicode_ci NULL DEFAULT NULL COMMENT '负责人',
  `phone` varchar(11) CHARACTER SET utf8mb4 COLLATE utf8mb4_unicode_ci NULL DEFAULT NULL COMMENT '联系电话',
  `email` varchar(50) CHARACTER SET utf8mb4 COLLATE utf8mb4_unicode_ci NULL DEFAULT NULL COMMENT '邮箱',
  `status` char(1) CHARACTER SET utf8mb4 COLLATE utf8mb4_unicode_ci NULL DEFAULT '0' COMMENT '部门状态（0正常 1停用）',
  `del_flag` char(1) CHARACTER SET utf8mb4 COLLATE utf8mb4_unicode_ci NULL DEFAULT '0' COMMENT '删除标志（0代表存在 2代表删除）',
  `create_by` varchar(64) CHARACTER SET utf8mb4 COLLATE utf8mb4_unicode_ci NULL DEFAULT '' COMMENT '创建者',
  `create_time` datetime(0) NULL DEFAULT NULL COMMENT '创建时间',
  `update_by` varchar(64) CHARACTER SET utf8mb4 COLLATE utf8mb4_unicode_ci NULL DEFAULT '' COMMENT '更新者',
  `update_time` datetime(0) NULL DEFAULT NULL COMMENT '更新时间',
  PRIMARY KEY (`dept_id`) USING BTREE
) ENGINE = InnoDB AUTO_INCREMENT = 112 CHARACTER SET = utf8mb4 COLLATE = utf8mb4_unicode_ci COMMENT = '部门表' ROW_FORMAT = Dynamic;

-- ----------------------------
-- Records of sys_dept
-- ----------------------------
INSERT INTO `sys_dept` VALUES (100, 0, '0', '星枢科技', 0, '星枢', '18834581124', '	\r\n18834581124@163.com', '0', '0', 'admin', '2025-12-28 13:46:34', 'admin', '2025-12-29 20:57:13');
INSERT INTO `sys_dept` VALUES (101, 100, '0,100', '深圳总公司', 1, '星枢', '18834581124', '	\r\n18834581124@163.com', '0', '0', 'admin', '2025-12-28 13:46:34', '', NULL);
INSERT INTO `sys_dept` VALUES (102, 100, '0,100', '长沙分公司', 2, '星枢', '18834581124', '	\r\n	\r\n18834581124@163.com', '0', '0', 'admin', '2025-12-28 13:46:34', '', NULL);
INSERT INTO `sys_dept` VALUES (103, 101, '0,100,101', '研发部门', 1, '星枢', '18834581124', '	\r\n18834581124@163.com', '0', '0', 'admin', '2025-12-28 13:46:34', '', NULL);
INSERT INTO `sys_dept` VALUES (104, 101, '0,100,101', '市场部门', 2, '星枢', '18834581124', '	\r\n18834581124@163.com', '0', '0', 'admin', '2025-12-28 13:46:34', '', NULL);
INSERT INTO `sys_dept` VALUES (105, 101, '0,100,101', '测试部门', 3, '星枢', '18834581124', '	\r\n18834581124@163.com', '0', '0', 'admin', '2025-12-28 13:46:34', '', NULL);
INSERT INTO `sys_dept` VALUES (106, 101, '0,100,101', '财务部门', 4, '星枢', '18834581124', '	\r\n18834581124@163.com', '0', '0', 'admin', '2025-12-28 13:46:34', '', NULL);
INSERT INTO `sys_dept` VALUES (107, 101, '0,100,101', '运维部门', 5, '星枢', '18834581124', '	\r\n18834581124@163.com', '0', '0', 'admin', '2025-12-28 13:46:34', '', NULL);
INSERT INTO `sys_dept` VALUES (108, 102, '0,100,102', '市场部门', 1, '星枢', '18834581124', '18834581124@163.com', '0', '0', 'admin', '2025-12-28 13:46:34', '', NULL);
INSERT INTO `sys_dept` VALUES (109, 102, '0,100,102', '财务部门', 2, '星枢', '18834581124', '	\r\n18834581124@163.com', '0', '0', 'admin', '2025-12-28 13:46:34', '', NULL);
INSERT INTO `sys_dept` VALUES (110, 100, '0,100', '山西分公司', 3, '星枢', '18834581124', '18834581124@163.com', '0', '0', 'admin', '2026-01-20 12:52:02', 'admin', '2026-01-20 12:53:11');
INSERT INTO `sys_dept` VALUES (111, 110, '0,100,110', '人事部', 1, '星枢', '18834581124', '18834581124@163.com', '0', '0', 'admin', '2026-01-20 12:52:49', 'admin', '2026-01-20 12:53:15');

-- ----------------------------
-- Table structure for sys_dict_data
-- ----------------------------
DROP TABLE IF EXISTS `sys_dict_data`;
CREATE TABLE `sys_dict_data`  (
  `dict_code` bigint(20) NOT NULL AUTO_INCREMENT COMMENT '字典编码',
  `dict_sort` int(4) NULL DEFAULT 0 COMMENT '字典排序',
  `dict_label` varchar(100) CHARACTER SET utf8mb4 COLLATE utf8mb4_unicode_ci NULL DEFAULT '' COMMENT '字典标签',
  `dict_value` varchar(100) CHARACTER SET utf8mb4 COLLATE utf8mb4_unicode_ci NULL DEFAULT '' COMMENT '字典键值',
  `dict_type` varchar(100) CHARACTER SET utf8mb4 COLLATE utf8mb4_unicode_ci NULL DEFAULT '' COMMENT '字典类型',
  `css_class` varchar(100) CHARACTER SET utf8mb4 COLLATE utf8mb4_unicode_ci NULL DEFAULT NULL COMMENT '样式属性（其他样式扩展）',
  `list_class` varchar(100) CHARACTER SET utf8mb4 COLLATE utf8mb4_unicode_ci NULL DEFAULT NULL COMMENT '表格回显样式',
  `is_default` char(1) CHARACTER SET utf8mb4 COLLATE utf8mb4_unicode_ci NULL DEFAULT 'N' COMMENT '是否默认（Y是 N否）',
  `status` char(1) CHARACTER SET utf8mb4 COLLATE utf8mb4_unicode_ci NULL DEFAULT '0' COMMENT '状态（0正常 1停用）',
  `create_by` varchar(64) CHARACTER SET utf8mb4 COLLATE utf8mb4_unicode_ci NULL DEFAULT '' COMMENT '创建者',
  `create_time` datetime(0) NULL DEFAULT NULL COMMENT '创建时间',
  `update_by` varchar(64) CHARACTER SET utf8mb4 COLLATE utf8mb4_unicode_ci NULL DEFAULT '' COMMENT '更新者',
  `update_time` datetime(0) NULL DEFAULT NULL COMMENT '更新时间',
  `remark` varchar(500) CHARACTER SET utf8mb4 COLLATE utf8mb4_unicode_ci NULL DEFAULT NULL COMMENT '备注',
  PRIMARY KEY (`dict_code`) USING BTREE
) ENGINE = InnoDB AUTO_INCREMENT = 102 CHARACTER SET = utf8mb4 COLLATE = utf8mb4_unicode_ci COMMENT = '字典数据表' ROW_FORMAT = Dynamic;

-- ----------------------------
-- Records of sys_dict_data
-- ----------------------------
INSERT INTO `sys_dict_data` VALUES (1, 1, '男', '0', 'sys_user_sex', '', '', 'Y', '0', 'admin', '2025-12-28 13:46:34', '', NULL, '性别男');
INSERT INTO `sys_dict_data` VALUES (2, 2, '女', '1', 'sys_user_sex', '', '', 'N', '0', 'admin', '2025-12-28 13:46:34', '', NULL, '性别女');
INSERT INTO `sys_dict_data` VALUES (3, 3, '未知', '2', 'sys_user_sex', '', '', 'N', '0', 'admin', '2025-12-28 13:46:34', '', NULL, '性别未知');
INSERT INTO `sys_dict_data` VALUES (4, 1, '显示', '0', 'sys_show_hide', '', 'primary', 'Y', '0', 'admin', '2025-12-28 13:46:34', '', NULL, '显示菜单');
INSERT INTO `sys_dict_data` VALUES (5, 2, '隐藏', '1', 'sys_show_hide', '', 'danger', 'N', '0', 'admin', '2025-12-28 13:46:34', '', NULL, '隐藏菜单');
INSERT INTO `sys_dict_data` VALUES (6, 1, '正常', '0', 'sys_normal_disable', '', 'primary', 'Y', '0', 'admin', '2025-12-28 13:46:34', '', NULL, '正常状态');
INSERT INTO `sys_dict_data` VALUES (7, 2, '停用', '1', 'sys_normal_disable', '', 'danger', 'N', '0', 'admin', '2025-12-28 13:46:34', '', NULL, '停用状态');
INSERT INTO `sys_dict_data` VALUES (8, 1, '正常', '0', 'sys_job_status', '', 'primary', 'Y', '0', 'admin', '2025-12-28 13:46:34', '', NULL, '正常状态');
INSERT INTO `sys_dict_data` VALUES (9, 2, '暂停', '1', 'sys_job_status', '', 'danger', 'N', '0', 'admin', '2025-12-28 13:46:34', '', NULL, '停用状态');
INSERT INTO `sys_dict_data` VALUES (10, 1, '默认', 'DEFAULT', 'sys_job_group', '', '', 'Y', '0', 'admin', '2025-12-28 13:46:34', '', NULL, '默认分组');
INSERT INTO `sys_dict_data` VALUES (11, 2, '系统', 'SYSTEM', 'sys_job_group', '', '', 'N', '0', 'admin', '2025-12-28 13:46:34', '', NULL, '系统分组');
INSERT INTO `sys_dict_data` VALUES (12, 1, '是', 'Y', 'sys_yes_no', '', 'primary', 'Y', '0', 'admin', '2025-12-28 13:46:34', '', NULL, '系统默认是');
INSERT INTO `sys_dict_data` VALUES (13, 2, '否', 'N', 'sys_yes_no', '', 'danger', 'N', '0', 'admin', '2025-12-28 13:46:34', '', NULL, '系统默认否');
INSERT INTO `sys_dict_data` VALUES (14, 1, '通知', '1', 'sys_notice_type', '', 'warning', 'Y', '0', 'admin', '2025-12-28 13:46:34', '', NULL, '通知');
INSERT INTO `sys_dict_data` VALUES (15, 2, '公告', '2', 'sys_notice_type', '', 'success', 'N', '0', 'admin', '2025-12-28 13:46:34', '', NULL, '公告');
INSERT INTO `sys_dict_data` VALUES (16, 1, '正常', '0', 'sys_notice_status', '', 'primary', 'Y', '0', 'admin', '2025-12-28 13:46:34', '', NULL, '正常状态');
INSERT INTO `sys_dict_data` VALUES (17, 2, '关闭', '1', 'sys_notice_status', '', 'danger', 'N', '0', 'admin', '2025-12-28 13:46:34', '', NULL, '关闭状态');
INSERT INTO `sys_dict_data` VALUES (18, 99, '其他', '0', 'sys_oper_type', '', 'info', 'N', '0', 'admin', '2025-12-28 13:46:34', '', NULL, '其他操作');
INSERT INTO `sys_dict_data` VALUES (19, 1, '新增', '1', 'sys_oper_type', '', 'info', 'N', '0', 'admin', '2025-12-28 13:46:34', '', NULL, '新增操作');
INSERT INTO `sys_dict_data` VALUES (20, 2, '修改', '2', 'sys_oper_type', '', 'info', 'N', '0', 'admin', '2025-12-28 13:46:34', '', NULL, '修改操作');
INSERT INTO `sys_dict_data` VALUES (21, 3, '删除', '3', 'sys_oper_type', '', 'danger', 'N', '0', 'admin', '2025-12-28 13:46:34', '', NULL, '删除操作');
INSERT INTO `sys_dict_data` VALUES (22, 4, '授权', '4', 'sys_oper_type', '', 'primary', 'N', '0', 'admin', '2025-12-28 13:46:34', '', NULL, '授权操作');
INSERT INTO `sys_dict_data` VALUES (23, 5, '导出', '5', 'sys_oper_type', '', 'warning', 'N', '0', 'admin', '2025-12-28 13:46:34', '', NULL, '导出操作');
INSERT INTO `sys_dict_data` VALUES (24, 6, '导入', '6', 'sys_oper_type', '', 'warning', 'N', '0', 'admin', '2025-12-28 13:46:34', '', NULL, '导入操作');
INSERT INTO `sys_dict_data` VALUES (25, 7, '强退', '7', 'sys_oper_type', '', 'danger', 'N', '0', 'admin', '2025-12-28 13:46:34', '', NULL, '强退操作');
INSERT INTO `sys_dict_data` VALUES (26, 8, '生成代码', '8', 'sys_oper_type', '', 'warning', 'N', '0', 'admin', '2025-12-28 13:46:34', '', NULL, '生成操作');
INSERT INTO `sys_dict_data` VALUES (27, 9, '清空数据', '9', 'sys_oper_type', '', 'danger', 'N', '0', 'admin', '2025-12-28 13:46:34', '', NULL, '清空操作');
INSERT INTO `sys_dict_data` VALUES (28, 1, '成功', '0', 'sys_common_status', '', 'primary', 'N', '0', 'admin', '2025-12-28 13:46:34', '', NULL, '正常状态');
INSERT INTO `sys_dict_data` VALUES (29, 2, '失败', '1', 'sys_common_status', '', 'danger', 'N', '0', 'admin', '2025-12-28 13:46:34', '', NULL, '停用状态');
INSERT INTO `sys_dict_data` VALUES (100, 1, '存在', '0', 'is_delete_status', 'success', 'success', 'N', '0', 'admin', '2026-01-12 15:59:08', '', NULL, '存在');
INSERT INTO `sys_dict_data` VALUES (101, 2, '删除', '2', 'is_delete_status', 'primary', 'default', 'N', '0', 'admin', '2026-01-12 16:02:57', '', NULL, '删除');

-- ----------------------------
-- Table structure for sys_dict_type
-- ----------------------------
DROP TABLE IF EXISTS `sys_dict_type`;
CREATE TABLE `sys_dict_type`  (
  `dict_id` bigint(20) NOT NULL AUTO_INCREMENT COMMENT '字典主键',
  `dict_name` varchar(100) CHARACTER SET utf8mb4 COLLATE utf8mb4_unicode_ci NULL DEFAULT '' COMMENT '字典名称',
  `dict_type` varchar(100) CHARACTER SET utf8mb4 COLLATE utf8mb4_unicode_ci NULL DEFAULT '' COMMENT '字典类型',
  `status` char(1) CHARACTER SET utf8mb4 COLLATE utf8mb4_unicode_ci NULL DEFAULT '0' COMMENT '状态（0正常 1停用）',
  `create_by` varchar(64) CHARACTER SET utf8mb4 COLLATE utf8mb4_unicode_ci NULL DEFAULT '' COMMENT '创建者',
  `create_time` datetime(0) NULL DEFAULT NULL COMMENT '创建时间',
  `update_by` varchar(64) CHARACTER SET utf8mb4 COLLATE utf8mb4_unicode_ci NULL DEFAULT '' COMMENT '更新者',
  `update_time` datetime(0) NULL DEFAULT NULL COMMENT '更新时间',
  `remark` varchar(500) CHARACTER SET utf8mb4 COLLATE utf8mb4_unicode_ci NULL DEFAULT NULL COMMENT '备注',
  PRIMARY KEY (`dict_id`) USING BTREE,
  UNIQUE INDEX `dict_type`(`dict_type`) USING BTREE
) ENGINE = InnoDB AUTO_INCREMENT = 101 CHARACTER SET = utf8mb4 COLLATE = utf8mb4_unicode_ci COMMENT = '字典类型表' ROW_FORMAT = Dynamic;

-- ----------------------------
-- Records of sys_dict_type
-- ----------------------------
INSERT INTO `sys_dict_type` VALUES (1, '用户性别', 'sys_user_sex', '0', 'admin', '2025-12-28 13:46:34', '', NULL, '用户性别列表');
INSERT INTO `sys_dict_type` VALUES (2, '菜单状态', 'sys_show_hide', '0', 'admin', '2025-12-28 13:46:34', '', NULL, '菜单状态列表');
INSERT INTO `sys_dict_type` VALUES (3, '系统开关', 'sys_normal_disable', '0', 'admin', '2025-12-28 13:46:34', '', NULL, '系统开关列表');
INSERT INTO `sys_dict_type` VALUES (4, '任务状态', 'sys_job_status', '0', 'admin', '2025-12-28 13:46:34', '', NULL, '任务状态列表');
INSERT INTO `sys_dict_type` VALUES (5, '任务分组', 'sys_job_group', '0', 'admin', '2025-12-28 13:46:34', '', NULL, '任务分组列表');
INSERT INTO `sys_dict_type` VALUES (6, '系统是否', 'sys_yes_no', '0', 'admin', '2025-12-28 13:46:34', '', NULL, '系统是否列表');
INSERT INTO `sys_dict_type` VALUES (7, '通知类型', 'sys_notice_type', '0', 'admin', '2025-12-28 13:46:34', '', NULL, '通知类型列表');
INSERT INTO `sys_dict_type` VALUES (8, '通知状态', 'sys_notice_status', '0', 'admin', '2025-12-28 13:46:34', '', NULL, '通知状态列表');
INSERT INTO `sys_dict_type` VALUES (9, '操作类型', 'sys_oper_type', '0', 'admin', '2025-12-28 13:46:34', '', NULL, '操作类型列表');
INSERT INTO `sys_dict_type` VALUES (10, '系统状态', 'sys_common_status', '0', 'admin', '2025-12-28 13:46:34', '', NULL, '登录状态列表');
INSERT INTO `sys_dict_type` VALUES (100, '删除标识', 'is_delete_status', '0', 'admin', '2026-01-12 15:57:49', '', NULL, '删除标识：0未删除 2 删除');

-- ----------------------------
-- Table structure for sys_job
-- ----------------------------
DROP TABLE IF EXISTS `sys_job`;
CREATE TABLE `sys_job`  (
  `job_id` bigint(20) NOT NULL AUTO_INCREMENT COMMENT '任务ID',
  `job_name` varchar(64) CHARACTER SET utf8mb4 COLLATE utf8mb4_unicode_ci NOT NULL DEFAULT '' COMMENT '任务名称',
  `job_group` varchar(64) CHARACTER SET utf8mb4 COLLATE utf8mb4_unicode_ci NOT NULL DEFAULT 'DEFAULT' COMMENT '任务组名',
  `invoke_target` varchar(500) CHARACTER SET utf8mb4 COLLATE utf8mb4_unicode_ci NOT NULL COMMENT '调用目标字符串',
  `cron_expression` varchar(255) CHARACTER SET utf8mb4 COLLATE utf8mb4_unicode_ci NULL DEFAULT '' COMMENT 'cron执行表达式',
  `misfire_policy` varchar(20) CHARACTER SET utf8mb4 COLLATE utf8mb4_unicode_ci NULL DEFAULT '3' COMMENT '计划执行错误策略（1立即执行 2执行一次 3放弃执行）',
  `concurrent` char(1) CHARACTER SET utf8mb4 COLLATE utf8mb4_unicode_ci NULL DEFAULT '1' COMMENT '是否并发执行（0允许 1禁止）',
  `status` char(1) CHARACTER SET utf8mb4 COLLATE utf8mb4_unicode_ci NULL DEFAULT '0' COMMENT '状态（0正常 1暂停）',
  `create_by` varchar(64) CHARACTER SET utf8mb4 COLLATE utf8mb4_unicode_ci NULL DEFAULT '' COMMENT '创建者',
  `create_time` datetime(0) NULL DEFAULT NULL COMMENT '创建时间',
  `update_by` varchar(64) CHARACTER SET utf8mb4 COLLATE utf8mb4_unicode_ci NULL DEFAULT '' COMMENT '更新者',
  `update_time` datetime(0) NULL DEFAULT NULL COMMENT '更新时间',
  `remark` varchar(500) CHARACTER SET utf8mb4 COLLATE utf8mb4_unicode_ci NULL DEFAULT '' COMMENT '备注信息',
  PRIMARY KEY (`job_id`, `job_name`, `job_group`) USING BTREE
) ENGINE = InnoDB AUTO_INCREMENT = 1 CHARACTER SET = utf8mb4 COLLATE = utf8mb4_unicode_ci COMMENT = '定时任务调度表' ROW_FORMAT = Dynamic;

-- ----------------------------
-- Records of sys_job
-- ----------------------------

-- ----------------------------
-- Table structure for sys_job_log
-- ----------------------------
DROP TABLE IF EXISTS `sys_job_log`;
CREATE TABLE `sys_job_log`  (
  `job_log_id` bigint(20) NOT NULL AUTO_INCREMENT COMMENT '任务日志ID',
  `job_name` varchar(64) CHARACTER SET utf8mb4 COLLATE utf8mb4_unicode_ci NOT NULL COMMENT '任务名称',
  `job_group` varchar(64) CHARACTER SET utf8mb4 COLLATE utf8mb4_unicode_ci NOT NULL COMMENT '任务组名',
  `invoke_target` varchar(500) CHARACTER SET utf8mb4 COLLATE utf8mb4_unicode_ci NOT NULL COMMENT '调用目标字符串',
  `job_message` varchar(500) CHARACTER SET utf8mb4 COLLATE utf8mb4_unicode_ci NULL DEFAULT NULL COMMENT '日志信息',
  `status` char(1) CHARACTER SET utf8mb4 COLLATE utf8mb4_unicode_ci NULL DEFAULT '0' COMMENT '执行状态（0正常 1失败）',
  `exception_info` varchar(2000) CHARACTER SET utf8mb4 COLLATE utf8mb4_unicode_ci NULL DEFAULT '' COMMENT '异常信息',
  `create_time` datetime(0) NULL DEFAULT NULL COMMENT '创建时间',
  PRIMARY KEY (`job_log_id`) USING BTREE
) ENGINE = InnoDB AUTO_INCREMENT = 1 CHARACTER SET = utf8mb4 COLLATE = utf8mb4_unicode_ci COMMENT = '定时任务调度日志表' ROW_FORMAT = Dynamic;

-- ----------------------------
-- Records of sys_job_log
-- ----------------------------

-- ----------------------------
-- Table structure for sys_logininfor
-- ----------------------------
DROP TABLE IF EXISTS `sys_logininfor`;
CREATE TABLE `sys_logininfor`  (
  `info_id` bigint(20) NOT NULL AUTO_INCREMENT COMMENT '访问ID',
  `user_name` varchar(50) CHARACTER SET utf8mb4 COLLATE utf8mb4_unicode_ci NULL DEFAULT '' COMMENT '用户账号',
  `ipaddr` varchar(128) CHARACTER SET utf8mb4 COLLATE utf8mb4_unicode_ci NULL DEFAULT '' COMMENT '登录IP地址',
  `login_location` varchar(255) CHARACTER SET utf8mb4 COLLATE utf8mb4_unicode_ci NULL DEFAULT '' COMMENT '登录地点',
  `browser` varchar(50) CHARACTER SET utf8mb4 COLLATE utf8mb4_unicode_ci NULL DEFAULT '' COMMENT '浏览器类型',
  `os` varchar(50) CHARACTER SET utf8mb4 COLLATE utf8mb4_unicode_ci NULL DEFAULT '' COMMENT '操作系统',
  `status` char(1) CHARACTER SET utf8mb4 COLLATE utf8mb4_unicode_ci NULL DEFAULT '0' COMMENT '登录状态（0成功 1失败）',
  `msg` varchar(255) CHARACTER SET utf8mb4 COLLATE utf8mb4_unicode_ci NULL DEFAULT '' COMMENT '提示消息',
  `login_time` datetime(0) NULL DEFAULT NULL COMMENT '访问时间',
  PRIMARY KEY (`info_id`) USING BTREE,
  INDEX `idx_sys_logininfor_s`(`status`) USING BTREE,
  INDEX `idx_sys_logininfor_lt`(`login_time`) USING BTREE
) ENGINE = InnoDB AUTO_INCREMENT = 53 CHARACTER SET = utf8mb4 COLLATE = utf8mb4_unicode_ci COMMENT = '系统访问记录' ROW_FORMAT = Dynamic;

-- ----------------------------
-- Records of sys_logininfor
-- ----------------------------
INSERT INTO `sys_logininfor` VALUES (10, 'admin', '0:0:0:0:0:0:0:1', '内网IP', 'Chrome 143', 'Windows 10/11', '0', '登录成功', '2026-01-23 15:10:47');
INSERT INTO `sys_logininfor` VALUES (11, 'user', '0:0:0:0:0:0:0:1', '内网IP', 'Chrome 143', 'Windows 10/11', '0', '登录成功', '2026-01-23 16:29:06');
INSERT INTO `sys_logininfor` VALUES (12, 'admin', '0:0:0:0:0:0:0:1', '内网IP', 'Chrome 143', 'Windows 10/11', '0', '登录成功', '2026-01-23 16:29:49');
INSERT INTO `sys_logininfor` VALUES (13, 'user', '0:0:0:0:0:0:0:1', '内网IP', 'Chrome 143', 'Windows 10/11', '0', '登录成功', '2026-01-23 16:31:52');
INSERT INTO `sys_logininfor` VALUES (14, 'admin', '0:0:0:0:0:0:0:1', '内网IP', 'Edge 144', 'Windows 10/11', '0', '登录成功', '2026-01-23 16:32:49');
INSERT INTO `sys_logininfor` VALUES (15, 'user', '0:0:0:0:0:0:0:1', '内网IP', 'Chrome 143', 'Windows 10/11', '0', '登录成功', '2026-01-23 17:03:27');
INSERT INTO `sys_logininfor` VALUES (16, 'user', '0:0:0:0:0:0:0:1', '内网IP', 'Chrome 143', 'Windows 10/11', '0', '登录成功', '2026-01-23 17:05:43');
INSERT INTO `sys_logininfor` VALUES (17, 'user', '0:0:0:0:0:0:0:1', '内网IP', 'Chrome 143', 'Windows 10/11', '1', '登录异常: Error in execution', '2026-01-23 18:15:28');
INSERT INTO `sys_logininfor` VALUES (18, 'user', '0:0:0:0:0:0:0:1', '内网IP', 'Chrome 143', 'Windows 10/11', '1', '登录异常: Error in execution', '2026-01-23 18:15:29');
INSERT INTO `sys_logininfor` VALUES (19, 'user', '0:0:0:0:0:0:0:1', '内网IP', 'Chrome 143', 'Windows 10/11', '1', '登录异常: Error in execution', '2026-01-23 18:15:31');
INSERT INTO `sys_logininfor` VALUES (20, 'user', '0:0:0:0:0:0:0:1', '内网IP', 'Chrome 143', 'Windows 10/11', '1', '登录异常: Error in execution', '2026-01-23 18:15:35');
INSERT INTO `sys_logininfor` VALUES (21, 'user', '0:0:0:0:0:0:0:1', '内网IP', 'Chrome 143', 'Windows 10/11', '1', '登录异常: Error in execution', '2026-01-23 18:15:47');
INSERT INTO `sys_logininfor` VALUES (22, 'user', '0:0:0:0:0:0:0:1', '内网IP', 'Chrome 143', 'Windows 10/11', '1', '登录异常: Error in execution', '2026-01-23 18:15:48');
INSERT INTO `sys_logininfor` VALUES (23, 'user', '0:0:0:0:0:0:0:1', '内网IP', 'Chrome 143', 'Windows 10/11', '1', '登录异常: Error in execution', '2026-01-23 18:15:50');
INSERT INTO `sys_logininfor` VALUES (24, 'user', '0:0:0:0:0:0:0:1', '内网IP', 'Chrome 143', 'Windows 10/11', '1', '登录异常: Error in execution', '2026-01-23 18:15:54');
INSERT INTO `sys_logininfor` VALUES (25, 'user', '0:0:0:0:0:0:0:1', '内网IP', 'Chrome 143', 'Windows 10/11', '1', '登录异常: Error in execution', '2026-01-23 18:16:53');
INSERT INTO `sys_logininfor` VALUES (26, 'user', '0:0:0:0:0:0:0:1', '内网IP', 'Chrome 143', 'Windows 10/11', '1', '登录异常: Error in execution', '2026-01-23 18:16:54');
INSERT INTO `sys_logininfor` VALUES (27, 'user', '0:0:0:0:0:0:0:1', '内网IP', 'Chrome 143', 'Windows 10/11', '1', '登录异常: Error in execution', '2026-01-23 18:16:56');
INSERT INTO `sys_logininfor` VALUES (28, 'user', '0:0:0:0:0:0:0:1', '内网IP', 'Chrome 143', 'Windows 10/11', '1', '登录异常: Error in execution', '2026-01-23 18:17:00');
INSERT INTO `sys_logininfor` VALUES (29, 'user', '0:0:0:0:0:0:0:1', '内网IP', 'Chrome 143', 'Windows 10/11', '0', '登录成功', '2026-01-23 18:20:10');
INSERT INTO `sys_logininfor` VALUES (30, 'user', '0:0:0:0:0:0:0:1', '内网IP', 'Chrome 143', 'Windows 10/11', '0', '登录成功', '2026-01-23 18:25:30');
INSERT INTO `sys_logininfor` VALUES (31, 'test', '0:0:0:0:0:0:0:1', '内网IP', 'Chrome 143', 'Windows 10/11', '1', '用户名或密码错误', '2026-01-23 18:34:00');
INSERT INTO `sys_logininfor` VALUES (32, 'test', '0:0:0:0:0:0:0:1', '内网IP', 'Chrome 143', 'Windows 10/11', '1', '用户名或密码错误', '2026-01-23 18:34:38');
INSERT INTO `sys_logininfor` VALUES (33, 'test', '0:0:0:0:0:0:0:1', '内网IP', 'Chrome 143', 'Windows 10/11', '1', '用户名或密码错误', '2026-01-23 18:35:10');
INSERT INTO `sys_logininfor` VALUES (34, 'test', '0:0:0:0:0:0:0:1', '内网IP', 'Chrome 143', 'Windows 10/11', '1', '用户名或密码错误', '2026-01-23 18:35:28');
INSERT INTO `sys_logininfor` VALUES (35, 'test', '0:0:0:0:0:0:0:1', '内网IP', 'Chrome 143', 'Windows 10/11', '1', '用户名或密码错误', '2026-01-23 18:36:31');
INSERT INTO `sys_logininfor` VALUES (36, 'test', '0:0:0:0:0:0:0:1', '内网IP', 'Chrome 143', 'Windows 10/11', '0', '登录成功', '2026-01-23 18:41:39');
INSERT INTO `sys_logininfor` VALUES (37, 'test', '0:0:0:0:0:0:0:1', '内网IP', 'Chrome 143', 'Windows 10/11', '1', '用户名或密码错误', '2026-01-23 18:52:55');
INSERT INTO `sys_logininfor` VALUES (38, 'test', '0:0:0:0:0:0:0:1', '内网IP', 'Chrome 143', 'Windows 10/11', '1', '用户名或密码错误', '2026-01-23 18:53:30');
INSERT INTO `sys_logininfor` VALUES (39, 'test', '0:0:0:0:0:0:0:1', '内网IP', 'Chrome 143', 'Windows 10/11', '1', '用户名或密码错误', '2026-01-23 18:53:41');
INSERT INTO `sys_logininfor` VALUES (40, 'test', '0:0:0:0:0:0:0:1', '内网IP', 'Chrome 143', 'Windows 10/11', '1', '用户名或密码错误', '2026-01-23 18:53:46');
INSERT INTO `sys_logininfor` VALUES (41, 'test', '0:0:0:0:0:0:0:1', '内网IP', 'Chrome 143', 'Windows 10/11', '1', '用户名或密码错误', '2026-01-23 18:53:51');
INSERT INTO `sys_logininfor` VALUES (42, 'test', '0:0:0:0:0:0:0:1', '内网IP', 'Chrome 143', 'Windows 10/11', '1', '登录异常: class java.lang.String cannot be cast to class com.star.pivot.system.service.AccountLockService$AccountLockInfo (java.lang.String is in module java.base of loader \'bootstrap\'; com.star.pivot.system.service.AccountLockService$AccountLockInfo is i...', '2026-01-23 18:58:44');
INSERT INTO `sys_logininfor` VALUES (43, 'test', '0:0:0:0:0:0:0:1', '内网IP', 'Chrome 143', 'Windows 10/11', '1', '登录异常: class java.lang.String cannot be cast to class com.star.pivot.system.service.AccountLockService$AccountLockInfo (java.lang.String is in module java.base of loader \'bootstrap\'; com.star.pivot.system.service.AccountLockService$AccountLockInfo is i...', '2026-01-23 18:58:45');
INSERT INTO `sys_logininfor` VALUES (44, 'test', '0:0:0:0:0:0:0:1', '内网IP', 'Chrome 143', 'Windows 10/11', '1', '登录异常: class java.lang.String cannot be cast to class com.star.pivot.system.service.AccountLockService$AccountLockInfo (java.lang.String is in module java.base of loader \'bootstrap\'; com.star.pivot.system.service.AccountLockService$AccountLockInfo is i...', '2026-01-23 18:58:47');
INSERT INTO `sys_logininfor` VALUES (45, 'test', '0:0:0:0:0:0:0:1', '内网IP', 'Chrome 143', 'Windows 10/11', '1', '登录异常: class java.lang.String cannot be cast to class com.star.pivot.system.service.AccountLockService$AccountLockInfo (java.lang.String is in module java.base of loader \'bootstrap\'; com.star.pivot.system.service.AccountLockService$AccountLockInfo is i...', '2026-01-23 18:58:51');
INSERT INTO `sys_logininfor` VALUES (46, 'test', '0:0:0:0:0:0:0:1', '内网IP', 'Chrome 143', 'Windows 10/11', '0', '登录成功', '2026-01-23 18:59:12');
INSERT INTO `sys_logininfor` VALUES (47, 'test', '0:0:0:0:0:0:0:1', '内网IP', 'Chrome 143', 'Windows 10/11', '1', '用户名或密码错误', '2026-01-23 19:05:45');
INSERT INTO `sys_logininfor` VALUES (48, 'test', '0:0:0:0:0:0:0:1', '内网IP', 'Chrome 143', 'Windows 10/11', '1', '用户名或密码错误', '2026-01-23 19:06:12');
INSERT INTO `sys_logininfor` VALUES (49, 'test', '0:0:0:0:0:0:0:1', '内网IP', 'Chrome 143', 'Windows 10/11', '1', '用户名或密码错误', '2026-01-23 19:06:18');
INSERT INTO `sys_logininfor` VALUES (50, 'test', '0:0:0:0:0:0:0:1', '内网IP', 'Chrome 143', 'Windows 10/11', '1', '用户名或密码错误', '2026-01-23 19:06:23');
INSERT INTO `sys_logininfor` VALUES (51, 'test', '0:0:0:0:0:0:0:1', '内网IP', 'Chrome 143', 'Windows 10/11', '1', '用户名或密码错误', '2026-01-23 19:06:34');
INSERT INTO `sys_logininfor` VALUES (52, 'test', '0:0:0:0:0:0:0:1', '内网IP', 'Chrome 143', 'Windows 10/11', '0', '登录成功', '2026-01-23 19:07:34');

-- ----------------------------
-- Table structure for sys_menu
-- ----------------------------
DROP TABLE IF EXISTS `sys_menu`;
CREATE TABLE `sys_menu`  (
  `menu_id` bigint(20) NOT NULL AUTO_INCREMENT COMMENT '菜单ID',
  `menu_name` varchar(50) CHARACTER SET utf8mb4 COLLATE utf8mb4_unicode_ci NOT NULL COMMENT '菜单名称',
  `parent_id` bigint(20) NULL DEFAULT 0 COMMENT '父菜单ID',
  `order_num` int(4) NULL DEFAULT 0 COMMENT '显示顺序',
  `path` varchar(200) CHARACTER SET utf8mb4 COLLATE utf8mb4_unicode_ci NULL DEFAULT '' COMMENT '路由地址',
  `component` varchar(255) CHARACTER SET utf8mb4 COLLATE utf8mb4_unicode_ci NULL DEFAULT NULL COMMENT '组件路径',
  `query` varchar(255) CHARACTER SET utf8mb4 COLLATE utf8mb4_unicode_ci NULL DEFAULT NULL COMMENT '路由参数',
  `route_name` varchar(50) CHARACTER SET utf8mb4 COLLATE utf8mb4_unicode_ci NULL DEFAULT '' COMMENT '路由名称',
  `is_frame` int(1) NULL DEFAULT 1 COMMENT '是否为外链（0是 1否）',
  `is_cache` int(1) NULL DEFAULT 0 COMMENT '是否缓存（0缓存 1不缓存）',
  `menu_type` char(1) CHARACTER SET utf8mb4 COLLATE utf8mb4_unicode_ci NULL DEFAULT '' COMMENT '菜单类型（M目录 C菜单 F按钮）',
  `visible` char(1) CHARACTER SET utf8mb4 COLLATE utf8mb4_unicode_ci NULL DEFAULT '0' COMMENT '菜单状态（0显示 1隐藏）',
  `status` char(1) CHARACTER SET utf8mb4 COLLATE utf8mb4_unicode_ci NULL DEFAULT '0' COMMENT '菜单状态（0正常 1停用）',
  `perms` varchar(100) CHARACTER SET utf8mb4 COLLATE utf8mb4_unicode_ci NULL DEFAULT NULL COMMENT '权限标识',
  `icon` varchar(100) CHARACTER SET utf8mb4 COLLATE utf8mb4_unicode_ci NULL DEFAULT '#' COMMENT '菜单图标',
  `create_by` varchar(64) CHARACTER SET utf8mb4 COLLATE utf8mb4_unicode_ci NULL DEFAULT '' COMMENT '创建者',
  `create_time` datetime(0) NULL DEFAULT NULL COMMENT '创建时间',
  `update_by` varchar(64) CHARACTER SET utf8mb4 COLLATE utf8mb4_unicode_ci NULL DEFAULT '' COMMENT '更新者',
  `update_time` datetime(0) NULL DEFAULT NULL COMMENT '更新时间',
  `remark` varchar(500) CHARACTER SET utf8mb4 COLLATE utf8mb4_unicode_ci NULL DEFAULT '' COMMENT '备注',
  PRIMARY KEY (`menu_id`) USING BTREE
) ENGINE = InnoDB AUTO_INCREMENT = 88 CHARACTER SET = utf8mb4 COLLATE = utf8mb4_unicode_ci COMMENT = '菜单权限表' ROW_FORMAT = Dynamic;

-- ----------------------------
-- Records of sys_menu
-- ----------------------------
INSERT INTO `sys_menu` VALUES (1, '仪表盘', 0, 1, '/dashboard', '/index/index', NULL, 'Dashboard', 1, 1, 'M', '0', '0', NULL, 'ri:pie-chart-line', 'system', '2025-12-31 16:34:16', '', NULL, '仪表盘模块');
INSERT INTO `sys_menu` VALUES (2, '系统管理', 0, 2, '/system', '/index/index', NULL, 'System', 1, 1, 'M', '0', '0', NULL, 'uil:setting', 'system', '2025-12-31 16:34:16', '', '2026-01-02 21:36:28', '系统管理模块');
INSERT INTO `sys_menu` VALUES (3, '控制台', 1, 1, 'console', '/dashboard/console', NULL, 'DashboardConsole', 1, 1, 'C', '0', '0', NULL, 'ix:dashboard', 'system', '2025-12-31 16:34:16', '', '2026-01-02 21:49:40', '控制台模块');
INSERT INTO `sys_menu` VALUES (4, '菜单管理', 2, 1, 'menu', '/system/menu', NULL, 'SystemMenu', 1, 1, 'C', '0', '0', 'system:menu:list', 'ep:menu', 'system', '2025-12-31 16:34:16', '', '2026-01-02 21:12:33', '菜单管理模块');
INSERT INTO `sys_menu` VALUES (5, '角色管理', 2, 2, 'role', '/system/role', NULL, 'SystemRole', 1, 1, 'C', '0', '0', 'system:role:list', 'oui:app-users-roles', 'system', '2025-12-31 16:34:16', '', '2026-01-02 21:30:56', '角色管理模块');
INSERT INTO `sys_menu` VALUES (6, '用户管理', 2, 3, 'user', '/system/user', NULL, 'SystemUser', 1, 1, 'C', '0', '0', 'system:user:list', 'mdi:user', 'system', '2025-12-31 16:34:16', '', '2026-01-02 21:31:51', '用户管理模块');
INSERT INTO `sys_menu` VALUES (7, '个人中心', 2, 14, 'user-center', '/system/user-center', NULL, 'SystemUserCenter', 1, 1, 'C', '1', '1', 'system:user-center:list', 'ri:profile-line', 'system', '2025-12-31 16:34:16', 'admin', '2026-01-23 13:48:52', '个人中心模块');
INSERT INTO `sys_menu` VALUES (8, '部门管理', 2, 4, 'dept', '/system/dept', NULL, 'SystemDept', 1, 1, 'C', '0', '0', 'system:dept:list', 'ri:organization-chart', '', '2026-01-02 21:04:34', '', '2026-01-02 21:36:43', '部门管理模块');
INSERT INTO `sys_menu` VALUES (9, '岗位管理', 2, 5, 'post', '/system/post/index', NULL, 'PostManage', 1, 1, 'C', '0', '0', 'system:post:list', 'picon:post', 'xinxin', '2026-01-04 19:23:51', 'xinxin', '2026-01-04 19:25:02', '岗位管理模块');
INSERT INTO `sys_menu` VALUES (12, '字典管理', 2, 6, 'dict', '/system/dict/index', NULL, 'DictManage', 1, 1, 'C', '0', '0', 'system:type:list', 'arcticons:zdict', 'admin', '2026-01-05 12:28:54', 'admin', '2026-01-19 21:37:20', '字典管理模块。有：字典数据   字典类型');
INSERT INTO `sys_menu` VALUES (39, '新增用户', 6, 1, '', '', NULL, '', 1, 1, 'F', '0', '0', 'system:user:add', '#', 'admin', '2026-01-12 16:42:30', 'admin', '2026-01-16 20:42:35', '新增用户按钮');
INSERT INTO `sys_menu` VALUES (40, '修改用户', 6, 3, '', '', NULL, '', 1, 1, 'F', '0', '0', 'system:user:edit', '#', 'admin', '2026-01-12 17:30:37', 'admin', '2026-01-16 20:42:26', '修改用户  按钮');
INSERT INTO `sys_menu` VALUES (41, '删除用户', 6, 4, '', '', NULL, '', 1, 1, 'F', '0', '0', 'system:user:delete', '#', 'admin', '2026-01-12 17:31:11', 'admin', '2026-01-16 20:42:39', '删除用户按钮');
INSERT INTO `sys_menu` VALUES (42, '新增角色', 5, 1, '', '', NULL, '', 1, 1, 'F', '0', '0', 'system:role:add', '#', 'admin', '2026-01-12 17:32:13', '', NULL, '新增角色按钮');
INSERT INTO `sys_menu` VALUES (43, '修改角色', 5, 2, '', '', NULL, '', 1, 1, 'F', '0', '0', 'system:role:edit', '#', 'admin', '2026-01-12 17:32:45', '', NULL, '修改角色按钮');
INSERT INTO `sys_menu` VALUES (44, '删除角色', 5, 3, '', '', NULL, '', 1, 1, 'F', '0', '0', 'system:role:delete', '#', 'admin', '2026-01-12 17:33:14', '', NULL, '删除角色按钮');
INSERT INTO `sys_menu` VALUES (45, '角色查询', 5, 4, '', '', NULL, '', 1, 1, 'F', '0', '0', 'system:role:query', '#', 'admin', '2026-01-12 17:34:57', '', NULL, '角色查询 按钮');
INSERT INTO `sys_menu` VALUES (46, '用户查询', 6, 5, '', '', NULL, '', 1, 1, 'F', '0', '0', 'system:user:query', '#', 'admin', '2026-01-12 17:35:27', 'admin', '2026-01-16 20:42:43', '用户查询按钮');
INSERT INTO `sys_menu` VALUES (47, '部门查询', 8, 1, '', '', NULL, '', 1, 1, 'F', '0', '0', 'system:dept:query', '#', 'admin', '2026-01-12 17:35:58', '', NULL, '部门查询按钮');
INSERT INTO `sys_menu` VALUES (48, '部门新增', 8, 2, '', '', NULL, '', 1, 1, 'F', '0', '0', 'system:dept:add', '#', 'admin', '2026-01-12 17:36:28', '', NULL, '部门新增');
INSERT INTO `sys_menu` VALUES (49, '部门修改', 8, 3, '', '', NULL, '', 1, 1, 'F', '0', '0', 'system:dept:edit', '#', 'admin', '2026-01-12 17:36:49', '', NULL, '部门修改');
INSERT INTO `sys_menu` VALUES (50, '部门删除', 8, 4, '', '', NULL, '', 1, 1, 'F', '0', '0', 'system:dept:delete', '#', 'admin', '2026-01-12 17:37:21', '', NULL, '部门删除');
INSERT INTO `sys_menu` VALUES (51, '岗位查询', 9, 1, '', '', NULL, '', 1, 1, 'F', '0', '0', 'system:post:query', '#', 'admin', '2026-01-12 17:37:47', '', NULL, '岗位查询');
INSERT INTO `sys_menu` VALUES (52, '岗位新增', 9, 2, '', '', NULL, '', 1, 1, 'F', '0', '0', 'system:post:add', '#', 'admin', '2026-01-12 17:38:09', '', NULL, '岗位新增');
INSERT INTO `sys_menu` VALUES (53, '岗位修改', 9, 3, '', '', NULL, '', 1, 1, 'F', '0', '0', 'system:post:edit', '#', 'admin', '2026-01-12 17:38:46', '', NULL, '岗位修改');
INSERT INTO `sys_menu` VALUES (54, '岗位删除', 9, 4, '', '', NULL, '', 1, 1, 'F', '0', '0', 'system:post:delete', '#', 'admin', '2026-01-12 17:39:04', '', NULL, '岗位删除');
INSERT INTO `sys_menu` VALUES (55, '菜单查询', 4, 1, '', '', NULL, '', 1, 1, 'F', '0', '0', 'system:menu:query', '#', 'admin', '2026-01-12 17:39:26', '', NULL, '菜单查询');
INSERT INTO `sys_menu` VALUES (56, '菜单添加', 4, 2, '', '', NULL, '', 1, 1, 'F', '0', '0', 'system:menu:add', '#', 'admin', '2026-01-12 17:39:50', '', NULL, '菜单添加');
INSERT INTO `sys_menu` VALUES (57, '菜单修改', 4, 3, '', '', NULL, '', 1, 1, 'F', '0', '0', 'system:menu:edit', '#', 'admin', '2026-01-12 17:40:05', '', NULL, '菜单修改');
INSERT INTO `sys_menu` VALUES (58, '菜单删除', 4, 4, '', '', NULL, '', 1, 1, 'F', '0', '0', 'system:menu:delete', '#', 'admin', '2026-01-12 17:40:27', '', NULL, '菜单删除');
INSERT INTO `sys_menu` VALUES (59, '修改密码', 6, 6, '', '', NULL, '', 1, 1, 'F', '0', '0', 'system:user:resetPwd', '#', 'admin', '2026-01-16 18:10:55', 'admin', '2026-01-16 20:42:48', '修改密码');
INSERT INTO `sys_menu` VALUES (60, '修改状态', 6, 2, '', '', NULL, '', 1, 1, 'F', '0', '0', 'system:user:changeStatus', '#', 'admin', '2026-01-16 18:11:22', 'admin', '2026-01-16 20:42:31', '修改状态');
INSERT INTO `sys_menu` VALUES (61, '分配角色', 5, 5, '', '', NULL, '', 1, 1, 'F', '0', '0', 'system:role:assignPermission', '#', 'admin', '2026-01-16 19:04:22', '', NULL, '分配角色');
INSERT INTO `sys_menu` VALUES (62, '字典类型添加', 12, 1, '', '', NULL, '', 1, 1, 'F', '0', '0', 'system:type:add', '#', 'admin', '2026-01-16 19:08:40', 'admin', '2026-01-16 19:33:35', '字典类型添加');
INSERT INTO `sys_menu` VALUES (63, '字典类型修改', 12, 2, '', '', NULL, '', 1, 1, 'F', '0', '0', 'system:type:edit', '#', 'admin', '2026-01-16 19:09:04', 'admin', '2026-01-16 19:33:43', '字典类型修改');
INSERT INTO `sys_menu` VALUES (64, '字典类型删除', 12, 3, '', '', NULL, '', 1, 1, 'F', '0', '0', 'system:type:delete', '#', 'admin', '2026-01-16 19:09:27', 'admin', '2026-01-16 19:33:48', '字典类型删除');
INSERT INTO `sys_menu` VALUES (65, '字典数据', 2, 7, 'data', '/system/dict/dict-data', 'dictType', 'DictData', 1, 1, 'C', '1', '1', 'system:data:list', 'arcticons:js-dict', 'admin', '2026-01-16 19:25:20', 'admin', '2026-01-16 20:41:19', '字典数据');
INSERT INTO `sys_menu` VALUES (66, '字典数据添加', 12, 5, '', '', NULL, '', 1, 1, 'F', '0', '0', 'system:data:add', '#', 'admin', '2026-01-16 19:31:42', '', NULL, '字典数据添加');
INSERT INTO `sys_menu` VALUES (67, '字典数据修改', 12, 6, '', '', NULL, '', 1, 1, 'F', '0', '0', 'system:data:edit', '#', 'admin', '2026-01-16 19:32:19', '', NULL, '字典数据修改');
INSERT INTO `sys_menu` VALUES (68, '字典数据删除', 12, 7, '', '', NULL, '', 1, 1, 'F', '0', '0', 'system:data:delete', '#', 'admin', '2026-01-16 19:32:51', '', NULL, '字典数据删除');
INSERT INTO `sys_menu` VALUES (69, '字典类型查询', 12, 4, '', '', NULL, '', 1, 1, 'F', '0', '0', 'system:type:query', '#', 'admin', '2026-01-19 21:33:21', '', NULL, '字典类型查询');
INSERT INTO `sys_menu` VALUES (70, '字典数据查询', 12, 8, '', '', NULL, '', 1, 1, 'F', '0', '0', 'system:data:query', '#', 'admin', '2026-01-19 21:33:59', '', NULL, '字典数据查询');
INSERT INTO `sys_menu` VALUES (71, '系统工具', 0, 3, '/tools', '', NULL, 'SystemTools', 1, 1, 'M', '0', '0', '', 'clarity:tools-line', 'admin', '2026-01-20 13:08:43', '', NULL, '系统工具');
INSERT INTO `sys_menu` VALUES (72, '代码生成', 71, 1, 'generator', '/tools/generator/index', NULL, 'GenerateTools', 1, 1, 'C', '0', '0', 'tools:generator:list', 'mdi:generator-mobile', 'admin', '2026-01-20 13:15:59', 'admin', '2026-01-20 13:25:42', '代码生成');
INSERT INTO `sys_menu` VALUES (73, '列表查询', 72, 1, '', '', NULL, '', 1, 1, 'F', '0', '0', 'tool:gen:query', '#', 'admin', '2026-01-20 14:56:43', '', NULL, '列表查询');
INSERT INTO `sys_menu` VALUES (74, '日志管理', 2, 8, 'log', '', NULL, 'LogManager', 1, 1, 'M', '0', '0', '', 'mdi:math-log', 'admin', '2026-01-23 13:37:05', 'admin', '2026-01-23 13:47:13', '');
INSERT INTO `sys_menu` VALUES (75, '操作日志', 74, 1, 'oper', '/system/log/oper/index', NULL, 'OperLog', 1, 1, 'C', '0', '0', 'system:log:list', 'icon-park-solid:log', 'admin', '2026-01-23 13:40:41', '', NULL, '操作日志');
INSERT INTO `sys_menu` VALUES (76, '登录日志', 74, 2, 'login', '/system/log/login/index', NULL, 'LoginInfoLog', 1, 1, 'C', '0', '0', 'system:login:list', 'icon-park-solid:log', 'admin', '2026-01-23 13:51:37', '', NULL, '登录日志');
INSERT INTO `sys_menu` VALUES (77, '清空日志', 75, 2, '', '', NULL, '', 1, 1, 'F', '0', '0', 'system:operlog:delete', '#', 'admin', '2026-01-23 13:57:43', '', NULL, '清空日志');
INSERT INTO `sys_menu` VALUES (78, '日志查询', 75, 1, '', '', NULL, '', 1, 1, 'F', '0', '0', 'system:operlog:query', '#', 'admin', '2026-01-23 13:58:02', '', NULL, '日志查询');
INSERT INTO `sys_menu` VALUES (79, '日志查询', 76, 1, '', '', NULL, '', 1, 1, 'F', '0', '0', 'system:logininfor:query', '#', 'admin', '2026-01-23 14:24:26', '', NULL, '日志查询');
INSERT INTO `sys_menu` VALUES (80, '日志删除', 76, 2, '', '', NULL, '', 1, 1, 'F', '0', '0', 'system:logininfor:delete', '#', 'admin', '2026-01-23 14:24:41', '', NULL, '日志删除');
INSERT INTO `sys_menu` VALUES (81, '预览', 72, 2, '', '', NULL, '', 1, 1, 'F', '0', '0', 'tool:gen:preview', '#', 'admin', '2026-01-23 15:53:25', 'admin', '2026-01-23 19:01:40', '预览');
INSERT INTO `sys_menu` VALUES (82, '编辑', 72, 3, '', '', NULL, '', 1, 1, 'F', '0', '0', 'tool:gen:edit', '#', 'admin', '2026-01-23 15:53:47', 'admin', '2026-01-23 19:01:44', '');
INSERT INTO `sys_menu` VALUES (83, '删除', 72, 4, '', '', NULL, '', 1, 1, 'F', '0', '0', 'tool:gen:delete', '#', 'admin', '2026-01-23 15:54:05', 'admin', '2026-01-23 19:01:48', '');
INSERT INTO `sys_menu` VALUES (84, '同步数据库', 72, 5, '', '', NULL, '', 1, 1, 'F', '0', '0', 'tool:gen:sync', '#', 'admin', '2026-01-23 15:55:18', 'admin', '2026-01-23 19:01:52', '同步数据库');
INSERT INTO `sys_menu` VALUES (85, '生成代码', 72, 6, '', '', NULL, '', 1, 1, 'F', '0', '0', 'tool:gen:create', '#', 'admin', '2026-01-23 15:55:59', 'admin', '2026-01-23 19:01:56', '生成代码\n');
INSERT INTO `sys_menu` VALUES (86, '添加', 72, 1, '', '', NULL, '', 1, 1, 'F', '0', '0', 'tool:gen:add', '#', 'admin', '2026-01-23 15:56:17', 'admin', '2026-01-23 19:01:31', '添加');
INSERT INTO `sys_menu` VALUES (87, '解除锁定', 6, 7, '', '', NULL, '', 1, 1, 'F', '0', '0', 'system:user:unLock', '#', 'admin', '2026-01-23 18:49:56', '', NULL, '解除锁定');

-- ----------------------------
-- Table structure for sys_notice
-- ----------------------------
DROP TABLE IF EXISTS `sys_notice`;
CREATE TABLE `sys_notice`  (
  `notice_id` int(4) NOT NULL AUTO_INCREMENT COMMENT '公告ID',
  `notice_title` varchar(50) CHARACTER SET utf8mb4 COLLATE utf8mb4_unicode_ci NOT NULL COMMENT '公告标题',
  `notice_type` char(1) CHARACTER SET utf8mb4 COLLATE utf8mb4_unicode_ci NOT NULL COMMENT '公告类型（1通知 2公告）',
  `notice_content` longblob NULL COMMENT '公告内容',
  `status` char(1) CHARACTER SET utf8mb4 COLLATE utf8mb4_unicode_ci NULL DEFAULT '0' COMMENT '公告状态（0正常 1关闭）',
  `create_by` varchar(64) CHARACTER SET utf8mb4 COLLATE utf8mb4_unicode_ci NULL DEFAULT '' COMMENT '创建者',
  `create_time` datetime(0) NULL DEFAULT NULL COMMENT '创建时间',
  `update_by` varchar(64) CHARACTER SET utf8mb4 COLLATE utf8mb4_unicode_ci NULL DEFAULT '' COMMENT '更新者',
  `update_time` datetime(0) NULL DEFAULT NULL COMMENT '更新时间',
  `remark` varchar(255) CHARACTER SET utf8mb4 COLLATE utf8mb4_unicode_ci NULL DEFAULT NULL COMMENT '备注',
  PRIMARY KEY (`notice_id`) USING BTREE
) ENGINE = InnoDB AUTO_INCREMENT = 3 CHARACTER SET = utf8mb4 COLLATE = utf8mb4_unicode_ci COMMENT = '通知公告表' ROW_FORMAT = Dynamic;

-- ----------------------------
-- Records of sys_notice
-- ----------------------------
INSERT INTO `sys_notice` VALUES (1, '温馨提醒：2018-07-01 若依新版本发布啦', '2', 0xE696B0E78988E69CACE58685E5AEB9, '0', 'admin', '2025-12-28 13:46:34', '', NULL, '管理员');
INSERT INTO `sys_notice` VALUES (2, '维护通知：2018-07-01 若依系统凌晨维护', '1', 0xE7BBB4E68AA4E58685E5AEB9, '0', 'admin', '2025-12-28 13:46:34', '', NULL, '管理员');

-- ----------------------------
-- Table structure for sys_oper_log
-- ----------------------------
DROP TABLE IF EXISTS `sys_oper_log`;
CREATE TABLE `sys_oper_log`  (
  `oper_id` bigint(20) NOT NULL AUTO_INCREMENT COMMENT '日志主键',
  `title` varchar(50) CHARACTER SET utf8mb4 COLLATE utf8mb4_unicode_ci NULL DEFAULT '' COMMENT '模块标题',
  `business_type` int(2) NULL DEFAULT 0 COMMENT '业务类型（0其它 1新增 2修改 3删除）',
  `method` varchar(200) CHARACTER SET utf8mb4 COLLATE utf8mb4_unicode_ci NULL DEFAULT '' COMMENT '方法名称',
  `request_method` varchar(10) CHARACTER SET utf8mb4 COLLATE utf8mb4_unicode_ci NULL DEFAULT '' COMMENT '请求方式',
  `operator_type` int(1) NULL DEFAULT 0 COMMENT '操作类别（0其它 1后台用户 2手机端用户）',
  `oper_name` varchar(50) CHARACTER SET utf8mb4 COLLATE utf8mb4_unicode_ci NULL DEFAULT '' COMMENT '操作人员',
  `dept_name` varchar(50) CHARACTER SET utf8mb4 COLLATE utf8mb4_unicode_ci NULL DEFAULT '' COMMENT '部门名称',
  `oper_url` varchar(255) CHARACTER SET utf8mb4 COLLATE utf8mb4_unicode_ci NULL DEFAULT '' COMMENT '请求URL',
  `oper_ip` varchar(128) CHARACTER SET utf8mb4 COLLATE utf8mb4_unicode_ci NULL DEFAULT '' COMMENT '主机地址',
  `oper_location` varchar(255) CHARACTER SET utf8mb4 COLLATE utf8mb4_unicode_ci NULL DEFAULT '' COMMENT '操作地点',
  `oper_param` varchar(2000) CHARACTER SET utf8mb4 COLLATE utf8mb4_unicode_ci NULL DEFAULT '' COMMENT '请求参数',
  `json_result` varchar(2000) CHARACTER SET utf8mb4 COLLATE utf8mb4_unicode_ci NULL DEFAULT '' COMMENT '返回参数',
  `status` int(1) NULL DEFAULT 0 COMMENT '操作状态（0正常 1异常）',
  `error_msg` varchar(2000) CHARACTER SET utf8mb4 COLLATE utf8mb4_unicode_ci NULL DEFAULT '' COMMENT '错误消息',
  `oper_time` datetime(0) NULL DEFAULT NULL COMMENT '操作时间',
  `cost_time` bigint(20) NULL DEFAULT 0 COMMENT '消耗时间',
  PRIMARY KEY (`oper_id`) USING BTREE,
  INDEX `idx_sys_oper_log_bt`(`business_type`) USING BTREE,
  INDEX `idx_sys_oper_log_s`(`status`) USING BTREE,
  INDEX `idx_sys_oper_log_ot`(`oper_time`) USING BTREE
) ENGINE = InnoDB AUTO_INCREMENT = 319 CHARACTER SET = utf8mb4 COLLATE = utf8mb4_unicode_ci COMMENT = '操作日志记录' ROW_FORMAT = Dynamic;

-- ----------------------------
-- Records of sys_oper_log
-- ----------------------------
INSERT INTO `sys_oper_log` VALUES (190, '操作日志', 3, 'com.star.pivot.controller.SysOperLogController.clean()', 'DELETE', 1, 'admin', '研发部门', '/api/sys/operlog/clean', '0:0:0:0:0:0:0:1', '', '', '{\"code\":200,\"message\":\"清空成功\",\"data\":null,\"timestamp\":1769153743527}', 0, '', '2026-01-23 15:35:44', 5);
INSERT INTO `sys_oper_log` VALUES (191, '操作日志', 0, 'com.star.pivot.controller.SysOperLogController.pageList()', 'POST', 1, 'admin', '研发部门', '/api/sys/operlog/pageList', '0:0:0:0:0:0:0:1', '', '[{\"pageNum\":1,\"pageSize\":20,\"title\":null,\"businessType\":null,\"operName\":null,\"status\":null,\"startTime\":null,\"endTime\":null}]', 'Result(code=200, message=操作成功, data=PageResponse(total=1, rows=[OperLogVO(operId=190, title=操作日志, businessType=3, method=com.star.pivot.controller.SysOperLogController.clean(), requestMethod=DELETE, operatorType=1, operName=admin, deptName=研发部门, operUrl=/api/sys/operlog/clean, operIp=0:0:0:0:0:0:0:1, operLocation=, operParam=, jsonResult={\"code\":200,\"message\":\"清空成功\",\"data\":null,\"timestamp\":1769153743527}, status=0, errorMsg=, operTime=2026-01-23T15:35:44, costTime=5)], pageNum=1, pageSize=20, pageCount=1), timestamp=1769153743542)', 0, '', '2026-01-23 15:35:44', 3);
INSERT INTO `sys_oper_log` VALUES (192, '操作日志', 0, 'com.star.pivot.controller.SysOperLogController.pageList()', 'POST', 1, 'admin', '研发部门', '/api/sys/operlog/pageList', '0:0:0:0:0:0:0:1', '', '[{\"pageNum\":1,\"pageSize\":20,\"title\":null,\"businessType\":null,\"operName\":null,\"status\":null,\"startTime\":null,\"endTime\":null}]', 'Result(code=200, message=操作成功, data=PageResponse(total=2, rows=[OperLogVO(operId=190, title=操作日志, businessType=3, method=com.star.pivot.controller.SysOperLogController.clean(), requestMethod=DELETE, operatorType=1, operName=admin, deptName=研发部门, operUrl=/api/sys/operlog/clean, operIp=0:0:0:0:0:0:0:1, operLocation=, operParam=, jsonResult={\"code\":200,\"message\":\"清空成功\",\"data\":null,\"timestamp\":1769153743527}, status=0, errorMsg=, operTime=2026-01-23T15:35:44, costTime=5), OperLogVO(operId=191, title=操作日志, businessType=0, method=com.star.pivot.controller.SysOperLogController.pageList(), requestMethod=POST, operatorType=1, operName=admin, deptName=研发部门, operUrl=/api/sys/operlog/pageList, operIp=0:0:0:0:0:0:0:1, operLocation=, operParam=[{\"pageNum\":1,\"pageSize\":20,\"title\":null,\"businessType\":null,\"operName\":null,\"status\":null,\"startTime\":null,\"endTime\":null}], jsonResult=Result(code=200, message=操作成功, data=PageResponse(total=1, rows=[OperLogVO(operId=190, title=操作日志, businessType=3, method=com.star.pivot.controller.SysOperLogController.clean(), requestMethod=DELETE, operatorType=1, operName=admin, deptName=研发部门, operUrl=/api/sys/operlog/clean, operIp=0:0:0:0:0:0:0:1, operLocation=, operParam=, jsonResult={\"code\":200,\"message\":\"清空成功\",\"data\":null,\"timestamp\":1769153743527}, status=0, errorMsg=, operTime=2026-01-23T15:35:44, costTime=5)], pageNum=1, pageSize=20, pageCount=1), timestamp=1769153743542), status=0, errorMsg=, operTime=2026-01-23T15:35:44, costTime=3)], pageNum=1, pageSize=20, pageCount=1), timestamp=1769153799901)', 0, '', '2026-01-23 15:36:40', 4);
INSERT INTO `sys_oper_log` VALUES (193, '操作日志', 0, 'com.star.pivot.controller.SysOperLogController.pageList()', 'POST', 1, 'admin', '研发部门', '/api/sys/operlog/pageList', '0:0:0:0:0:0:0:1', '', '[{\"pageNum\":1,\"pageSize\":20,\"title\":null,\"businessType\":null,\"operName\":null,\"status\":null,\"startTime\":null,\"endTime\":null}]', 'Result(code=200, message=操作成功, data=PageResponse(total=3, rows=[OperLogVO(operId=192, title=操作日志, businessType=0, method=com.star.pivot.controller.SysOperLogController.pageList(), requestMethod=POST, operatorType=1, operName=admin, deptName=研发部门, operUrl=/api/sys/operlog/pageList, operIp=0:0:0:0:0:0:0:1, operLocation=, operParam=[{\"pageNum\":1,\"pageSize\":20,\"title\":null,\"businessType\":null,\"operName\":null,\"status\":null,\"startTime\":null,\"endTime\":null}], jsonResult=Result(code=200, message=操作成功, data=PageResponse(total=2, rows=[OperLogVO(operId=190, title=操作日志, businessType=3, method=com.star.pivot.controller.SysOperLogController.clean(), requestMethod=DELETE, operatorType=1, operName=admin, deptName=研发部门, operUrl=/api/sys/operlog/clean, operIp=0:0:0:0:0:0:0:1, operLocation=, operParam=, jsonResult={\"code\":200,\"message\":\"清空成功\",\"data\":null,\"timestamp\":1769153743527}, status=0, errorMsg=, operTime=2026-01-23T15:35:44, costTime=5), OperLogVO(operId=191, title=操作日志, businessType=0, method=com.star.pivot.controller.SysOperLogController.pageList(), requestMethod=POST, operatorType=1, operName=admin, deptName=研发部门, operUrl=/api/sys/operlog/pageList, operIp=0:0:0:0:0:0:0:1, operLocation=, operParam=[{\"pageNum\":1,\"pageSize\":20,\"title\":null,\"businessType\":null,\"operName\":null,\"status\":null,\"startTime\":null,\"endTime\":null}], jsonResult=Result(code=200, message=操作成功, data=PageResponse(total=1, rows=[OperLogVO(operId=190, title=操作日志, businessType=3, method=com.star.pivot.controller.SysOperLogController.clean(), requestMethod=DELETE, operatorType=1, operName=admin, deptName=研发部门, operUrl=/api/sys/operlog/clean, operIp=0:0:0:0:0:0:0:1, operLocation=, operParam=, jsonResult={\"code\":200,\"message\":\"清空成功\",\"data\":null,\"timestamp\":1769153743527}, status=0, errorMsg=, operTime=2026-01-23T15:35:44, costTime=5)], pageNum=1, pageSize=20, pageCount=1), timestamp=1769153743542), sta...', 0, '', '2026-01-23 15:36:54', 5);
INSERT INTO `sys_oper_log` VALUES (194, '操作日志', 0, 'com.star.pivot.controller.SysOperLogController.pageList()', 'POST', 1, 'admin', '研发部门', '/api/sys/operlog/pageList', '0:0:0:0:0:0:0:1', '', '[{\"pageNum\":1,\"pageSize\":20,\"title\":null,\"businessType\":null,\"operName\":null,\"status\":null,\"startTime\":null,\"endTime\":null}]', 'Result(code=200, message=操作成功, data=PageResponse(total=4, rows=[OperLogVO(operId=193, title=操作日志, businessType=0, method=com.star.pivot.controller.SysOperLogController.pageList(), requestMethod=POST, operatorType=1, operName=admin, deptName=研发部门, operUrl=/api/sys/operlog/pageList, operIp=0:0:0:0:0:0:0:1, operLocation=, operParam=[{\"pageNum\":1,\"pageSize\":20,\"title\":null,\"businessType\":null,\"operName\":null,\"status\":null,\"startTime\":null,\"endTime\":null}], jsonResult=Result(code=200, message=操作成功, data=PageResponse(total=3, rows=[OperLogVO(operId=192, title=操作日志, businessType=0, method=com.star.pivot.controller.SysOperLogController.pageList(), requestMethod=POST, operatorType=1, operName=admin, deptName=研发部门, operUrl=/api/sys/operlog/pageList, operIp=0:0:0:0:0:0:0:1, operLocation=, operParam=[{\"pageNum\":1,\"pageSize\":20,\"title\":null,\"businessType\":null,\"operName\":null,\"status\":null,\"startTime\":null,\"endTime\":null}], jsonResult=Result(code=200, message=操作成功, data=PageResponse(total=2, rows=[OperLogVO(operId=190, title=操作日志, businessType=3, method=com.star.pivot.controller.SysOperLogController.clean(), requestMethod=DELETE, operatorType=1, operName=admin, deptName=研发部门, operUrl=/api/sys/operlog/clean, operIp=0:0:0:0:0:0:0:1, operLocation=, operParam=, jsonResult={\"code\":200,\"message\":\"清空成功\",\"data\":null,\"timestamp\":1769153743527}, status=0, errorMsg=, operTime=2026-01-23T15:35:44, costTime=5), OperLogVO(operId=191, title=操作日志, businessType=0, method=com.star.pivot.controller.SysOperLogController.pageList(), requestMethod=POST, operatorType=1, operName=admin, deptName=研发部门, operUrl=/api/sys/operlog/pageList, operIp=0:0:0:0:0:0:0:1, operLocation=, operParam=[{\"pageNum\":1,\"pageSize\":20,\"title\":null,\"businessType\":null,\"operName\":null,\"status\":null,\"startTime\":null,\"endTime\":null}], jsonResult=Result(code=200, message=操作成功, data=PageResponse(total=1, rows=[OperLogVO...', 0, '', '2026-01-23 15:38:16', 4);
INSERT INTO `sys_oper_log` VALUES (195, '登录日志', 0, 'com.star.pivot.controller.SysLogininforController.pageList()', 'POST', 1, 'admin', '研发部门', '/api/sys/logininfor/pageList', '0:0:0:0:0:0:0:1', '', '[{\"pageNum\":1,\"pageSize\":20,\"userName\":null,\"ipaddr\":null,\"status\":null,\"startTime\":null,\"endTime\":null}]', 'Result(code=200, message=操作成功, data=PageResponse(total=1, rows=[LogininforVO(infoId=10, userName=admin, ipaddr=0:0:0:0:0:0:0:1, loginLocation=内网IP, browser=Chrome 143, os=Windows 10/11, status=0, msg=登录成功, loginTime=2026-01-23T15:10:47)], pageNum=1, pageSize=20, pageCount=1), timestamp=1769153950637)', 0, '', '2026-01-23 15:39:11', 4);
INSERT INTO `sys_oper_log` VALUES (196, '登录日志', 0, 'com.star.pivot.controller.SysLogininforController.pageList()', 'POST', 1, 'admin', '研发部门', '/api/sys/logininfor/pageList', '', '', '[{\"pageNum\":1,\"pageSize\":20,\"userName\":null,\"ipaddr\":null,\"status\":null,\"startTime\":null,\"endTime\":null}]', 'Result(code=200, message=操作成功, data=PageResponse(total=1, rows=[LogininforVO(infoId=10, userName=admin, ipaddr=0:0:0:0:0:0:0:1, loginLocation=内网IP, browser=Chrome 143, os=Windows 10/11, status=0, msg=登录成功, loginTime=2026-01-23T15:10:47)], pageNum=1, pageSize=20, pageCount=1), timestamp=1769154002435)', 0, '', '2026-01-23 15:40:02', 1223);
INSERT INTO `sys_oper_log` VALUES (197, '登录日志', 0, 'com.star.pivot.controller.SysLogininforController.pageList()', 'POST', 1, 'admin', '研发部门', '/api/sys/logininfor/pageList', '0:0:0:0:0:0:0:1', '', '[{\"pageNum\":1,\"pageSize\":20,\"userName\":null,\"ipaddr\":null,\"status\":null,\"startTime\":null,\"endTime\":null}]', 'Result(code=200, message=操作成功, data=PageResponse(total=1, rows=[LogininforVO(infoId=10, userName=admin, ipaddr=0:0:0:0:0:0:0:1, loginLocation=内网IP, browser=Chrome 143, os=Windows 10/11, status=0, msg=登录成功, loginTime=2026-01-23T15:10:47)], pageNum=1, pageSize=20, pageCount=1), timestamp=1769154010118)', 0, '', '2026-01-23 15:40:10', 790);
INSERT INTO `sys_oper_log` VALUES (198, '操作日志', 0, 'com.star.pivot.controller.SysOperLogController.pageList()', 'POST', 1, 'admin', '研发部门', '/api/sys/operlog/pageList', '0:0:0:0:0:0:0:1', '', '[{\"pageNum\":1,\"pageSize\":20,\"title\":null,\"businessType\":null,\"operName\":null,\"status\":null,\"startTime\":null,\"endTime\":null}]', 'Result(code=200, message=操作成功, data=PageResponse(total=8, rows=[OperLogVO(operId=197, title=登录日志, businessType=0, method=com.star.pivot.controller.SysLogininforController.pageList(), requestMethod=POST, operatorType=1, operName=admin, deptName=研发部门, operUrl=/api/sys/logininfor/pageList, operIp=0:0:0:0:0:0:0:1, operLocation=, operParam=[{\"pageNum\":1,\"pageSize\":20,\"userName\":null,\"ipaddr\":null,\"status\":null,\"startTime\":null,\"endTime\":null}], jsonResult=Result(code=200, message=操作成功, data=PageResponse(total=1, rows=[LogininforVO(infoId=10, userName=admin, ipaddr=0:0:0:0:0:0:0:1, loginLocation=内网IP, browser=Chrome 143, os=Windows 10/11, status=0, msg=登录成功, loginTime=2026-01-23T15:10:47)], pageNum=1, pageSize=20, pageCount=1), timestamp=1769154010118), status=0, errorMsg=, operTime=2026-01-23T15:40:10, costTime=790), OperLogVO(operId=196, title=登录日志, businessType=0, method=com.star.pivot.controller.SysLogininforController.pageList(), requestMethod=POST, operatorType=1, operName=admin, deptName=研发部门, operUrl=/api/sys/logininfor/pageList, operIp=, operLocation=, operParam=[{\"pageNum\":1,\"pageSize\":20,\"userName\":null,\"ipaddr\":null,\"status\":null,\"startTime\":null,\"endTime\":null}], jsonResult=Result(code=200, message=操作成功, data=PageResponse(total=1, rows=[LogininforVO(infoId=10, userName=admin, ipaddr=0:0:0:0:0:0:0:1, loginLocation=内网IP, browser=Chrome 143, os=Windows 10/11, status=0, msg=登录成功, loginTime=2026-01-23T15:10:47)], pageNum=1, pageSize=20, pageCount=1), timestamp=1769154002435), status=0, errorMsg=, operTime=2026-01-23T15:40:02, costTime=1223), OperLogVO(operId=195, title=登录日志, businessType=0, method=com.star.pivot.controller.SysLogininforController.pageList(), requestMethod=POST, operatorType=1, operName=admin, deptName=研发部门, operUrl=/api/sys/logininfor/pageList, operIp=0:0:0:0:0:0:0:1, operLocation=, operParam=[{\"pageNum\":1,\"pageSize\":20,\"userName\":null,\"ipaddr...', 0, '', '2026-01-23 15:40:14', 11);
INSERT INTO `sys_oper_log` VALUES (199, '操作日志', 0, 'com.star.pivot.controller.SysOperLogController.pageList()', 'POST', 1, 'admin', '研发部门', '/api/sys/operlog/pageList', '0:0:0:0:0:0:0:1', '', '参数解析失败', '{\"code\":200,\"message\":\"操作成功\",\"data\":{\"total\":0,\"rows\":[],\"pageNum\":1,\"pageSize\":20,\"pageCount\":0},\"timestamp\":1769154029139}', 0, '', '2026-01-23 15:40:29', 9);
INSERT INTO `sys_oper_log` VALUES (200, '操作日志', 0, 'com.star.pivot.controller.SysOperLogController.pageList()', 'POST', 1, 'admin', '研发部门', '/api/sys/operlog/pageList', '0:0:0:0:0:0:0:1', '', '[{\"pageNum\":1,\"pageSize\":20,\"title\":null,\"businessType\":null,\"operName\":null,\"status\":null,\"startTime\":null,\"endTime\":null}]', 'Result(code=200, message=操作成功, data=PageResponse(total=10, rows=[OperLogVO(operId=199, title=操作日志, businessType=0, method=com.star.pivot.controller.SysOperLogController.pageList(), requestMethod=POST, operatorType=1, operName=admin, deptName=研发部门, operUrl=/api/sys/operlog/pageList, operIp=0:0:0:0:0:0:0:1, operLocation=, operParam=参数解析失败, jsonResult={\"code\":200,\"message\":\"操作成功\",\"data\":{\"total\":0,\"rows\":[],\"pageNum\":1,\"pageSize\":20,\"pageCount\":0},\"timestamp\":1769154029139}, status=0, errorMsg=, operTime=2026-01-23T15:40:29, costTime=9), OperLogVO(operId=198, title=操作日志, businessType=0, method=com.star.pivot.controller.SysOperLogController.pageList(), requestMethod=POST, operatorType=1, operName=admin, deptName=研发部门, operUrl=/api/sys/operlog/pageList, operIp=0:0:0:0:0:0:0:1, operLocation=, operParam=[{\"pageNum\":1,\"pageSize\":20,\"title\":null,\"businessType\":null,\"operName\":null,\"status\":null,\"startTime\":null,\"endTime\":null}], jsonResult=Result(code=200, message=操作成功, data=PageResponse(total=8, rows=[OperLogVO(operId=197, title=登录日志, businessType=0, method=com.star.pivot.controller.SysLogininforController.pageList(), requestMethod=POST, operatorType=1, operName=admin, deptName=研发部门, operUrl=/api/sys/logininfor/pageList, operIp=0:0:0:0:0:0:0:1, operLocation=, operParam=[{\"pageNum\":1,\"pageSize\":20,\"userName\":null,\"ipaddr\":null,\"status\":null,\"startTime\":null,\"endTime\":null}], jsonResult=Result(code=200, message=操作成功, data=PageResponse(total=1, rows=[LogininforVO(infoId=10, userName=admin, ipaddr=0:0:0:0:0:0:0:1, loginLocation=内网IP, browser=Chrome 143, os=Windows 10/11, status=0, msg=登录成功, loginTime=2026-01-23T15:10:47)], pageNum=1, pageSize=20, pageCount=1), timestamp=1769154010118), status=0, errorMsg=, operTime=2026-01-23T15:40:10, costTime=790), OperLogVO(operId=196, title=登录日志, businessType=0, method=com.star.pivot.controller.SysLogininforController.pa...', 0, '', '2026-01-23 15:40:32', 11);
INSERT INTO `sys_oper_log` VALUES (201, '操作日志', 0, 'com.star.pivot.controller.SysOperLogController.pageList()', 'POST', 1, 'admin', '研发部门', '/api/sys/operlog/pageList', '0:0:0:0:0:0:0:1', '', '[{\"pageNum\":1,\"pageSize\":20,\"title\":null,\"businessType\":null,\"operName\":null,\"status\":null,\"startTime\":null,\"endTime\":null}]', 'Result(code=200, message=操作成功, data=PageResponse(total=11, rows=[OperLogVO(operId=200, title=操作日志, businessType=0, method=com.star.pivot.controller.SysOperLogController.pageList(), requestMethod=POST, operatorType=1, operName=admin, deptName=研发部门, operUrl=/api/sys/operlog/pageList, operIp=0:0:0:0:0:0:0:1, operLocation=, operParam=[{\"pageNum\":1,\"pageSize\":20,\"title\":null,\"businessType\":null,\"operName\":null,\"status\":null,\"startTime\":null,\"endTime\":null}], jsonResult=Result(code=200, message=操作成功, data=PageResponse(total=10, rows=[OperLogVO(operId=199, title=操作日志, businessType=0, method=com.star.pivot.controller.SysOperLogController.pageList(), requestMethod=POST, operatorType=1, operName=admin, deptName=研发部门, operUrl=/api/sys/operlog/pageList, operIp=0:0:0:0:0:0:0:1, operLocation=, operParam=参数解析失败, jsonResult={\"code\":200,\"message\":\"操作成功\",\"data\":{\"total\":0,\"rows\":[],\"pageNum\":1,\"pageSize\":20,\"pageCount\":0},\"timestamp\":1769154029139}, status=0, errorMsg=, operTime=2026-01-23T15:40:29, costTime=9), OperLogVO(operId=198, title=操作日志, businessType=0, method=com.star.pivot.controller.SysOperLogController.pageList(), requestMethod=POST, operatorType=1, operName=admin, deptName=研发部门, operUrl=/api/sys/operlog/pageList, operIp=0:0:0:0:0:0:0:1, operLocation=, operParam=[{\"pageNum\":1,\"pageSize\":20,\"title\":null,\"businessType\":null,\"operName\":null,\"status\":null,\"startTime\":null,\"endTime\":null}], jsonResult=Result(code=200, message=操作成功, data=PageResponse(total=8, rows=[OperLogVO(operId=197, title=登录日志, businessType=0, method=com.star.pivot.controller.SysLogininforController.pageList(), requestMethod=POST, operatorType=1, operName=admin, deptName=研发部门, operUrl=/api/sys/logininfor/pageList, operIp=0:0:0:0:0:0:0:1, operLocation=, operParam=[{\"pageNum\":1,\"pageSize\":20,\"userName\":null,\"ipaddr\":null,\"status\":null,\"startTime\":null,\"endTime\":null}], jsonResult=Result(code=2...', 0, '', '2026-01-23 15:40:33', 5);
INSERT INTO `sys_oper_log` VALUES (202, '操作日志', 0, 'com.star.pivot.controller.SysOperLogController.pageList()', 'POST', 1, 'admin', '研发部门', '/api/sys/operlog/pageList', '0:0:0:0:0:0:0:1', '', '[{\"pageNum\":1,\"pageSize\":20,\"title\":null,\"businessType\":null,\"operName\":null,\"status\":null,\"startTime\":null,\"endTime\":null}]', 'Result(code=200, message=操作成功, data=PageResponse(total=12, rows=[OperLogVO(operId=201, title=操作日志, businessType=0, method=com.star.pivot.controller.SysOperLogController.pageList(), requestMethod=POST, operatorType=1, operName=admin, deptName=研发部门, operUrl=/api/sys/operlog/pageList, operIp=0:0:0:0:0:0:0:1, operLocation=, operParam=[{\"pageNum\":1,\"pageSize\":20,\"title\":null,\"businessType\":null,\"operName\":null,\"status\":null,\"startTime\":null,\"endTime\":null}], jsonResult=Result(code=200, message=操作成功, data=PageResponse(total=11, rows=[OperLogVO(operId=200, title=操作日志, businessType=0, method=com.star.pivot.controller.SysOperLogController.pageList(), requestMethod=POST, operatorType=1, operName=admin, deptName=研发部门, operUrl=/api/sys/operlog/pageList, operIp=0:0:0:0:0:0:0:1, operLocation=, operParam=[{\"pageNum\":1,\"pageSize\":20,\"title\":null,\"businessType\":null,\"operName\":null,\"status\":null,\"startTime\":null,\"endTime\":null}], jsonResult=Result(code=200, message=操作成功, data=PageResponse(total=10, rows=[OperLogVO(operId=199, title=操作日志, businessType=0, method=com.star.pivot.controller.SysOperLogController.pageList(), requestMethod=POST, operatorType=1, operName=admin, deptName=研发部门, operUrl=/api/sys/operlog/pageList, operIp=0:0:0:0:0:0:0:1, operLocation=, operParam=参数解析失败, jsonResult={\"code\":200,\"message\":\"操作成功\",\"data\":{\"total\":0,\"rows\":[],\"pageNum\":1,\"pageSize\":20,\"pageCount\":0},\"timestamp\":1769154029139}, status=0, errorMsg=, operTime=2026-01-23T15:40:29, costTime=9), OperLogVO(operId=198, title=操作日志, businessType=0, method=com.star.pivot.controller.SysOperLogController.pageList(), requestMethod=POST, operatorType=1, operName=admin, deptName=研发部门, operUrl=/api/sys/operlog/pageList, operIp=0:0:0:0:0:0:0:1, operLocation=, operParam=[{\"pageNum\":1,\"pageSize\":20,\"title\":null,\"businessType\":null,\"operName\":null,\"status\":null,\"startTime\":null,\"endTime\":null}], jsonResult...', 0, '', '2026-01-23 15:40:33', 5);
INSERT INTO `sys_oper_log` VALUES (203, '操作日志', 0, 'com.star.pivot.controller.SysOperLogController.pageList()', 'POST', 1, 'admin', '研发部门', '/api/sys/operlog/pageList', '0:0:0:0:0:0:0:1', '', '[{\"pageNum\":1,\"pageSize\":20,\"title\":null,\"businessType\":null,\"operName\":null,\"status\":null,\"startTime\":null,\"endTime\":null}]', 'Result(code=200, message=操作成功, data=PageResponse(total=13, rows=[OperLogVO(operId=201, title=操作日志, businessType=0, method=com.star.pivot.controller.SysOperLogController.pageList(), requestMethod=POST, operatorType=1, operName=admin, deptName=研发部门, operUrl=/api/sys/operlog/pageList, operIp=0:0:0:0:0:0:0:1, operLocation=, operParam=[{\"pageNum\":1,\"pageSize\":20,\"title\":null,\"businessType\":null,\"operName\":null,\"status\":null,\"startTime\":null,\"endTime\":null}], jsonResult=Result(code=200, message=操作成功, data=PageResponse(total=11, rows=[OperLogVO(operId=200, title=操作日志, businessType=0, method=com.star.pivot.controller.SysOperLogController.pageList(), requestMethod=POST, operatorType=1, operName=admin, deptName=研发部门, operUrl=/api/sys/operlog/pageList, operIp=0:0:0:0:0:0:0:1, operLocation=, operParam=[{\"pageNum\":1,\"pageSize\":20,\"title\":null,\"businessType\":null,\"operName\":null,\"status\":null,\"startTime\":null,\"endTime\":null}], jsonResult=Result(code=200, message=操作成功, data=PageResponse(total=10, rows=[OperLogVO(operId=199, title=操作日志, businessType=0, method=com.star.pivot.controller.SysOperLogController.pageList(), requestMethod=POST, operatorType=1, operName=admin, deptName=研发部门, operUrl=/api/sys/operlog/pageList, operIp=0:0:0:0:0:0:0:1, operLocation=, operParam=参数解析失败, jsonResult={\"code\":200,\"message\":\"操作成功\",\"data\":{\"total\":0,\"rows\":[],\"pageNum\":1,\"pageSize\":20,\"pageCount\":0},\"timestamp\":1769154029139}, status=0, errorMsg=, operTime=2026-01-23T15:40:29, costTime=9), OperLogVO(operId=198, title=操作日志, businessType=0, method=com.star.pivot.controller.SysOperLogController.pageList(), requestMethod=POST, operatorType=1, operName=admin, deptName=研发部门, operUrl=/api/sys/operlog/pageList, operIp=0:0:0:0:0:0:0:1, operLocation=, operParam=[{\"pageNum\":1,\"pageSize\":20,\"title\":null,\"businessType\":null,\"operName\":null,\"status\":null,\"startTime\":null,\"endTime\":null}], jsonResult...', 0, '', '2026-01-23 15:40:33', 6);
INSERT INTO `sys_oper_log` VALUES (204, '操作日志', 0, 'com.star.pivot.controller.SysOperLogController.pageList()', 'POST', 1, 'admin', '研发部门', '/api/sys/operlog/pageList', '0:0:0:0:0:0:0:1', '', '[{\"pageNum\":1,\"pageSize\":20,\"title\":null,\"businessType\":null,\"operName\":null,\"status\":null,\"startTime\":null,\"endTime\":null}]', 'Result(code=200, message=操作成功, data=PageResponse(total=14, rows=[OperLogVO(operId=201, title=操作日志, businessType=0, method=com.star.pivot.controller.SysOperLogController.pageList(), requestMethod=POST, operatorType=1, operName=admin, deptName=研发部门, operUrl=/api/sys/operlog/pageList, operIp=0:0:0:0:0:0:0:1, operLocation=, operParam=[{\"pageNum\":1,\"pageSize\":20,\"title\":null,\"businessType\":null,\"operName\":null,\"status\":null,\"startTime\":null,\"endTime\":null}], jsonResult=Result(code=200, message=操作成功, data=PageResponse(total=11, rows=[OperLogVO(operId=200, title=操作日志, businessType=0, method=com.star.pivot.controller.SysOperLogController.pageList(), requestMethod=POST, operatorType=1, operName=admin, deptName=研发部门, operUrl=/api/sys/operlog/pageList, operIp=0:0:0:0:0:0:0:1, operLocation=, operParam=[{\"pageNum\":1,\"pageSize\":20,\"title\":null,\"businessType\":null,\"operName\":null,\"status\":null,\"startTime\":null,\"endTime\":null}], jsonResult=Result(code=200, message=操作成功, data=PageResponse(total=10, rows=[OperLogVO(operId=199, title=操作日志, businessType=0, method=com.star.pivot.controller.SysOperLogController.pageList(), requestMethod=POST, operatorType=1, operName=admin, deptName=研发部门, operUrl=/api/sys/operlog/pageList, operIp=0:0:0:0:0:0:0:1, operLocation=, operParam=参数解析失败, jsonResult={\"code\":200,\"message\":\"操作成功\",\"data\":{\"total\":0,\"rows\":[],\"pageNum\":1,\"pageSize\":20,\"pageCount\":0},\"timestamp\":1769154029139}, status=0, errorMsg=, operTime=2026-01-23T15:40:29, costTime=9), OperLogVO(operId=198, title=操作日志, businessType=0, method=com.star.pivot.controller.SysOperLogController.pageList(), requestMethod=POST, operatorType=1, operName=admin, deptName=研发部门, operUrl=/api/sys/operlog/pageList, operIp=0:0:0:0:0:0:0:1, operLocation=, operParam=[{\"pageNum\":1,\"pageSize\":20,\"title\":null,\"businessType\":null,\"operName\":null,\"status\":null,\"startTime\":null,\"endTime\":null}], jsonResult...', 0, '', '2026-01-23 15:40:33', 5);
INSERT INTO `sys_oper_log` VALUES (205, '操作日志', 0, 'com.star.pivot.controller.SysOperLogController.pageList()', 'POST', 1, 'admin', '研发部门', '/api/sys/operlog/pageList', '0:0:0:0:0:0:0:1', '', '[{\"pageNum\":1,\"pageSize\":20,\"title\":null,\"businessType\":null,\"operName\":null,\"status\":null,\"startTime\":null,\"endTime\":null}]', 'Result(code=200, message=操作成功, data=PageResponse(total=15, rows=[OperLogVO(operId=201, title=操作日志, businessType=0, method=com.star.pivot.controller.SysOperLogController.pageList(), requestMethod=POST, operatorType=1, operName=admin, deptName=研发部门, operUrl=/api/sys/operlog/pageList, operIp=0:0:0:0:0:0:0:1, operLocation=, operParam=[{\"pageNum\":1,\"pageSize\":20,\"title\":null,\"businessType\":null,\"operName\":null,\"status\":null,\"startTime\":null,\"endTime\":null}], jsonResult=Result(code=200, message=操作成功, data=PageResponse(total=11, rows=[OperLogVO(operId=200, title=操作日志, businessType=0, method=com.star.pivot.controller.SysOperLogController.pageList(), requestMethod=POST, operatorType=1, operName=admin, deptName=研发部门, operUrl=/api/sys/operlog/pageList, operIp=0:0:0:0:0:0:0:1, operLocation=, operParam=[{\"pageNum\":1,\"pageSize\":20,\"title\":null,\"businessType\":null,\"operName\":null,\"status\":null,\"startTime\":null,\"endTime\":null}], jsonResult=Result(code=200, message=操作成功, data=PageResponse(total=10, rows=[OperLogVO(operId=199, title=操作日志, businessType=0, method=com.star.pivot.controller.SysOperLogController.pageList(), requestMethod=POST, operatorType=1, operName=admin, deptName=研发部门, operUrl=/api/sys/operlog/pageList, operIp=0:0:0:0:0:0:0:1, operLocation=, operParam=参数解析失败, jsonResult={\"code\":200,\"message\":\"操作成功\",\"data\":{\"total\":0,\"rows\":[],\"pageNum\":1,\"pageSize\":20,\"pageCount\":0},\"timestamp\":1769154029139}, status=0, errorMsg=, operTime=2026-01-23T15:40:29, costTime=9), OperLogVO(operId=198, title=操作日志, businessType=0, method=com.star.pivot.controller.SysOperLogController.pageList(), requestMethod=POST, operatorType=1, operName=admin, deptName=研发部门, operUrl=/api/sys/operlog/pageList, operIp=0:0:0:0:0:0:0:1, operLocation=, operParam=[{\"pageNum\":1,\"pageSize\":20,\"title\":null,\"businessType\":null,\"operName\":null,\"status\":null,\"startTime\":null,\"endTime\":null}], jsonResult...', 0, '', '2026-01-23 15:40:34', 6);
INSERT INTO `sys_oper_log` VALUES (206, '操作日志', 0, 'com.star.pivot.controller.SysOperLogController.pageList()', 'POST', 1, 'admin', '研发部门', '/api/sys/operlog/pageList', '0:0:0:0:0:0:0:1', '', '[{\"pageNum\":1,\"pageSize\":20,\"title\":null,\"businessType\":null,\"operName\":null,\"status\":null,\"startTime\":null,\"endTime\":null}]', 'Result(code=200, message=操作成功, data=PageResponse(total=16, rows=[OperLogVO(operId=205, title=操作日志, businessType=0, method=com.star.pivot.controller.SysOperLogController.pageList(), requestMethod=POST, operatorType=1, operName=admin, deptName=研发部门, operUrl=/api/sys/operlog/pageList, operIp=0:0:0:0:0:0:0:1, operLocation=, operParam=[{\"pageNum\":1,\"pageSize\":20,\"title\":null,\"businessType\":null,\"operName\":null,\"status\":null,\"startTime\":null,\"endTime\":null}], jsonResult=Result(code=200, message=操作成功, data=PageResponse(total=15, rows=[OperLogVO(operId=201, title=操作日志, businessType=0, method=com.star.pivot.controller.SysOperLogController.pageList(), requestMethod=POST, operatorType=1, operName=admin, deptName=研发部门, operUrl=/api/sys/operlog/pageList, operIp=0:0:0:0:0:0:0:1, operLocation=, operParam=[{\"pageNum\":1,\"pageSize\":20,\"title\":null,\"businessType\":null,\"operName\":null,\"status\":null,\"startTime\":null,\"endTime\":null}], jsonResult=Result(code=200, message=操作成功, data=PageResponse(total=11, rows=[OperLogVO(operId=200, title=操作日志, businessType=0, method=com.star.pivot.controller.SysOperLogController.pageList(), requestMethod=POST, operatorType=1, operName=admin, deptName=研发部门, operUrl=/api/sys/operlog/pageList, operIp=0:0:0:0:0:0:0:1, operLocation=, operParam=[{\"pageNum\":1,\"pageSize\":20,\"title\":null,\"businessType\":null,\"operName\":null,\"status\":null,\"startTime\":null,\"endTime\":null}], jsonResult=Result(code=200, message=操作成功, data=PageResponse(total=10, rows=[OperLogVO(operId=199, title=操作日志, businessType=0, method=com.star.pivot.controller.SysOperLogController.pageList(), requestMethod=POST, operatorType=1, operName=admin, deptName=研发部门, operUrl=/api/sys/operlog/pageList, operIp=0:0:0:0:0:0:0:1, operLocation=, operParam=参数解析失败, jsonResult={\"code\":200,\"message\":\"操作成功\",\"data\":{\"total\":0,\"rows\":[],\"pageNum\":1,\"pageSize\":20,\"pageCount\":0},\"timestamp\":176915...', 0, '', '2026-01-23 15:40:34', 5);
INSERT INTO `sys_oper_log` VALUES (207, '操作日志', 0, 'com.star.pivot.controller.SysOperLogController.pageList()', 'POST', 1, 'admin', '研发部门', '/api/sys/operlog/pageList', '0:0:0:0:0:0:0:1', '', '[{\"pageNum\":1,\"pageSize\":20,\"title\":null,\"businessType\":null,\"operName\":null,\"status\":null,\"startTime\":null,\"endTime\":null}]', 'Result(code=200, message=操作成功, data=PageResponse(total=17, rows=[OperLogVO(operId=205, title=操作日志, businessType=0, method=com.star.pivot.controller.SysOperLogController.pageList(), requestMethod=POST, operatorType=1, operName=admin, deptName=研发部门, operUrl=/api/sys/operlog/pageList, operIp=0:0:0:0:0:0:0:1, operLocation=, operParam=[{\"pageNum\":1,\"pageSize\":20,\"title\":null,\"businessType\":null,\"operName\":null,\"status\":null,\"startTime\":null,\"endTime\":null}], jsonResult=Result(code=200, message=操作成功, data=PageResponse(total=15, rows=[OperLogVO(operId=201, title=操作日志, businessType=0, method=com.star.pivot.controller.SysOperLogController.pageList(), requestMethod=POST, operatorType=1, operName=admin, deptName=研发部门, operUrl=/api/sys/operlog/pageList, operIp=0:0:0:0:0:0:0:1, operLocation=, operParam=[{\"pageNum\":1,\"pageSize\":20,\"title\":null,\"businessType\":null,\"operName\":null,\"status\":null,\"startTime\":null,\"endTime\":null}], jsonResult=Result(code=200, message=操作成功, data=PageResponse(total=11, rows=[OperLogVO(operId=200, title=操作日志, businessType=0, method=com.star.pivot.controller.SysOperLogController.pageList(), requestMethod=POST, operatorType=1, operName=admin, deptName=研发部门, operUrl=/api/sys/operlog/pageList, operIp=0:0:0:0:0:0:0:1, operLocation=, operParam=[{\"pageNum\":1,\"pageSize\":20,\"title\":null,\"businessType\":null,\"operName\":null,\"status\":null,\"startTime\":null,\"endTime\":null}], jsonResult=Result(code=200, message=操作成功, data=PageResponse(total=10, rows=[OperLogVO(operId=199, title=操作日志, businessType=0, method=com.star.pivot.controller.SysOperLogController.pageList(), requestMethod=POST, operatorType=1, operName=admin, deptName=研发部门, operUrl=/api/sys/operlog/pageList, operIp=0:0:0:0:0:0:0:1, operLocation=, operParam=参数解析失败, jsonResult={\"code\":200,\"message\":\"操作成功\",\"data\":{\"total\":0,\"rows\":[],\"pageNum\":1,\"pageSize\":20,\"pageCount\":0},\"timestamp\":176915...', 0, '', '2026-01-23 15:40:34', 6);
INSERT INTO `sys_oper_log` VALUES (208, '操作日志', 0, 'com.star.pivot.controller.SysOperLogController.pageList()', 'POST', 1, 'admin', '研发部门', '/api/sys/operlog/pageList', '0:0:0:0:0:0:0:1', '', '[{\"pageNum\":1,\"pageSize\":20,\"title\":null,\"businessType\":null,\"operName\":null,\"status\":null,\"startTime\":null,\"endTime\":null}]', 'Result(code=200, message=操作成功, data=PageResponse(total=18, rows=[OperLogVO(operId=205, title=操作日志, businessType=0, method=com.star.pivot.controller.SysOperLogController.pageList(), requestMethod=POST, operatorType=1, operName=admin, deptName=研发部门, operUrl=/api/sys/operlog/pageList, operIp=0:0:0:0:0:0:0:1, operLocation=, operParam=[{\"pageNum\":1,\"pageSize\":20,\"title\":null,\"businessType\":null,\"operName\":null,\"status\":null,\"startTime\":null,\"endTime\":null}], jsonResult=Result(code=200, message=操作成功, data=PageResponse(total=15, rows=[OperLogVO(operId=201, title=操作日志, businessType=0, method=com.star.pivot.controller.SysOperLogController.pageList(), requestMethod=POST, operatorType=1, operName=admin, deptName=研发部门, operUrl=/api/sys/operlog/pageList, operIp=0:0:0:0:0:0:0:1, operLocation=, operParam=[{\"pageNum\":1,\"pageSize\":20,\"title\":null,\"businessType\":null,\"operName\":null,\"status\":null,\"startTime\":null,\"endTime\":null}], jsonResult=Result(code=200, message=操作成功, data=PageResponse(total=11, rows=[OperLogVO(operId=200, title=操作日志, businessType=0, method=com.star.pivot.controller.SysOperLogController.pageList(), requestMethod=POST, operatorType=1, operName=admin, deptName=研发部门, operUrl=/api/sys/operlog/pageList, operIp=0:0:0:0:0:0:0:1, operLocation=, operParam=[{\"pageNum\":1,\"pageSize\":20,\"title\":null,\"businessType\":null,\"operName\":null,\"status\":null,\"startTime\":null,\"endTime\":null}], jsonResult=Result(code=200, message=操作成功, data=PageResponse(total=10, rows=[OperLogVO(operId=199, title=操作日志, businessType=0, method=com.star.pivot.controller.SysOperLogController.pageList(), requestMethod=POST, operatorType=1, operName=admin, deptName=研发部门, operUrl=/api/sys/operlog/pageList, operIp=0:0:0:0:0:0:0:1, operLocation=, operParam=参数解析失败, jsonResult={\"code\":200,\"message\":\"操作成功\",\"data\":{\"total\":0,\"rows\":[],\"pageNum\":1,\"pageSize\":20,\"pageCount\":0},\"timestamp\":176915...', 0, '', '2026-01-23 15:40:35', 6);
INSERT INTO `sys_oper_log` VALUES (209, '操作日志', 0, 'com.star.pivot.controller.SysOperLogController.pageList()', 'POST', 1, 'admin', '研发部门', '/api/sys/operlog/pageList', '0:0:0:0:0:0:0:1', '', '[{\"pageNum\":1,\"pageSize\":20,\"title\":null,\"businessType\":null,\"operName\":null,\"status\":null,\"startTime\":null,\"endTime\":null}]', 'Result(code=200, message=操作成功, data=PageResponse(total=19, rows=[OperLogVO(operId=208, title=操作日志, businessType=0, method=com.star.pivot.controller.SysOperLogController.pageList(), requestMethod=POST, operatorType=1, operName=admin, deptName=研发部门, operUrl=/api/sys/operlog/pageList, operIp=0:0:0:0:0:0:0:1, operLocation=, operParam=[{\"pageNum\":1,\"pageSize\":20,\"title\":null,\"businessType\":null,\"operName\":null,\"status\":null,\"startTime\":null,\"endTime\":null}], jsonResult=Result(code=200, message=操作成功, data=PageResponse(total=18, rows=[OperLogVO(operId=205, title=操作日志, businessType=0, method=com.star.pivot.controller.SysOperLogController.pageList(), requestMethod=POST, operatorType=1, operName=admin, deptName=研发部门, operUrl=/api/sys/operlog/pageList, operIp=0:0:0:0:0:0:0:1, operLocation=, operParam=[{\"pageNum\":1,\"pageSize\":20,\"title\":null,\"businessType\":null,\"operName\":null,\"status\":null,\"startTime\":null,\"endTime\":null}], jsonResult=Result(code=200, message=操作成功, data=PageResponse(total=15, rows=[OperLogVO(operId=201, title=操作日志, businessType=0, method=com.star.pivot.controller.SysOperLogController.pageList(), requestMethod=POST, operatorType=1, operName=admin, deptName=研发部门, operUrl=/api/sys/operlog/pageList, operIp=0:0:0:0:0:0:0:1, operLocation=, operParam=[{\"pageNum\":1,\"pageSize\":20,\"title\":null,\"businessType\":null,\"operName\":null,\"status\":null,\"startTime\":null,\"endTime\":null}], jsonResult=Result(code=200, message=操作成功, data=PageResponse(total=11, rows=[OperLogVO(operId=200, title=操作日志, businessType=0, method=com.star.pivot.controller.SysOperLogController.pageList(), requestMethod=POST, operatorType=1, operName=admin, deptName=研发部门, operUrl=/api/sys/operlog/pageList, operIp=0:0:0:0:0:0:0:1, operLocation=, operParam=[{\"pageNum\":1,\"pageSize\":20,\"title\":null,\"businessType\":null,\"operName\":null,\"status\":null,\"startTime\":null,\"endTime\":null}], jsonResult=Result(code=200, m...', 0, '', '2026-01-23 15:40:37', 5);
INSERT INTO `sys_oper_log` VALUES (210, '操作日志', 0, 'com.star.pivot.controller.SysOperLogController.pageList()', 'POST', 1, 'admin', '研发部门', '/api/sys/operlog/pageList', '0:0:0:0:0:0:0:1', '', '[{\"pageNum\":1,\"pageSize\":20,\"title\":null,\"businessType\":null,\"operName\":null,\"status\":null,\"startTime\":null,\"endTime\":null}]', 'Result(code=200, message=操作成功, data=PageResponse(total=20, rows=[OperLogVO(operId=209, title=操作日志, businessType=0, method=com.star.pivot.controller.SysOperLogController.pageList(), requestMethod=POST, operatorType=1, operName=admin, deptName=研发部门, operUrl=/api/sys/operlog/pageList, operIp=0:0:0:0:0:0:0:1, operLocation=, operParam=[{\"pageNum\":1,\"pageSize\":20,\"title\":null,\"businessType\":null,\"operName\":null,\"status\":null,\"startTime\":null,\"endTime\":null}], jsonResult=Result(code=200, message=操作成功, data=PageResponse(total=19, rows=[OperLogVO(operId=208, title=操作日志, businessType=0, method=com.star.pivot.controller.SysOperLogController.pageList(), requestMethod=POST, operatorType=1, operName=admin, deptName=研发部门, operUrl=/api/sys/operlog/pageList, operIp=0:0:0:0:0:0:0:1, operLocation=, operParam=[{\"pageNum\":1,\"pageSize\":20,\"title\":null,\"businessType\":null,\"operName\":null,\"status\":null,\"startTime\":null,\"endTime\":null}], jsonResult=Result(code=200, message=操作成功, data=PageResponse(total=18, rows=[OperLogVO(operId=205, title=操作日志, businessType=0, method=com.star.pivot.controller.SysOperLogController.pageList(), requestMethod=POST, operatorType=1, operName=admin, deptName=研发部门, operUrl=/api/sys/operlog/pageList, operIp=0:0:0:0:0:0:0:1, operLocation=, operParam=[{\"pageNum\":1,\"pageSize\":20,\"title\":null,\"businessType\":null,\"operName\":null,\"status\":null,\"startTime\":null,\"endTime\":null}], jsonResult=Result(code=200, message=操作成功, data=PageResponse(total=15, rows=[OperLogVO(operId=201, title=操作日志, businessType=0, method=com.star.pivot.controller.SysOperLogController.pageList(), requestMethod=POST, operatorType=1, operName=admin, deptName=研发部门, operUrl=/api/sys/operlog/pageList, operIp=0:0:0:0:0:0:0:1, operLocation=, operParam=[{\"pageNum\":1,\"pageSize\":20,\"title\":null,\"businessType\":null,\"operName\":null,\"status\":null,\"startTime\":null,\"endTime\":null}], jsonResult=Result(code=200, m...', 0, '', '2026-01-23 15:40:37', 5);
INSERT INTO `sys_oper_log` VALUES (211, '操作日志', 0, 'com.star.pivot.controller.SysOperLogController.pageList()', 'POST', 1, 'admin', '研发部门', '/api/sys/operlog/pageList', '0:0:0:0:0:0:0:1', '', '[{\"pageNum\":1,\"pageSize\":20,\"title\":null,\"businessType\":null,\"operName\":null,\"status\":null,\"startTime\":null,\"endTime\":null}]', 'Result(code=200, message=操作成功, data=PageResponse(total=21, rows=[OperLogVO(operId=209, title=操作日志, businessType=0, method=com.star.pivot.controller.SysOperLogController.pageList(), requestMethod=POST, operatorType=1, operName=admin, deptName=研发部门, operUrl=/api/sys/operlog/pageList, operIp=0:0:0:0:0:0:0:1, operLocation=, operParam=[{\"pageNum\":1,\"pageSize\":20,\"title\":null,\"businessType\":null,\"operName\":null,\"status\":null,\"startTime\":null,\"endTime\":null}], jsonResult=Result(code=200, message=操作成功, data=PageResponse(total=19, rows=[OperLogVO(operId=208, title=操作日志, businessType=0, method=com.star.pivot.controller.SysOperLogController.pageList(), requestMethod=POST, operatorType=1, operName=admin, deptName=研发部门, operUrl=/api/sys/operlog/pageList, operIp=0:0:0:0:0:0:0:1, operLocation=, operParam=[{\"pageNum\":1,\"pageSize\":20,\"title\":null,\"businessType\":null,\"operName\":null,\"status\":null,\"startTime\":null,\"endTime\":null}], jsonResult=Result(code=200, message=操作成功, data=PageResponse(total=18, rows=[OperLogVO(operId=205, title=操作日志, businessType=0, method=com.star.pivot.controller.SysOperLogController.pageList(), requestMethod=POST, operatorType=1, operName=admin, deptName=研发部门, operUrl=/api/sys/operlog/pageList, operIp=0:0:0:0:0:0:0:1, operLocation=, operParam=[{\"pageNum\":1,\"pageSize\":20,\"title\":null,\"businessType\":null,\"operName\":null,\"status\":null,\"startTime\":null,\"endTime\":null}], jsonResult=Result(code=200, message=操作成功, data=PageResponse(total=15, rows=[OperLogVO(operId=201, title=操作日志, businessType=0, method=com.star.pivot.controller.SysOperLogController.pageList(), requestMethod=POST, operatorType=1, operName=admin, deptName=研发部门, operUrl=/api/sys/operlog/pageList, operIp=0:0:0:0:0:0:0:1, operLocation=, operParam=[{\"pageNum\":1,\"pageSize\":20,\"title\":null,\"businessType\":null,\"operName\":null,\"status\":null,\"startTime\":null,\"endTime\":null}], jsonResult=Result(code=200, m...', 0, '', '2026-01-23 15:40:37', 5);
INSERT INTO `sys_oper_log` VALUES (212, '操作日志', 0, 'com.star.pivot.controller.SysOperLogController.pageList()', 'POST', 1, 'admin', '研发部门', '/api/sys/operlog/pageList', '0:0:0:0:0:0:0:1', '', '[{\"pageNum\":1,\"pageSize\":20,\"title\":null,\"businessType\":null,\"operName\":null,\"status\":null,\"startTime\":null,\"endTime\":null}]', 'Result(code=200, message=操作成功, data=PageResponse(total=22, rows=[OperLogVO(operId=209, title=操作日志, businessType=0, method=com.star.pivot.controller.SysOperLogController.pageList(), requestMethod=POST, operatorType=1, operName=admin, deptName=研发部门, operUrl=/api/sys/operlog/pageList, operIp=0:0:0:0:0:0:0:1, operLocation=, operParam=[{\"pageNum\":1,\"pageSize\":20,\"title\":null,\"businessType\":null,\"operName\":null,\"status\":null,\"startTime\":null,\"endTime\":null}], jsonResult=Result(code=200, message=操作成功, data=PageResponse(total=19, rows=[OperLogVO(operId=208, title=操作日志, businessType=0, method=com.star.pivot.controller.SysOperLogController.pageList(), requestMethod=POST, operatorType=1, operName=admin, deptName=研发部门, operUrl=/api/sys/operlog/pageList, operIp=0:0:0:0:0:0:0:1, operLocation=, operParam=[{\"pageNum\":1,\"pageSize\":20,\"title\":null,\"businessType\":null,\"operName\":null,\"status\":null,\"startTime\":null,\"endTime\":null}], jsonResult=Result(code=200, message=操作成功, data=PageResponse(total=18, rows=[OperLogVO(operId=205, title=操作日志, businessType=0, method=com.star.pivot.controller.SysOperLogController.pageList(), requestMethod=POST, operatorType=1, operName=admin, deptName=研发部门, operUrl=/api/sys/operlog/pageList, operIp=0:0:0:0:0:0:0:1, operLocation=, operParam=[{\"pageNum\":1,\"pageSize\":20,\"title\":null,\"businessType\":null,\"operName\":null,\"status\":null,\"startTime\":null,\"endTime\":null}], jsonResult=Result(code=200, message=操作成功, data=PageResponse(total=15, rows=[OperLogVO(operId=201, title=操作日志, businessType=0, method=com.star.pivot.controller.SysOperLogController.pageList(), requestMethod=POST, operatorType=1, operName=admin, deptName=研发部门, operUrl=/api/sys/operlog/pageList, operIp=0:0:0:0:0:0:0:1, operLocation=, operParam=[{\"pageNum\":1,\"pageSize\":20,\"title\":null,\"businessType\":null,\"operName\":null,\"status\":null,\"startTime\":null,\"endTime\":null}], jsonResult=Result(code=200, m...', 0, '', '2026-01-23 15:40:38', 7);
INSERT INTO `sys_oper_log` VALUES (213, '操作日志', 0, 'com.star.pivot.controller.SysOperLogController.pageList()', 'POST', 1, 'admin', '研发部门', '/api/sys/operlog/pageList', '0:0:0:0:0:0:0:1', '', '参数解析失败', 'Result(code=200, message=操作成功, data=PageResponse(total=23, rows=[OperLogVO(operId=212, title=操作日志, businessType=0, method=com.star.pivot.controller.SysOperLogController.pageList(), requestMethod=POST, operatorType=1, operName=admin, deptName=研发部门, operUrl=/api/sys/operlog/pageList, operIp=0:0:0:0:0:0:0:1, operLocation=, operParam=[{\"pageNum\":1,\"pageSize\":20,\"title\":null,\"businessType\":null,\"operName\":null,\"status\":null,\"startTime\":null,\"endTime\":null}], jsonResult=Result(code=200, message=操作成功, data=PageResponse(total=22, rows=[OperLogVO(operId=209, title=操作日志, businessType=0, method=com.star.pivot.controller.SysOperLogController.pageList(), requestMethod=POST, operatorType=1, operName=admin, deptName=研发部门, operUrl=/api/sys/operlog/pageList, operIp=0:0:0:0:0:0:0:1, operLocation=, operParam=[{\"pageNum\":1,\"pageSize\":20,\"title\":null,\"businessType\":null,\"operName\":null,\"status\":null,\"startTime\":null,\"endTime\":null}], jsonResult=Result(code=200, message=操作成功, data=PageResponse(total=19, rows=[OperLogVO(operId=208, title=操作日志, businessType=0, method=com.star.pivot.controller.SysOperLogController.pageList(), requestMethod=POST, operatorType=1, operName=admin, deptName=研发部门, operUrl=/api/sys/operlog/pageList, operIp=0:0:0:0:0:0:0:1, operLocation=, operParam=[{\"pageNum\":1,\"pageSize\":20,\"title\":null,\"businessType\":null,\"operName\":null,\"status\":null,\"startTime\":null,\"endTime\":null}], jsonResult=Result(code=200, message=操作成功, data=PageResponse(total=18, rows=[OperLogVO(operId=205, title=操作日志, businessType=0, method=com.star.pivot.controller.SysOperLogController.pageList(), requestMethod=POST, operatorType=1, operName=admin, deptName=研发部门, operUrl=/api/sys/operlog/pageList, operIp=0:0:0:0:0:0:0:1, operLocation=, operParam=[{\"pageNum\":1,\"pageSize\":20,\"title\":null,\"businessType\":null,\"operName\":null,\"status\":null,\"startTime\":null,\"endTime\":null}], jsonResult=Result(code=200, m...', 0, '', '2026-01-23 15:40:52', 10);
INSERT INTO `sys_oper_log` VALUES (214, '操作日志', 0, 'com.star.pivot.controller.SysOperLogController.pageList()', 'POST', 1, 'admin', '研发部门', '/api/sys/operlog/pageList', '0:0:0:0:0:0:0:1', '', '参数解析失败', 'Result(code=200, message=操作成功, data=PageResponse(total=24, rows=[OperLogVO(operId=213, title=操作日志, businessType=0, method=com.star.pivot.controller.SysOperLogController.pageList(), requestMethod=POST, operatorType=1, operName=admin, deptName=研发部门, operUrl=/api/sys/operlog/pageList, operIp=0:0:0:0:0:0:0:1, operLocation=, operParam=参数解析失败, jsonResult=Result(code=200, message=操作成功, data=PageResponse(total=23, rows=[OperLogVO(operId=212, title=操作日志, businessType=0, method=com.star.pivot.controller.SysOperLogController.pageList(), requestMethod=POST, operatorType=1, operName=admin, deptName=研发部门, operUrl=/api/sys/operlog/pageList, operIp=0:0:0:0:0:0:0:1, operLocation=, operParam=[{\"pageNum\":1,\"pageSize\":20,\"title\":null,\"businessType\":null,\"operName\":null,\"status\":null,\"startTime\":null,\"endTime\":null}], jsonResult=Result(code=200, message=操作成功, data=PageResponse(total=22, rows=[OperLogVO(operId=209, title=操作日志, businessType=0, method=com.star.pivot.controller.SysOperLogController.pageList(), requestMethod=POST, operatorType=1, operName=admin, deptName=研发部门, operUrl=/api/sys/operlog/pageList, operIp=0:0:0:0:0:0:0:1, operLocation=, operParam=[{\"pageNum\":1,\"pageSize\":20,\"title\":null,\"businessType\":null,\"operName\":null,\"status\":null,\"startTime\":null,\"endTime\":null}], jsonResult=Result(code=200, message=操作成功, data=PageResponse(total=19, rows=[OperLogVO(operId=208, title=操作日志, businessType=0, method=com.star.pivot.controller.SysOperLogController.pageList(), requestMethod=POST, operatorType=1, operName=admin, deptName=研发部门, operUrl=/api/sys/operlog/pageList, operIp=0:0:0:0:0:0:0:1, operLocation=, operParam=[{\"pageNum\":1,\"pageSize\":20,\"title\":null,\"businessType\":null,\"operName\":null,\"status\":null,\"startTime\":null,\"endTime\":null}], jsonResult=Result(code=200, message=操作成功, data=PageResponse(total=18, rows=[OperLogVO(operId=205, title=操作日志, businessT...', 0, '', '2026-01-23 15:40:53', 9);
INSERT INTO `sys_oper_log` VALUES (215, '操作日志', 0, 'com.star.pivot.controller.SysOperLogController.pageList()', 'POST', 1, 'admin', '研发部门', '/api/sys/operlog/pageList', '0:0:0:0:0:0:0:1', '', '参数解析失败', 'Result(code=200, message=操作成功, data=PageResponse(total=25, rows=[OperLogVO(operId=214, title=操作日志, businessType=0, method=com.star.pivot.controller.SysOperLogController.pageList(), requestMethod=POST, operatorType=1, operName=admin, deptName=研发部门, operUrl=/api/sys/operlog/pageList, operIp=0:0:0:0:0:0:0:1, operLocation=, operParam=参数解析失败, jsonResult=Result(code=200, message=操作成功, data=PageResponse(total=24, rows=[OperLogVO(operId=213, title=操作日志, businessType=0, method=com.star.pivot.controller.SysOperLogController.pageList(), requestMethod=POST, operatorType=1, operName=admin, deptName=研发部门, operUrl=/api/sys/operlog/pageList, operIp=0:0:0:0:0:0:0:1, operLocation=, operParam=参数解析失败, jsonResult=Result(code=200, message=操作成功, data=PageResponse(total=23, rows=[OperLogVO(operId=212, title=操作日志, businessType=0, method=com.star.pivot.controller.SysOperLogController.pageList(), requestMethod=POST, operatorType=1, operName=admin, deptName=研发部门, operUrl=/api/sys/operlog/pageList, operIp=0:0:0:0:0:0:0:1, operLocation=, operParam=[{\"pageNum\":1,\"pageSize\":20,\"title\":null,\"businessType\":null,\"operName\":null,\"status\":null,\"startTime\":null,\"endTime\":null}], jsonResult=Result(code=200, message=操作成功, data=PageResponse(total=22, rows=[OperLogVO(operId=209, title=操作日志, businessType=0, method=com.star.pivot.controller.SysOperLogController.pageList(), requestMethod=POST, operatorType=1, operName=admin, deptName=研发部门, operUrl=/api/sys/operlog/pageList, operIp=0:0:0:0:0:0:0:1, operLocation=, operParam=[{\"pageNum\":1,\"pageSize\":20,\"title\":null,\"businessType\":null,\"operName\":null,\"status\":null,\"startTime\":null,\"endTime\":null}], jsonResult=Result(code=200, message=操作成功, data=PageResponse(total=19, rows=[OperLogVO(operId=208, title=操作日志, businessType=0, method=com.star.pivot.controller.SysOperLogController.pageList(), requestMethod=POST, operatorType=...', 0, '', '2026-01-23 15:40:53', 8);
INSERT INTO `sys_oper_log` VALUES (216, '操作日志', 0, 'com.star.pivot.controller.SysOperLogController.pageList()', 'POST', 1, 'admin', '研发部门', '/api/sys/operlog/pageList', '0:0:0:0:0:0:0:1', '', '参数解析失败', 'Result(code=200, message=操作成功, data=PageResponse(total=26, rows=[OperLogVO(operId=214, title=操作日志, businessType=0, method=com.star.pivot.controller.SysOperLogController.pageList(), requestMethod=POST, operatorType=1, operName=admin, deptName=研发部门, operUrl=/api/sys/operlog/pageList, operIp=0:0:0:0:0:0:0:1, operLocation=, operParam=参数解析失败, jsonResult=Result(code=200, message=操作成功, data=PageResponse(total=24, rows=[OperLogVO(operId=213, title=操作日志, businessType=0, method=com.star.pivot.controller.SysOperLogController.pageList(), requestMethod=POST, operatorType=1, operName=admin, deptName=研发部门, operUrl=/api/sys/operlog/pageList, operIp=0:0:0:0:0:0:0:1, operLocation=, operParam=参数解析失败, jsonResult=Result(code=200, message=操作成功, data=PageResponse(total=23, rows=[OperLogVO(operId=212, title=操作日志, businessType=0, method=com.star.pivot.controller.SysOperLogController.pageList(), requestMethod=POST, operatorType=1, operName=admin, deptName=研发部门, operUrl=/api/sys/operlog/pageList, operIp=0:0:0:0:0:0:0:1, operLocation=, operParam=[{\"pageNum\":1,\"pageSize\":20,\"title\":null,\"businessType\":null,\"operName\":null,\"status\":null,\"startTime\":null,\"endTime\":null}], jsonResult=Result(code=200, message=操作成功, data=PageResponse(total=22, rows=[OperLogVO(operId=209, title=操作日志, businessType=0, method=com.star.pivot.controller.SysOperLogController.pageList(), requestMethod=POST, operatorType=1, operName=admin, deptName=研发部门, operUrl=/api/sys/operlog/pageList, operIp=0:0:0:0:0:0:0:1, operLocation=, operParam=[{\"pageNum\":1,\"pageSize\":20,\"title\":null,\"businessType\":null,\"operName\":null,\"status\":null,\"startTime\":null,\"endTime\":null}], jsonResult=Result(code=200, message=操作成功, data=PageResponse(total=19, rows=[OperLogVO(operId=208, title=操作日志, businessType=0, method=com.star.pivot.controller.SysOperLogController.pageList(), requestMethod=POST, operatorType=...', 0, '', '2026-01-23 15:40:53', 7);
INSERT INTO `sys_oper_log` VALUES (217, '操作日志', 0, 'com.star.pivot.controller.SysOperLogController.pageList()', 'POST', 1, 'admin', '研发部门', '/api/sys/operlog/pageList', '0:0:0:0:0:0:0:1', '', '参数解析失败', 'Result(code=200, message=操作成功, data=PageResponse(total=27, rows=[OperLogVO(operId=214, title=操作日志, businessType=0, method=com.star.pivot.controller.SysOperLogController.pageList(), requestMethod=POST, operatorType=1, operName=admin, deptName=研发部门, operUrl=/api/sys/operlog/pageList, operIp=0:0:0:0:0:0:0:1, operLocation=, operParam=参数解析失败, jsonResult=Result(code=200, message=操作成功, data=PageResponse(total=24, rows=[OperLogVO(operId=213, title=操作日志, businessType=0, method=com.star.pivot.controller.SysOperLogController.pageList(), requestMethod=POST, operatorType=1, operName=admin, deptName=研发部门, operUrl=/api/sys/operlog/pageList, operIp=0:0:0:0:0:0:0:1, operLocation=, operParam=参数解析失败, jsonResult=Result(code=200, message=操作成功, data=PageResponse(total=23, rows=[OperLogVO(operId=212, title=操作日志, businessType=0, method=com.star.pivot.controller.SysOperLogController.pageList(), requestMethod=POST, operatorType=1, operName=admin, deptName=研发部门, operUrl=/api/sys/operlog/pageList, operIp=0:0:0:0:0:0:0:1, operLocation=, operParam=[{\"pageNum\":1,\"pageSize\":20,\"title\":null,\"businessType\":null,\"operName\":null,\"status\":null,\"startTime\":null,\"endTime\":null}], jsonResult=Result(code=200, message=操作成功, data=PageResponse(total=22, rows=[OperLogVO(operId=209, title=操作日志, businessType=0, method=com.star.pivot.controller.SysOperLogController.pageList(), requestMethod=POST, operatorType=1, operName=admin, deptName=研发部门, operUrl=/api/sys/operlog/pageList, operIp=0:0:0:0:0:0:0:1, operLocation=, operParam=[{\"pageNum\":1,\"pageSize\":20,\"title\":null,\"businessType\":null,\"operName\":null,\"status\":null,\"startTime\":null,\"endTime\":null}], jsonResult=Result(code=200, message=操作成功, data=PageResponse(total=19, rows=[OperLogVO(operId=208, title=操作日志, businessType=0, method=com.star.pivot.controller.SysOperLogController.pageList(), requestMethod=POST, operatorType=...', 0, '', '2026-01-23 15:40:53', 7);
INSERT INTO `sys_oper_log` VALUES (218, '操作日志', 0, 'com.star.pivot.controller.SysOperLogController.pageList()', 'POST', 1, 'admin', '研发部门', '/api/sys/operlog/pageList', '0:0:0:0:0:0:0:1', '', '[{\"pageNum\":1,\"pageSize\":20,\"title\":null,\"businessType\":null,\"operName\":null,\"status\":null,\"startTime\":null,\"endTime\":null}]', 'Result(code=200, message=操作成功, data=PageResponse(total=28, rows=[OperLogVO(operId=214, title=操作日志, businessType=0, method=com.star.pivot.controller.SysOperLogController.pageList(), requestMethod=POST, operatorType=1, operName=admin, deptName=研发部门, operUrl=/api/sys/operlog/pageList, operIp=0:0:0:0:0:0:0:1, operLocation=, operParam=参数解析失败, jsonResult=Result(code=200, message=操作成功, data=PageResponse(total=24, rows=[OperLogVO(operId=213, title=操作日志, businessType=0, method=com.star.pivot.controller.SysOperLogController.pageList(), requestMethod=POST, operatorType=1, operName=admin, deptName=研发部门, operUrl=/api/sys/operlog/pageList, operIp=0:0:0:0:0:0:0:1, operLocation=, operParam=参数解析失败, jsonResult=Result(code=200, message=操作成功, data=PageResponse(total=23, rows=[OperLogVO(operId=212, title=操作日志, businessType=0, method=com.star.pivot.controller.SysOperLogController.pageList(), requestMethod=POST, operatorType=1, operName=admin, deptName=研发部门, operUrl=/api/sys/operlog/pageList, operIp=0:0:0:0:0:0:0:1, operLocation=, operParam=[{\"pageNum\":1,\"pageSize\":20,\"title\":null,\"businessType\":null,\"operName\":null,\"status\":null,\"startTime\":null,\"endTime\":null}], jsonResult=Result(code=200, message=操作成功, data=PageResponse(total=22, rows=[OperLogVO(operId=209, title=操作日志, businessType=0, method=com.star.pivot.controller.SysOperLogController.pageList(), requestMethod=POST, operatorType=1, operName=admin, deptName=研发部门, operUrl=/api/sys/operlog/pageList, operIp=0:0:0:0:0:0:0:1, operLocation=, operParam=[{\"pageNum\":1,\"pageSize\":20,\"title\":null,\"businessType\":null,\"operName\":null,\"status\":null,\"startTime\":null,\"endTime\":null}], jsonResult=Result(code=200, message=操作成功, data=PageResponse(total=19, rows=[OperLogVO(operId=208, title=操作日志, businessType=0, method=com.star.pivot.controller.SysOperLogController.pageList(), requestMethod=POST, operatorType=...', 0, '', '2026-01-23 15:41:00', 5);
INSERT INTO `sys_oper_log` VALUES (219, '操作日志', 0, 'com.star.pivot.controller.SysOperLogController.pageList()', 'POST', 1, 'admin', '研发部门', '/api/sys/operlog/pageList', '0:0:0:0:0:0:0:1', '', '[{\"pageNum\":1,\"pageSize\":20,\"title\":null,\"businessType\":null,\"operName\":null,\"status\":null,\"startTime\":null,\"endTime\":null}]', 'Result(code=200, message=操作成功, data=PageResponse(total=29, rows=[OperLogVO(operId=218, title=操作日志, businessType=0, method=com.star.pivot.controller.SysOperLogController.pageList(), requestMethod=POST, operatorType=1, operName=admin, deptName=研发部门, operUrl=/api/sys/operlog/pageList, operIp=0:0:0:0:0:0:0:1, operLocation=, operParam=[{\"pageNum\":1,\"pageSize\":20,\"title\":null,\"businessType\":null,\"operName\":null,\"status\":null,\"startTime\":null,\"endTime\":null}], jsonResult=Result(code=200, message=操作成功, data=PageResponse(total=28, rows=[OperLogVO(operId=214, title=操作日志, businessType=0, method=com.star.pivot.controller.SysOperLogController.pageList(), requestMethod=POST, operatorType=1, operName=admin, deptName=研发部门, operUrl=/api/sys/operlog/pageList, operIp=0:0:0:0:0:0:0:1, operLocation=, operParam=参数解析失败, jsonResult=Result(code=200, message=操作成功, data=PageResponse(total=24, rows=[OperLogVO(operId=213, title=操作日志, businessType=0, method=com.star.pivot.controller.SysOperLogController.pageList(), requestMethod=POST, operatorType=1, operName=admin, deptName=研发部门, operUrl=/api/sys/operlog/pageList, operIp=0:0:0:0:0:0:0:1, operLocation=, operParam=参数解析失败, jsonResult=Result(code=200, message=操作成功, data=PageResponse(total=23, rows=[OperLogVO(operId=212, title=操作日志, businessType=0, method=com.star.pivot.controller.SysOperLogController.pageList(), requestMethod=POST, operatorType=1, operName=admin, deptName=研发部门, operUrl=/api/sys/operlog/pageList, operIp=0:0:0:0:0:0:0:1, operLocation=, operParam=[{\"pageNum\":1,\"pageSize\":20,\"title\":null,\"businessType\":null,\"operName\":null,\"status\":null,\"startTime\":null,\"endTime\":null}], jsonResult=Result(code=200, message=操作成功, data=PageResponse(total=22, rows=[OperLogVO(operId=209, title=操作日志, businessType=0, method=com.star.pivot.controller.SysOperLogController.pageList(), requestMethod=POST, operatorType=...', 0, '', '2026-01-23 15:41:37', 7);
INSERT INTO `sys_oper_log` VALUES (220, '操作日志', 0, 'com.star.pivot.controller.SysOperLogController.pageList()', 'POST', 1, 'admin', '研发部门', '/api/sys/operlog/pageList', '0:0:0:0:0:0:0:1', '', '[{\"pageNum\":1,\"pageSize\":20,\"title\":null,\"businessType\":null,\"operName\":null,\"status\":null,\"startTime\":null,\"endTime\":null}]', 'Result(code=200, message=操作成功, data=PageResponse(total=30, rows=[OperLogVO(operId=219, title=操作日志, businessType=0, method=com.star.pivot.controller.SysOperLogController.pageList(), requestMethod=POST, operatorType=1, operName=admin, deptName=研发部门, operUrl=/api/sys/operlog/pageList, operIp=0:0:0:0:0:0:0:1, operLocation=, operParam=[{\"pageNum\":1,\"pageSize\":20,\"title\":null,\"businessType\":null,\"operName\":null,\"status\":null,\"startTime\":null,\"endTime\":null}], jsonResult=Result(code=200, message=操作成功, data=PageResponse(total=29, rows=[OperLogVO(operId=218, title=操作日志, businessType=0, method=com.star.pivot.controller.SysOperLogController.pageList(), requestMethod=POST, operatorType=1, operName=admin, deptName=研发部门, operUrl=/api/sys/operlog/pageList, operIp=0:0:0:0:0:0:0:1, operLocation=, operParam=[{\"pageNum\":1,\"pageSize\":20,\"title\":null,\"businessType\":null,\"operName\":null,\"status\":null,\"startTime\":null,\"endTime\":null}], jsonResult=Result(code=200, message=操作成功, data=PageResponse(total=28, rows=[OperLogVO(operId=214, title=操作日志, businessType=0, method=com.star.pivot.controller.SysOperLogController.pageList(), requestMethod=POST, operatorType=1, operName=admin, deptName=研发部门, operUrl=/api/sys/operlog/pageList, operIp=0:0:0:0:0:0:0:1, operLocation=, operParam=参数解析失败, jsonResult=Result(code=200, message=操作成功, data=PageResponse(total=24, rows=[OperLogVO(operId=213, title=操作日志, businessType=0, method=com.star.pivot.controller.SysOperLogController.pageList(), requestMethod=POST, operatorType=1, operName=admin, deptName=研发部门, operUrl=/api/sys/operlog/pageList, operIp=0:0:0:0:0:0:0:1, operLocation=, operParam=参数解析失败, jsonResult=Result(code=200, message=操作成功, data=PageResponse(total=23, rows=[OperLogVO(operId=212, title=操作日志, businessType=0, method=com.star.pivot.controller.SysOperLogController.pageList(), requestMethod=POST, operatorType=...', 0, '', '2026-01-23 15:41:43', 5);
INSERT INTO `sys_oper_log` VALUES (221, '操作日志', 0, 'com.star.pivot.controller.SysOperLogController.pageList()', 'POST', 1, 'admin', '研发部门', '/api/sys/operlog/pageList', '0:0:0:0:0:0:0:1', '', '[{\"pageNum\":1,\"pageSize\":20,\"title\":null,\"businessType\":null,\"operName\":null,\"status\":null,\"startTime\":null,\"endTime\":null}]', 'Result(code=200, message=操作成功, data=PageResponse(total=31, rows=[OperLogVO(operId=220, title=操作日志, businessType=0, method=com.star.pivot.controller.SysOperLogController.pageList(), requestMethod=POST, operatorType=1, operName=admin, deptName=研发部门, operUrl=/api/sys/operlog/pageList, operIp=0:0:0:0:0:0:0:1, operLocation=, operParam=[{\"pageNum\":1,\"pageSize\":20,\"title\":null,\"businessType\":null,\"operName\":null,\"status\":null,\"startTime\":null,\"endTime\":null}], jsonResult=Result(code=200, message=操作成功, data=PageResponse(total=30, rows=[OperLogVO(operId=219, title=操作日志, businessType=0, method=com.star.pivot.controller.SysOperLogController.pageList(), requestMethod=POST, operatorType=1, operName=admin, deptName=研发部门, operUrl=/api/sys/operlog/pageList, operIp=0:0:0:0:0:0:0:1, operLocation=, operParam=[{\"pageNum\":1,\"pageSize\":20,\"title\":null,\"businessType\":null,\"operName\":null,\"status\":null,\"startTime\":null,\"endTime\":null}], jsonResult=Result(code=200, message=操作成功, data=PageResponse(total=29, rows=[OperLogVO(operId=218, title=操作日志, businessType=0, method=com.star.pivot.controller.SysOperLogController.pageList(), requestMethod=POST, operatorType=1, operName=admin, deptName=研发部门, operUrl=/api/sys/operlog/pageList, operIp=0:0:0:0:0:0:0:1, operLocation=, operParam=[{\"pageNum\":1,\"pageSize\":20,\"title\":null,\"businessType\":null,\"operName\":null,\"status\":null,\"startTime\":null,\"endTime\":null}], jsonResult=Result(code=200, message=操作成功, data=PageResponse(total=28, rows=[OperLogVO(operId=214, title=操作日志, businessType=0, method=com.star.pivot.controller.SysOperLogController.pageList(), requestMethod=POST, operatorType=1, operName=admin, deptName=研发部门, operUrl=/api/sys/operlog/pageList, operIp=0:0:0:0:0:0:0:1, operLocation=, operParam=参数解析失败, jsonResult=Result(code=200, message=操作成功, data=PageResponse(total=24, rows=[OperLogVO(operId=213, title=操作日志, businessT...', 0, '', '2026-01-23 15:44:27', 8);
INSERT INTO `sys_oper_log` VALUES (222, '操作日志', 0, 'com.star.pivot.controller.SysOperLogController.pageList()', 'POST', 1, 'admin', '研发部门', '/api/sys/operlog/pageList', '0:0:0:0:0:0:0:1', '', '[{\"pageNum\":1,\"pageSize\":20,\"title\":null,\"businessType\":null,\"operName\":null,\"status\":null,\"startTime\":null,\"endTime\":null}]', 'Result(code=200, message=操作成功, data=PageResponse(total=32, rows=[OperLogVO(operId=221, title=操作日志, businessType=0, method=com.star.pivot.controller.SysOperLogController.pageList(), requestMethod=POST, operatorType=1, operName=admin, deptName=研发部门, operUrl=/api/sys/operlog/pageList, operIp=0:0:0:0:0:0:0:1, operLocation=, operParam=[{\"pageNum\":1,\"pageSize\":20,\"title\":null,\"businessType\":null,\"operName\":null,\"status\":null,\"startTime\":null,\"endTime\":null}], jsonResult=Result(code=200, message=操作成功, data=PageResponse(total=31, rows=[OperLogVO(operId=220, title=操作日志, businessType=0, method=com.star.pivot.controller.SysOperLogController.pageList(), requestMethod=POST, operatorType=1, operName=admin, deptName=研发部门, operUrl=/api/sys/operlog/pageList, operIp=0:0:0:0:0:0:0:1, operLocation=, operParam=[{\"pageNum\":1,\"pageSize\":20,\"title\":null,\"businessType\":null,\"operName\":null,\"status\":null,\"startTime\":null,\"endTime\":null}], jsonResult=Result(code=200, message=操作成功, data=PageResponse(total=30, rows=[OperLogVO(operId=219, title=操作日志, businessType=0, method=com.star.pivot.controller.SysOperLogController.pageList(), requestMethod=POST, operatorType=1, operName=admin, deptName=研发部门, operUrl=/api/sys/operlog/pageList, operIp=0:0:0:0:0:0:0:1, operLocation=, operParam=[{\"pageNum\":1,\"pageSize\":20,\"title\":null,\"businessType\":null,\"operName\":null,\"status\":null,\"startTime\":null,\"endTime\":null}], jsonResult=Result(code=200, message=操作成功, data=PageResponse(total=29, rows=[OperLogVO(operId=218, title=操作日志, businessType=0, method=com.star.pivot.controller.SysOperLogController.pageList(), requestMethod=POST, operatorType=1, operName=admin, deptName=研发部门, operUrl=/api/sys/operlog/pageList, operIp=0:0:0:0:0:0:0:1, operLocation=, operParam=[{\"pageNum\":1,\"pageSize\":20,\"title\":null,\"businessType\":null,\"operName\":null,\"status\":null,\"startTime\":null,\"endTime\":null}], jsonResult=Result(code=200, m...', 0, '', '2026-01-23 15:44:57', 5);
INSERT INTO `sys_oper_log` VALUES (223, '操作日志', 0, 'com.star.pivot.controller.SysOperLogController.pageList()', 'POST', 1, 'admin', '研发部门', '/api/sys/operlog/pageList', '0:0:0:0:0:0:0:1', '', '[{\"pageNum\":1,\"pageSize\":20,\"title\":null,\"businessType\":null,\"operName\":\"111\",\"status\":null,\"startTime\":null,\"endTime\":null}]', '{\"code\":200,\"message\":\"操作成功\",\"data\":{\"total\":0,\"rows\":[],\"pageNum\":1,\"pageSize\":20,\"pageCount\":0},\"timestamp\":1769154302217}', 0, '', '2026-01-23 15:45:02', 9);
INSERT INTO `sys_oper_log` VALUES (224, '操作日志', 0, 'com.star.pivot.controller.SysOperLogController.pageList()', 'POST', 1, 'admin', '研发部门', '/api/sys/operlog/pageList', '0:0:0:0:0:0:0:1', '', '[{\"pageNum\":1,\"pageSize\":20,\"title\":null,\"businessType\":null,\"operName\":null,\"status\":null,\"startTime\":null,\"endTime\":null}]', 'Result(code=200, message=操作成功, data=PageResponse(total=34, rows=[OperLogVO(operId=223, title=操作日志, businessType=0, method=com.star.pivot.controller.SysOperLogController.pageList(), requestMethod=POST, operatorType=1, operName=admin, deptName=研发部门, operUrl=/api/sys/operlog/pageList, operIp=0:0:0:0:0:0:0:1, operLocation=, operParam=[{\"pageNum\":1,\"pageSize\":20,\"title\":null,\"businessType\":null,\"operName\":\"111\",\"status\":null,\"startTime\":null,\"endTime\":null}], jsonResult={\"code\":200,\"message\":\"操作成功\",\"data\":{\"total\":0,\"rows\":[],\"pageNum\":1,\"pageSize\":20,\"pageCount\":0},\"timestamp\":1769154302217}, status=0, errorMsg=, operTime=2026-01-23T15:45:02, costTime=9), OperLogVO(operId=222, title=操作日志, businessType=0, method=com.star.pivot.controller.SysOperLogController.pageList(), requestMethod=POST, operatorType=1, operName=admin, deptName=研发部门, operUrl=/api/sys/operlog/pageList, operIp=0:0:0:0:0:0:0:1, operLocation=, operParam=[{\"pageNum\":1,\"pageSize\":20,\"title\":null,\"businessType\":null,\"operName\":null,\"status\":null,\"startTime\":null,\"endTime\":null}], jsonResult=Result(code=200, message=操作成功, data=PageResponse(total=32, rows=[OperLogVO(operId=221, title=操作日志, businessType=0, method=com.star.pivot.controller.SysOperLogController.pageList(), requestMethod=POST, operatorType=1, operName=admin, deptName=研发部门, operUrl=/api/sys/operlog/pageList, operIp=0:0:0:0:0:0:0:1, operLocation=, operParam=[{\"pageNum\":1,\"pageSize\":20,\"title\":null,\"businessType\":null,\"operName\":null,\"status\":null,\"startTime\":null,\"endTime\":null}], jsonResult=Result(code=200, message=操作成功, data=PageResponse(total=31, rows=[OperLogVO(operId=220, title=操作日志, businessType=0, method=com.star.pivot.controller.SysOperLogController.pageList(), requestMethod=POST, operatorType=1, operName=admin, deptName=研发部门, operUrl=/api/sys/operlog/pageList, operIp=0:0:0:0:0:0:0:1, operLocation=, operParam=[{\"pageNum\":1,\"pageSize\":20,\"...', 0, '', '2026-01-23 15:45:03', 5);
INSERT INTO `sys_oper_log` VALUES (225, '操作日志', 0, 'com.star.pivot.controller.SysOperLogController.pageList()', 'POST', 1, 'admin', '研发部门', '/api/sys/operlog/pageList', '0:0:0:0:0:0:0:1', '', '[{\"pageNum\":1,\"pageSize\":20,\"title\":null,\"businessType\":null,\"operName\":null,\"status\":null,\"startTime\":null,\"endTime\":null}]', 'Result(code=200, message=操作成功, data=PageResponse(total=35, rows=[OperLogVO(operId=224, title=操作日志, businessType=0, method=com.star.pivot.controller.SysOperLogController.pageList(), requestMethod=POST, operatorType=1, operName=admin, deptName=研发部门, operUrl=/api/sys/operlog/pageList, operIp=0:0:0:0:0:0:0:1, operLocation=, operParam=[{\"pageNum\":1,\"pageSize\":20,\"title\":null,\"businessType\":null,\"operName\":null,\"status\":null,\"startTime\":null,\"endTime\":null}], jsonResult=Result(code=200, message=操作成功, data=PageResponse(total=34, rows=[OperLogVO(operId=223, title=操作日志, businessType=0, method=com.star.pivot.controller.SysOperLogController.pageList(), requestMethod=POST, operatorType=1, operName=admin, deptName=研发部门, operUrl=/api/sys/operlog/pageList, operIp=0:0:0:0:0:0:0:1, operLocation=, operParam=[{\"pageNum\":1,\"pageSize\":20,\"title\":null,\"businessType\":null,\"operName\":\"111\",\"status\":null,\"startTime\":null,\"endTime\":null}], jsonResult={\"code\":200,\"message\":\"操作成功\",\"data\":{\"total\":0,\"rows\":[],\"pageNum\":1,\"pageSize\":20,\"pageCount\":0},\"timestamp\":1769154302217}, status=0, errorMsg=, operTime=2026-01-23T15:45:02, costTime=9), OperLogVO(operId=222, title=操作日志, businessType=0, method=com.star.pivot.controller.SysOperLogController.pageList(), requestMethod=POST, operatorType=1, operName=admin, deptName=研发部门, operUrl=/api/sys/operlog/pageList, operIp=0:0:0:0:0:0:0:1, operLocation=, operParam=[{\"pageNum\":1,\"pageSize\":20,\"title\":null,\"businessType\":null,\"operName\":null,\"status\":null,\"startTime\":null,\"endTime\":null}], jsonResult=Result(code=200, message=操作成功, data=PageResponse(total=32, rows=[OperLogVO(operId=221, title=操作日志, businessType=0, method=com.star.pivot.controller.SysOperLogController.pageList(), requestMethod=POST, operatorType=1, operName=admin, deptName=研发部门, operUrl=/api/sys/operlog/pageList, operIp=0:0:0:0:0:0:0:1, operLocation=, operParam=[{\"pageNum\":1,\"pageSize\":20,\"...', 0, '', '2026-01-23 15:45:03', 5);
INSERT INTO `sys_oper_log` VALUES (226, '操作日志', 0, 'com.star.pivot.controller.SysOperLogController.pageList()', 'POST', 1, 'admin', '研发部门', '/api/sys/operlog/pageList', '0:0:0:0:0:0:0:1', '', '[{\"pageNum\":1,\"pageSize\":20,\"title\":null,\"businessType\":null,\"operName\":null,\"status\":null,\"startTime\":null,\"endTime\":null}]', 'Result(code=200, message=操作成功, data=PageResponse(total=36, rows=[OperLogVO(operId=224, title=操作日志, businessType=0, method=com.star.pivot.controller.SysOperLogController.pageList(), requestMethod=POST, operatorType=1, operName=admin, deptName=研发部门, operUrl=/api/sys/operlog/pageList, operIp=0:0:0:0:0:0:0:1, operLocation=, operParam=[{\"pageNum\":1,\"pageSize\":20,\"title\":null,\"businessType\":null,\"operName\":null,\"status\":null,\"startTime\":null,\"endTime\":null}], jsonResult=Result(code=200, message=操作成功, data=PageResponse(total=34, rows=[OperLogVO(operId=223, title=操作日志, businessType=0, method=com.star.pivot.controller.SysOperLogController.pageList(), requestMethod=POST, operatorType=1, operName=admin, deptName=研发部门, operUrl=/api/sys/operlog/pageList, operIp=0:0:0:0:0:0:0:1, operLocation=, operParam=[{\"pageNum\":1,\"pageSize\":20,\"title\":null,\"businessType\":null,\"operName\":\"111\",\"status\":null,\"startTime\":null,\"endTime\":null}], jsonResult={\"code\":200,\"message\":\"操作成功\",\"data\":{\"total\":0,\"rows\":[],\"pageNum\":1,\"pageSize\":20,\"pageCount\":0},\"timestamp\":1769154302217}, status=0, errorMsg=, operTime=2026-01-23T15:45:02, costTime=9), OperLogVO(operId=222, title=操作日志, businessType=0, method=com.star.pivot.controller.SysOperLogController.pageList(), requestMethod=POST, operatorType=1, operName=admin, deptName=研发部门, operUrl=/api/sys/operlog/pageList, operIp=0:0:0:0:0:0:0:1, operLocation=, operParam=[{\"pageNum\":1,\"pageSize\":20,\"title\":null,\"businessType\":null,\"operName\":null,\"status\":null,\"startTime\":null,\"endTime\":null}], jsonResult=Result(code=200, message=操作成功, data=PageResponse(total=32, rows=[OperLogVO(operId=221, title=操作日志, businessType=0, method=com.star.pivot.controller.SysOperLogController.pageList(), requestMethod=POST, operatorType=1, operName=admin, deptName=研发部门, operUrl=/api/sys/operlog/pageList, operIp=0:0:0:0:0:0:0:1, operLocation=, operParam=[{\"pageNum\":1,\"pageSize\":20,\"...', 0, '', '2026-01-23 15:45:04', 9);
INSERT INTO `sys_oper_log` VALUES (227, '登录日志', 0, 'com.star.pivot.controller.SysLogininforController.pageList()', 'POST', 1, 'admin', '研发部门', '/api/sys/logininfor/pageList', '0:0:0:0:0:0:0:1', '', '[{\"pageNum\":1,\"pageSize\":20,\"userName\":null,\"ipaddr\":null,\"status\":null,\"startTime\":null,\"endTime\":null}]', 'Result(code=200, message=操作成功, data=PageResponse(total=1, rows=[LogininforVO(infoId=10, userName=admin, ipaddr=0:0:0:0:0:0:0:1, loginLocation=内网IP, browser=Chrome 143, os=Windows 10/11, status=0, msg=登录成功, loginTime=2026-01-23T15:10:47)], pageNum=1, pageSize=20, pageCount=1), timestamp=1769154305769)', 0, '', '2026-01-23 15:45:06', 3);
INSERT INTO `sys_oper_log` VALUES (228, '登录日志', 0, 'com.star.pivot.controller.SysLogininforController.pageList()', 'POST', 1, 'admin', '研发部门', '/api/sys/logininfor/pageList', '0:0:0:0:0:0:0:1', '', '[{\"pageNum\":1,\"pageSize\":20,\"userName\":null,\"ipaddr\":null,\"status\":\"0\",\"startTime\":null,\"endTime\":null}]', 'Result(code=200, message=操作成功, data=PageResponse(total=1, rows=[LogininforVO(infoId=10, userName=admin, ipaddr=0:0:0:0:0:0:0:1, loginLocation=内网IP, browser=Chrome 143, os=Windows 10/11, status=0, msg=登录成功, loginTime=2026-01-23T15:10:47)], pageNum=1, pageSize=20, pageCount=1), timestamp=1769154309240)', 0, '', '2026-01-23 15:45:09', 6);
INSERT INTO `sys_oper_log` VALUES (229, '登录日志', 0, 'com.star.pivot.controller.SysLogininforController.pageList()', 'POST', 1, 'admin', '研发部门', '/api/sys/logininfor/pageList', '0:0:0:0:0:0:0:1', '', '[{\"pageNum\":1,\"pageSize\":20,\"userName\":null,\"ipaddr\":null,\"status\":null,\"startTime\":null,\"endTime\":null}]', 'Result(code=200, message=操作成功, data=PageResponse(total=1, rows=[LogininforVO(infoId=10, userName=admin, ipaddr=0:0:0:0:0:0:0:1, loginLocation=内网IP, browser=Chrome 143, os=Windows 10/11, status=0, msg=登录成功, loginTime=2026-01-23T15:10:47)], pageNum=1, pageSize=20, pageCount=1), timestamp=1769154309983)', 0, '', '2026-01-23 15:45:10', 4);
INSERT INTO `sys_oper_log` VALUES (230, '登录日志', 0, 'com.star.pivot.controller.SysLogininforController.pageList()', 'POST', 1, 'admin', '研发部门', '/api/sys/logininfor/pageList', '0:0:0:0:0:0:0:1', '', '[{\"pageNum\":1,\"pageSize\":20,\"userName\":null,\"ipaddr\":null,\"status\":null,\"startTime\":null,\"endTime\":null}]', 'Result(code=200, message=操作成功, data=PageResponse(total=1, rows=[LogininforVO(infoId=10, userName=admin, ipaddr=0:0:0:0:0:0:0:1, loginLocation=内网IP, browser=Chrome 143, os=Windows 10/11, status=0, msg=登录成功, loginTime=2026-01-23T15:10:47)], pageNum=1, pageSize=20, pageCount=1), timestamp=1769154310523)', 0, '', '2026-01-23 15:45:11', 3);
INSERT INTO `sys_oper_log` VALUES (231, '登录日志', 0, 'com.star.pivot.controller.SysLogininforController.pageList()', 'POST', 1, 'admin', '研发部门', '/api/sys/logininfor/pageList', '0:0:0:0:0:0:0:1', '', '[{\"pageNum\":1,\"pageSize\":20,\"userName\":null,\"ipaddr\":null,\"status\":null,\"startTime\":null,\"endTime\":null}]', 'Result(code=200, message=操作成功, data=PageResponse(total=1, rows=[LogininforVO(infoId=10, userName=admin, ipaddr=0:0:0:0:0:0:0:1, loginLocation=内网IP, browser=Chrome 143, os=Windows 10/11, status=0, msg=登录成功, loginTime=2026-01-23T15:10:47)], pageNum=1, pageSize=20, pageCount=1), timestamp=1769154310695)', 0, '', '2026-01-23 15:45:11', 3);
INSERT INTO `sys_oper_log` VALUES (232, '登录日志', 0, 'com.star.pivot.controller.SysLogininforController.pageList()', 'POST', 1, 'admin', '研发部门', '/api/sys/logininfor/pageList', '0:0:0:0:0:0:0:1', '', '[{\"pageNum\":1,\"pageSize\":20,\"userName\":null,\"ipaddr\":null,\"status\":\"1\",\"startTime\":null,\"endTime\":null}]', '{\"code\":200,\"message\":\"操作成功\",\"data\":{\"total\":0,\"rows\":[],\"pageNum\":1,\"pageSize\":20,\"pageCount\":0},\"timestamp\":1769154312491}', 0, '', '2026-01-23 15:45:12', 3);
INSERT INTO `sys_oper_log` VALUES (233, '登录日志', 0, 'com.star.pivot.controller.SysLogininforController.pageList()', 'POST', 1, 'admin', '研发部门', '/api/sys/logininfor/pageList', '0:0:0:0:0:0:0:1', '', '[{\"pageNum\":1,\"pageSize\":20,\"userName\":null,\"ipaddr\":null,\"status\":null,\"startTime\":null,\"endTime\":null}]', 'Result(code=200, message=操作成功, data=PageResponse(total=1, rows=[LogininforVO(infoId=10, userName=admin, ipaddr=0:0:0:0:0:0:0:1, loginLocation=内网IP, browser=Chrome 143, os=Windows 10/11, status=0, msg=登录成功, loginTime=2026-01-23T15:10:47)], pageNum=1, pageSize=20, pageCount=1), timestamp=1769154313078)', 0, '', '2026-01-23 15:45:13', 4);
INSERT INTO `sys_oper_log` VALUES (234, '登录日志', 0, 'com.star.pivot.controller.SysLogininforController.pageList()', 'POST', 1, 'admin', '研发部门', '/api/sys/logininfor/pageList', '0:0:0:0:0:0:0:1', '', '[{\"pageNum\":1,\"pageSize\":20,\"userName\":null,\"ipaddr\":null,\"status\":null,\"startTime\":null,\"endTime\":null}]', 'Result(code=200, message=操作成功, data=PageResponse(total=1, rows=[LogininforVO(infoId=10, userName=admin, ipaddr=0:0:0:0:0:0:0:1, loginLocation=内网IP, browser=Chrome 143, os=Windows 10/11, status=0, msg=登录成功, loginTime=2026-01-23T15:10:47)], pageNum=1, pageSize=20, pageCount=1), timestamp=1769154313535)', 0, '', '2026-01-23 15:45:14', 3);
INSERT INTO `sys_oper_log` VALUES (235, '操作日志', 0, 'com.star.pivot.controller.SysOperLogController.pageList()', 'POST', 1, 'admin', '研发部门', '/api/sys/operlog/pageList', '0:0:0:0:0:0:0:1', '', '[{\"pageNum\":1,\"pageSize\":20,\"title\":null,\"businessType\":null,\"operName\":null,\"status\":null,\"startTime\":null,\"endTime\":null}]', 'Result(code=200, message=操作成功, data=PageResponse(total=45, rows=[OperLogVO(operId=234, title=登录日志, businessType=0, method=com.star.pivot.controller.SysLogininforController.pageList(), requestMethod=POST, operatorType=1, operName=admin, deptName=研发部门, operUrl=/api/sys/logininfor/pageList, operIp=0:0:0:0:0:0:0:1, operLocation=, operParam=[{\"pageNum\":1,\"pageSize\":20,\"userName\":null,\"ipaddr\":null,\"status\":null,\"startTime\":null,\"endTime\":null}], jsonResult=Result(code=200, message=操作成功, data=PageResponse(total=1, rows=[LogininforVO(infoId=10, userName=admin, ipaddr=0:0:0:0:0:0:0:1, loginLocation=内网IP, browser=Chrome 143, os=Windows 10/11, status=0, msg=登录成功, loginTime=2026-01-23T15:10:47)], pageNum=1, pageSize=20, pageCount=1), timestamp=1769154313535), status=0, errorMsg=, operTime=2026-01-23T15:45:14, costTime=3), OperLogVO(operId=233, title=登录日志, businessType=0, method=com.star.pivot.controller.SysLogininforController.pageList(), requestMethod=POST, operatorType=1, operName=admin, deptName=研发部门, operUrl=/api/sys/logininfor/pageList, operIp=0:0:0:0:0:0:0:1, operLocation=, operParam=[{\"pageNum\":1,\"pageSize\":20,\"userName\":null,\"ipaddr\":null,\"status\":null,\"startTime\":null,\"endTime\":null}], jsonResult=Result(code=200, message=操作成功, data=PageResponse(total=1, rows=[LogininforVO(infoId=10, userName=admin, ipaddr=0:0:0:0:0:0:0:1, loginLocation=内网IP, browser=Chrome 143, os=Windows 10/11, status=0, msg=登录成功, loginTime=2026-01-23T15:10:47)], pageNum=1, pageSize=20, pageCount=1), timestamp=1769154313078), status=0, errorMsg=, operTime=2026-01-23T15:45:13, costTime=4), OperLogVO(operId=232, title=登录日志, businessType=0, method=com.star.pivot.controller.SysLogininforController.pageList(), requestMethod=POST, operatorType=1, operName=admin, deptName=研发部门, operUrl=/api/sys/logininfor/pageList, operIp=0:0:0:0:0:0:0:1, operLocation=, operParam=[{\"pageNum\":1,\"pageSize\":20,\"userName\":n...', 0, '', '2026-01-23 15:46:15', 6);
INSERT INTO `sys_oper_log` VALUES (236, '操作日志', 0, 'com.star.pivot.controller.SysOperLogController.pageList()', 'POST', 1, 'admin', '研发部门', '/api/sys/operlog/pageList', '0:0:0:0:0:0:0:1', '', '[{\"pageNum\":1,\"pageSize\":20,\"title\":null,\"businessType\":null,\"operName\":\"111\",\"status\":null,\"startTime\":null,\"endTime\":null}]', '{\"code\":200,\"message\":\"操作成功\",\"data\":{\"total\":0,\"rows\":[],\"pageNum\":1,\"pageSize\":20,\"pageCount\":0},\"timestamp\":1769154377464}', 0, '', '2026-01-23 15:46:17', 3);
INSERT INTO `sys_oper_log` VALUES (237, '操作日志', 0, 'com.star.pivot.controller.SysOperLogController.pageList()', 'POST', 1, 'admin', '研发部门', '/api/sys/operlog/pageList', '0:0:0:0:0:0:0:1', '', '[{\"pageNum\":1,\"pageSize\":20,\"title\":null,\"businessType\":null,\"operName\":null,\"status\":null,\"startTime\":null,\"endTime\":null}]', 'Result(code=200, message=操作成功, data=PageResponse(total=47, rows=[OperLogVO(operId=236, title=操作日志, businessType=0, method=com.star.pivot.controller.SysOperLogController.pageList(), requestMethod=POST, operatorType=1, operName=admin, deptName=研发部门, operUrl=/api/sys/operlog/pageList, operIp=0:0:0:0:0:0:0:1, operLocation=, operParam=[{\"pageNum\":1,\"pageSize\":20,\"title\":null,\"businessType\":null,\"operName\":\"111\",\"status\":null,\"startTime\":null,\"endTime\":null}], jsonResult={\"code\":200,\"message\":\"操作成功\",\"data\":{\"total\":0,\"rows\":[],\"pageNum\":1,\"pageSize\":20,\"pageCount\":0},\"timestamp\":1769154377464}, status=0, errorMsg=, operTime=2026-01-23T15:46:17, costTime=3), OperLogVO(operId=235, title=操作日志, businessType=0, method=com.star.pivot.controller.SysOperLogController.pageList(), requestMethod=POST, operatorType=1, operName=admin, deptName=研发部门, operUrl=/api/sys/operlog/pageList, operIp=0:0:0:0:0:0:0:1, operLocation=, operParam=[{\"pageNum\":1,\"pageSize\":20,\"title\":null,\"businessType\":null,\"operName\":null,\"status\":null,\"startTime\":null,\"endTime\":null}], jsonResult=Result(code=200, message=操作成功, data=PageResponse(total=45, rows=[OperLogVO(operId=234, title=登录日志, businessType=0, method=com.star.pivot.controller.SysLogininforController.pageList(), requestMethod=POST, operatorType=1, operName=admin, deptName=研发部门, operUrl=/api/sys/logininfor/pageList, operIp=0:0:0:0:0:0:0:1, operLocation=, operParam=[{\"pageNum\":1,\"pageSize\":20,\"userName\":null,\"ipaddr\":null,\"status\":null,\"startTime\":null,\"endTime\":null}], jsonResult=Result(code=200, message=操作成功, data=PageResponse(total=1, rows=[LogininforVO(infoId=10, userName=admin, ipaddr=0:0:0:0:0:0:0:1, loginLocation=内网IP, browser=Chrome 143, os=Windows 10/11, status=0, msg=登录成功, loginTime=2026-01-23T15:10:47)], pageNum=1, pageSize=20, pageCount=1), timestamp=1769154313535), status=0, errorMsg=, operTime=2026-01-23T15:45:14, costTime=3), OperLogVO(o...', 0, '', '2026-01-23 15:46:18', 6);
INSERT INTO `sys_oper_log` VALUES (238, '操作日志', 0, 'com.star.pivot.controller.SysOperLogController.pageList()', 'POST', 1, 'admin', '研发部门', '/api/sys/operlog/pageList', '0:0:0:0:0:0:0:1', '', '[{\"pageNum\":1,\"pageSize\":20,\"title\":null,\"businessType\":null,\"operName\":null,\"status\":null,\"startTime\":null,\"endTime\":null}]', 'Result(code=200, message=操作成功, data=PageResponse(total=48, rows=[OperLogVO(operId=237, title=操作日志, businessType=0, method=com.star.pivot.controller.SysOperLogController.pageList(), requestMethod=POST, operatorType=1, operName=admin, deptName=研发部门, operUrl=/api/sys/operlog/pageList, operIp=0:0:0:0:0:0:0:1, operLocation=, operParam=[{\"pageNum\":1,\"pageSize\":20,\"title\":null,\"businessType\":null,\"operName\":null,\"status\":null,\"startTime\":null,\"endTime\":null}], jsonResult=Result(code=200, message=操作成功, data=PageResponse(total=47, rows=[OperLogVO(operId=236, title=操作日志, businessType=0, method=com.star.pivot.controller.SysOperLogController.pageList(), requestMethod=POST, operatorType=1, operName=admin, deptName=研发部门, operUrl=/api/sys/operlog/pageList, operIp=0:0:0:0:0:0:0:1, operLocation=, operParam=[{\"pageNum\":1,\"pageSize\":20,\"title\":null,\"businessType\":null,\"operName\":\"111\",\"status\":null,\"startTime\":null,\"endTime\":null}], jsonResult={\"code\":200,\"message\":\"操作成功\",\"data\":{\"total\":0,\"rows\":[],\"pageNum\":1,\"pageSize\":20,\"pageCount\":0},\"timestamp\":1769154377464}, status=0, errorMsg=, operTime=2026-01-23T15:46:17, costTime=3), OperLogVO(operId=235, title=操作日志, businessType=0, method=com.star.pivot.controller.SysOperLogController.pageList(), requestMethod=POST, operatorType=1, operName=admin, deptName=研发部门, operUrl=/api/sys/operlog/pageList, operIp=0:0:0:0:0:0:0:1, operLocation=, operParam=[{\"pageNum\":1,\"pageSize\":20,\"title\":null,\"businessType\":null,\"operName\":null,\"status\":null,\"startTime\":null,\"endTime\":null}], jsonResult=Result(code=200, message=操作成功, data=PageResponse(total=45, rows=[OperLogVO(operId=234, title=登录日志, businessType=0, method=com.star.pivot.controller.SysLogininforController.pageList(), requestMethod=POST, operatorType=1, operName=admin, deptName=研发部门, operUrl=/api/sys/logininfor/pageList, operIp=0:0:0:0:0:0:0:1, operLocation=, operParam=[{\"pageNum\":1,\"pageSize...', 0, '', '2026-01-23 15:46:27', 5);
INSERT INTO `sys_oper_log` VALUES (239, '操作日志', 0, 'com.star.pivot.controller.SysOperLogController.pageList()', 'POST', 1, 'admin', '研发部门', '/api/sys/operlog/pageList', '0:0:0:0:0:0:0:1', '', '[{\"pageNum\":1,\"pageSize\":20,\"title\":null,\"businessType\":null,\"operName\":null,\"status\":null,\"startTime\":null,\"endTime\":null}]', 'Result(code=200, message=操作成功, data=PageResponse(total=49, rows=[OperLogVO(operId=238, title=操作日志, businessType=0, method=com.star.pivot.controller.SysOperLogController.pageList(), requestMethod=POST, operatorType=1, operName=admin, deptName=研发部门, operUrl=/api/sys/operlog/pageList, operIp=0:0:0:0:0:0:0:1, operLocation=, operParam=[{\"pageNum\":1,\"pageSize\":20,\"title\":null,\"businessType\":null,\"operName\":null,\"status\":null,\"startTime\":null,\"endTime\":null}], jsonResult=Result(code=200, message=操作成功, data=PageResponse(total=48, rows=[OperLogVO(operId=237, title=操作日志, businessType=0, method=com.star.pivot.controller.SysOperLogController.pageList(), requestMethod=POST, operatorType=1, operName=admin, deptName=研发部门, operUrl=/api/sys/operlog/pageList, operIp=0:0:0:0:0:0:0:1, operLocation=, operParam=[{\"pageNum\":1,\"pageSize\":20,\"title\":null,\"businessType\":null,\"operName\":null,\"status\":null,\"startTime\":null,\"endTime\":null}], jsonResult=Result(code=200, message=操作成功, data=PageResponse(total=47, rows=[OperLogVO(operId=236, title=操作日志, businessType=0, method=com.star.pivot.controller.SysOperLogController.pageList(), requestMethod=POST, operatorType=1, operName=admin, deptName=研发部门, operUrl=/api/sys/operlog/pageList, operIp=0:0:0:0:0:0:0:1, operLocation=, operParam=[{\"pageNum\":1,\"pageSize\":20,\"title\":null,\"businessType\":null,\"operName\":\"111\",\"status\":null,\"startTime\":null,\"endTime\":null}], jsonResult={\"code\":200,\"message\":\"操作成功\",\"data\":{\"total\":0,\"rows\":[],\"pageNum\":1,\"pageSize\":20,\"pageCount\":0},\"timestamp\":1769154377464}, status=0, errorMsg=, operTime=2026-01-23T15:46:17, costTime=3), OperLogVO(operId=235, title=操作日志, businessType=0, method=com.star.pivot.controller.SysOperLogController.pageList(), requestMethod=POST, operatorType=1, operName=admin, deptName=研发部门, operUrl=/api/sys/operlog/pageList, operIp=0:0:0:0:0:0:0:1, operLocation=, operParam=[{\"pageNum\":1,\"pageSize\":20,\"...', 0, '', '2026-01-23 15:46:27', 5);
INSERT INTO `sys_oper_log` VALUES (240, '操作日志', 0, 'com.star.pivot.controller.SysOperLogController.pageList()', 'POST', 1, 'admin', '研发部门', '/api/sys/operlog/pageList', '0:0:0:0:0:0:0:1', '', '[{\"pageNum\":1,\"pageSize\":20,\"title\":null,\"businessType\":null,\"operName\":null,\"status\":null,\"startTime\":null,\"endTime\":null}]', 'Result(code=200, message=操作成功, data=PageResponse(total=50, rows=[OperLogVO(operId=238, title=操作日志, businessType=0, method=com.star.pivot.controller.SysOperLogController.pageList(), requestMethod=POST, operatorType=1, operName=admin, deptName=研发部门, operUrl=/api/sys/operlog/pageList, operIp=0:0:0:0:0:0:0:1, operLocation=, operParam=[{\"pageNum\":1,\"pageSize\":20,\"title\":null,\"businessType\":null,\"operName\":null,\"status\":null,\"startTime\":null,\"endTime\":null}], jsonResult=Result(code=200, message=操作成功, data=PageResponse(total=48, rows=[OperLogVO(operId=237, title=操作日志, businessType=0, method=com.star.pivot.controller.SysOperLogController.pageList(), requestMethod=POST, operatorType=1, operName=admin, deptName=研发部门, operUrl=/api/sys/operlog/pageList, operIp=0:0:0:0:0:0:0:1, operLocation=, operParam=[{\"pageNum\":1,\"pageSize\":20,\"title\":null,\"businessType\":null,\"operName\":null,\"status\":null,\"startTime\":null,\"endTime\":null}], jsonResult=Result(code=200, message=操作成功, data=PageResponse(total=47, rows=[OperLogVO(operId=236, title=操作日志, businessType=0, method=com.star.pivot.controller.SysOperLogController.pageList(), requestMethod=POST, operatorType=1, operName=admin, deptName=研发部门, operUrl=/api/sys/operlog/pageList, operIp=0:0:0:0:0:0:0:1, operLocation=, operParam=[{\"pageNum\":1,\"pageSize\":20,\"title\":null,\"businessType\":null,\"operName\":\"111\",\"status\":null,\"startTime\":null,\"endTime\":null}], jsonResult={\"code\":200,\"message\":\"操作成功\",\"data\":{\"total\":0,\"rows\":[],\"pageNum\":1,\"pageSize\":20,\"pageCount\":0},\"timestamp\":1769154377464}, status=0, errorMsg=, operTime=2026-01-23T15:46:17, costTime=3), OperLogVO(operId=235, title=操作日志, businessType=0, method=com.star.pivot.controller.SysOperLogController.pageList(), requestMethod=POST, operatorType=1, operName=admin, deptName=研发部门, operUrl=/api/sys/operlog/pageList, operIp=0:0:0:0:0:0:0:1, operLocation=, operParam=[{\"pageNum\":1,\"pageSize\":20,\"...', 0, '', '2026-01-23 15:47:21', 14);
INSERT INTO `sys_oper_log` VALUES (241, '操作日志', 0, 'com.star.pivot.controller.SysOperLogController.pageList()', 'POST', 1, 'admin', '研发部门', '/api/sys/operlog/pageList', '0:0:0:0:0:0:0:1', '', '[{\"pageNum\":1,\"pageSize\":20,\"title\":null,\"businessType\":null,\"operName\":null,\"status\":null,\"startTime\":null,\"endTime\":null}]', 'Result(code=200, message=操作成功, data=PageResponse(total=51, rows=[OperLogVO(operId=240, title=操作日志, businessType=0, method=com.star.pivot.controller.SysOperLogController.pageList(), requestMethod=POST, operatorType=1, operName=admin, deptName=研发部门, operUrl=/api/sys/operlog/pageList, operIp=0:0:0:0:0:0:0:1, operLocation=, operParam=[{\"pageNum\":1,\"pageSize\":20,\"title\":null,\"businessType\":null,\"operName\":null,\"status\":null,\"startTime\":null,\"endTime\":null}], jsonResult=Result(code=200, message=操作成功, data=PageResponse(total=50, rows=[OperLogVO(operId=238, title=操作日志, businessType=0, method=com.star.pivot.controller.SysOperLogController.pageList(), requestMethod=POST, operatorType=1, operName=admin, deptName=研发部门, operUrl=/api/sys/operlog/pageList, operIp=0:0:0:0:0:0:0:1, operLocation=, operParam=[{\"pageNum\":1,\"pageSize\":20,\"title\":null,\"businessType\":null,\"operName\":null,\"status\":null,\"startTime\":null,\"endTime\":null}], jsonResult=Result(code=200, message=操作成功, data=PageResponse(total=48, rows=[OperLogVO(operId=237, title=操作日志, businessType=0, method=com.star.pivot.controller.SysOperLogController.pageList(), requestMethod=POST, operatorType=1, operName=admin, deptName=研发部门, operUrl=/api/sys/operlog/pageList, operIp=0:0:0:0:0:0:0:1, operLocation=, operParam=[{\"pageNum\":1,\"pageSize\":20,\"title\":null,\"businessType\":null,\"operName\":null,\"status\":null,\"startTime\":null,\"endTime\":null}], jsonResult=Result(code=200, message=操作成功, data=PageResponse(total=47, rows=[OperLogVO(operId=236, title=操作日志, businessType=0, method=com.star.pivot.controller.SysOperLogController.pageList(), requestMethod=POST, operatorType=1, operName=admin, deptName=研发部门, operUrl=/api/sys/operlog/pageList, operIp=0:0:0:0:0:0:0:1, operLocation=, operParam=[{\"pageNum\":1,\"pageSize\":20,\"title\":null,\"businessType\":null,\"operName\":\"111\",\"status\":null,\"startTime\":null,\"endTime\":null}], jsonResult={\"code\":200,\"mess...', 0, '', '2026-01-23 15:47:45', 6);
INSERT INTO `sys_oper_log` VALUES (242, '操作日志', 0, 'com.star.pivot.controller.SysOperLogController.pageList()', 'POST', 1, 'admin', '研发部门', '/api/sys/operlog/pageList', '0:0:0:0:0:0:0:1', '', '[{\"pageNum\":1,\"pageSize\":20,\"title\":null,\"businessType\":null,\"operName\":null,\"status\":null,\"startTime\":null,\"endTime\":null}]', 'Result(code=200, message=操作成功, data=PageResponse(total=52, rows=[OperLogVO(operId=241, title=操作日志, businessType=0, method=com.star.pivot.controller.SysOperLogController.pageList(), requestMethod=POST, operatorType=1, operName=admin, deptName=研发部门, operUrl=/api/sys/operlog/pageList, operIp=0:0:0:0:0:0:0:1, operLocation=, operParam=[{\"pageNum\":1,\"pageSize\":20,\"title\":null,\"businessType\":null,\"operName\":null,\"status\":null,\"startTime\":null,\"endTime\":null}], jsonResult=Result(code=200, message=操作成功, data=PageResponse(total=51, rows=[OperLogVO(operId=240, title=操作日志, businessType=0, method=com.star.pivot.controller.SysOperLogController.pageList(), requestMethod=POST, operatorType=1, operName=admin, deptName=研发部门, operUrl=/api/sys/operlog/pageList, operIp=0:0:0:0:0:0:0:1, operLocation=, operParam=[{\"pageNum\":1,\"pageSize\":20,\"title\":null,\"businessType\":null,\"operName\":null,\"status\":null,\"startTime\":null,\"endTime\":null}], jsonResult=Result(code=200, message=操作成功, data=PageResponse(total=50, rows=[OperLogVO(operId=238, title=操作日志, businessType=0, method=com.star.pivot.controller.SysOperLogController.pageList(), requestMethod=POST, operatorType=1, operName=admin, deptName=研发部门, operUrl=/api/sys/operlog/pageList, operIp=0:0:0:0:0:0:0:1, operLocation=, operParam=[{\"pageNum\":1,\"pageSize\":20,\"title\":null,\"businessType\":null,\"operName\":null,\"status\":null,\"startTime\":null,\"endTime\":null}], jsonResult=Result(code=200, message=操作成功, data=PageResponse(total=48, rows=[OperLogVO(operId=237, title=操作日志, businessType=0, method=com.star.pivot.controller.SysOperLogController.pageList(), requestMethod=POST, operatorType=1, operName=admin, deptName=研发部门, operUrl=/api/sys/operlog/pageList, operIp=0:0:0:0:0:0:0:1, operLocation=, operParam=[{\"pageNum\":1,\"pageSize\":20,\"title\":null,\"businessType\":null,\"operName\":null,\"status\":null,\"startTime\":null,\"endTime\":null}], jsonResult=Result(code=200, m...', 0, '', '2026-01-23 15:48:00', 6);
INSERT INTO `sys_oper_log` VALUES (243, '操作日志', 0, 'com.star.pivot.controller.SysOperLogController.pageList()', 'POST', 1, 'admin', '研发部门', '/api/sys/operlog/pageList', '0:0:0:0:0:0:0:1', '', '[{\"pageNum\":1,\"pageSize\":20,\"title\":null,\"businessType\":null,\"operName\":null,\"status\":null,\"startTime\":null,\"endTime\":null}]', 'Result(code=200, message=操作成功, data=PageResponse(total=53, rows=[OperLogVO(operId=242, title=操作日志, businessType=0, method=com.star.pivot.controller.SysOperLogController.pageList(), requestMethod=POST, operatorType=1, operName=admin, deptName=研发部门, operUrl=/api/sys/operlog/pageList, operIp=0:0:0:0:0:0:0:1, operLocation=, operParam=[{\"pageNum\":1,\"pageSize\":20,\"title\":null,\"businessType\":null,\"operName\":null,\"status\":null,\"startTime\":null,\"endTime\":null}], jsonResult=Result(code=200, message=操作成功, data=PageResponse(total=52, rows=[OperLogVO(operId=241, title=操作日志, businessType=0, method=com.star.pivot.controller.SysOperLogController.pageList(), requestMethod=POST, operatorType=1, operName=admin, deptName=研发部门, operUrl=/api/sys/operlog/pageList, operIp=0:0:0:0:0:0:0:1, operLocation=, operParam=[{\"pageNum\":1,\"pageSize\":20,\"title\":null,\"businessType\":null,\"operName\":null,\"status\":null,\"startTime\":null,\"endTime\":null}], jsonResult=Result(code=200, message=操作成功, data=PageResponse(total=51, rows=[OperLogVO(operId=240, title=操作日志, businessType=0, method=com.star.pivot.controller.SysOperLogController.pageList(), requestMethod=POST, operatorType=1, operName=admin, deptName=研发部门, operUrl=/api/sys/operlog/pageList, operIp=0:0:0:0:0:0:0:1, operLocation=, operParam=[{\"pageNum\":1,\"pageSize\":20,\"title\":null,\"businessType\":null,\"operName\":null,\"status\":null,\"startTime\":null,\"endTime\":null}], jsonResult=Result(code=200, message=操作成功, data=PageResponse(total=50, rows=[OperLogVO(operId=238, title=操作日志, businessType=0, method=com.star.pivot.controller.SysOperLogController.pageList(), requestMethod=POST, operatorType=1, operName=admin, deptName=研发部门, operUrl=/api/sys/operlog/pageList, operIp=0:0:0:0:0:0:0:1, operLocation=, operParam=[{\"pageNum\":1,\"pageSize\":20,\"title\":null,\"businessType\":null,\"operName\":null,\"status\":null,\"startTime\":null,\"endTime\":null}], jsonResult=Result(code=200, m...', 0, '', '2026-01-23 15:48:33', 7);
INSERT INTO `sys_oper_log` VALUES (244, '操作日志', 0, 'com.star.pivot.controller.SysOperLogController.pageList()', 'POST', 1, 'admin', '研发部门', '/api/sys/operlog/pageList', '0:0:0:0:0:0:0:1', '', '[{\"pageNum\":1,\"pageSize\":20,\"title\":null,\"businessType\":2,\"operName\":null,\"status\":null,\"startTime\":null,\"endTime\":null}]', '{\"code\":200,\"message\":\"操作成功\",\"data\":{\"total\":0,\"rows\":[],\"pageNum\":1,\"pageSize\":20,\"pageCount\":0},\"timestamp\":1769154516677}', 0, '', '2026-01-23 15:48:37', 3);
INSERT INTO `sys_oper_log` VALUES (245, '操作日志', 0, 'com.star.pivot.controller.SysOperLogController.pageList()', 'POST', 1, 'admin', '研发部门', '/api/sys/operlog/pageList', '0:0:0:0:0:0:0:1', '', '[{\"pageNum\":1,\"pageSize\":20,\"title\":null,\"businessType\":null,\"operName\":null,\"status\":null,\"startTime\":null,\"endTime\":null}]', 'Result(code=200, message=操作成功, data=PageResponse(total=55, rows=[OperLogVO(operId=244, title=操作日志, businessType=0, method=com.star.pivot.controller.SysOperLogController.pageList(), requestMethod=POST, operatorType=1, operName=admin, deptName=研发部门, operUrl=/api/sys/operlog/pageList, operIp=0:0:0:0:0:0:0:1, operLocation=, operParam=[{\"pageNum\":1,\"pageSize\":20,\"title\":null,\"businessType\":2,\"operName\":null,\"status\":null,\"startTime\":null,\"endTime\":null}], jsonResult={\"code\":200,\"message\":\"操作成功\",\"data\":{\"total\":0,\"rows\":[],\"pageNum\":1,\"pageSize\":20,\"pageCount\":0},\"timestamp\":1769154516677}, status=0, errorMsg=, operTime=2026-01-23T15:48:37, costTime=3), OperLogVO(operId=243, title=操作日志, businessType=0, method=com.star.pivot.controller.SysOperLogController.pageList(), requestMethod=POST, operatorType=1, operName=admin, deptName=研发部门, operUrl=/api/sys/operlog/pageList, operIp=0:0:0:0:0:0:0:1, operLocation=, operParam=[{\"pageNum\":1,\"pageSize\":20,\"title\":null,\"businessType\":null,\"operName\":null,\"status\":null,\"startTime\":null,\"endTime\":null}], jsonResult=Result(code=200, message=操作成功, data=PageResponse(total=53, rows=[OperLogVO(operId=242, title=操作日志, businessType=0, method=com.star.pivot.controller.SysOperLogController.pageList(), requestMethod=POST, operatorType=1, operName=admin, deptName=研发部门, operUrl=/api/sys/operlog/pageList, operIp=0:0:0:0:0:0:0:1, operLocation=, operParam=[{\"pageNum\":1,\"pageSize\":20,\"title\":null,\"businessType\":null,\"operName\":null,\"status\":null,\"startTime\":null,\"endTime\":null}], jsonResult=Result(code=200, message=操作成功, data=PageResponse(total=52, rows=[OperLogVO(operId=241, title=操作日志, businessType=0, method=com.star.pivot.controller.SysOperLogController.pageList(), requestMethod=POST, operatorType=1, operName=admin, deptName=研发部门, operUrl=/api/sys/operlog/pageList, operIp=0:0:0:0:0:0:0:1, operLocation=, operParam=[{\"pageNum\":1,\"pageSize\":20,\"titl...', 0, '', '2026-01-23 15:48:38', 8);
INSERT INTO `sys_oper_log` VALUES (246, '登录日志', 0, 'com.star.pivot.controller.SysLogininforController.pageList()', 'POST', 1, 'admin', '研发部门', '/api/sys/logininfor/pageList', '0:0:0:0:0:0:0:1', '', '[{\"pageNum\":1,\"pageSize\":20,\"userName\":null,\"ipaddr\":null,\"status\":null,\"startTime\":null,\"endTime\":null}]', 'Result(code=200, message=操作成功, data=PageResponse(total=1, rows=[LogininforVO(infoId=10, userName=admin, ipaddr=0:0:0:0:0:0:0:1, loginLocation=内网IP, browser=Chrome 143, os=Windows 10/11, status=0, msg=登录成功, loginTime=2026-01-23T15:10:47)], pageNum=1, pageSize=20, pageCount=1), timestamp=1769154519725)', 0, '', '2026-01-23 15:48:40', 3);
INSERT INTO `sys_oper_log` VALUES (247, '登录日志', 0, 'com.star.pivot.controller.SysLogininforController.pageList()', 'POST', 1, 'admin', '研发部门', '/api/sys/logininfor/pageList', '0:0:0:0:0:0:0:1', '', '[{\"pageNum\":1,\"pageSize\":20,\"userName\":null,\"ipaddr\":\"1111\",\"status\":null,\"startTime\":null,\"endTime\":null}]', '{\"code\":200,\"message\":\"操作成功\",\"data\":{\"total\":0,\"rows\":[],\"pageNum\":1,\"pageSize\":20,\"pageCount\":0},\"timestamp\":1769154522684}', 0, '', '2026-01-23 15:48:43', 4);
INSERT INTO `sys_oper_log` VALUES (248, '登录日志', 0, 'com.star.pivot.controller.SysLogininforController.pageList()', 'POST', 1, 'admin', '研发部门', '/api/sys/logininfor/pageList', '0:0:0:0:0:0:0:1', '', '[{\"pageNum\":1,\"pageSize\":20,\"userName\":null,\"ipaddr\":null,\"status\":null,\"startTime\":null,\"endTime\":null}]', 'Result(code=200, message=操作成功, data=PageResponse(total=1, rows=[LogininforVO(infoId=10, userName=admin, ipaddr=0:0:0:0:0:0:0:1, loginLocation=内网IP, browser=Chrome 143, os=Windows 10/11, status=0, msg=登录成功, loginTime=2026-01-23T15:10:47)], pageNum=1, pageSize=20, pageCount=1), timestamp=1769154523337)', 0, '', '2026-01-23 15:48:43', 4);
INSERT INTO `sys_oper_log` VALUES (249, '登录日志', 0, 'com.star.pivot.controller.SysLogininforController.pageList()', 'POST', 1, 'admin', '研发部门', '/api/sys/logininfor/pageList', '0:0:0:0:0:0:0:1', '', '[{\"pageNum\":1,\"pageSize\":20,\"userName\":null,\"ipaddr\":null,\"status\":null,\"startTime\":null,\"endTime\":null}]', 'Result(code=200, message=操作成功, data=PageResponse(total=1, rows=[LogininforVO(infoId=10, userName=admin, ipaddr=0:0:0:0:0:0:0:1, loginLocation=内网IP, browser=Chrome 143, os=Windows 10/11, status=0, msg=登录成功, loginTime=2026-01-23T15:10:47)], pageNum=1, pageSize=20, pageCount=1), timestamp=1769154526398)', 0, '', '2026-01-23 15:48:46', 3);
INSERT INTO `sys_oper_log` VALUES (250, '操作日志', 0, 'com.star.pivot.controller.SysOperLogController.pageList()', 'POST', 1, 'admin', '研发部门', '/api/sys/operlog/pageList', '0:0:0:0:0:0:0:1', '', '[{\"pageNum\":1,\"pageSize\":20,\"title\":null,\"businessType\":null,\"operName\":null,\"status\":null,\"startTime\":null,\"endTime\":null}]', 'Result(code=200, message=操作成功, data=PageResponse(total=60, rows=[OperLogVO(operId=249, title=登录日志, businessType=0, method=com.star.pivot.controller.SysLogininforController.pageList(), requestMethod=POST, operatorType=1, operName=admin, deptName=研发部门, operUrl=/api/sys/logininfor/pageList, operIp=0:0:0:0:0:0:0:1, operLocation=, operParam=[{\"pageNum\":1,\"pageSize\":20,\"userName\":null,\"ipaddr\":null,\"status\":null,\"startTime\":null,\"endTime\":null}], jsonResult=Result(code=200, message=操作成功, data=PageResponse(total=1, rows=[LogininforVO(infoId=10, userName=admin, ipaddr=0:0:0:0:0:0:0:1, loginLocation=内网IP, browser=Chrome 143, os=Windows 10/11, status=0, msg=登录成功, loginTime=2026-01-23T15:10:47)], pageNum=1, pageSize=20, pageCount=1), timestamp=1769154526398), status=0, errorMsg=, operTime=2026-01-23T15:48:46, costTime=3), OperLogVO(operId=247, title=登录日志, businessType=0, method=com.star.pivot.controller.SysLogininforController.pageList(), requestMethod=POST, operatorType=1, operName=admin, deptName=研发部门, operUrl=/api/sys/logininfor/pageList, operIp=0:0:0:0:0:0:0:1, operLocation=, operParam=[{\"pageNum\":1,\"pageSize\":20,\"userName\":null,\"ipaddr\":\"1111\",\"status\":null,\"startTime\":null,\"endTime\":null}], jsonResult={\"code\":200,\"message\":\"操作成功\",\"data\":{\"total\":0,\"rows\":[],\"pageNum\":1,\"pageSize\":20,\"pageCount\":0},\"timestamp\":1769154522684}, status=0, errorMsg=, operTime=2026-01-23T15:48:43, costTime=4), OperLogVO(operId=248, title=登录日志, businessType=0, method=com.star.pivot.controller.SysLogininforController.pageList(), requestMethod=POST, operatorType=1, operName=admin, deptName=研发部门, operUrl=/api/sys/logininfor/pageList, operIp=0:0:0:0:0:0:0:1, operLocation=, operParam=[{\"pageNum\":1,\"pageSize\":20,\"userName\":null,\"ipaddr\":null,\"status\":null,\"startTime\":null,\"endTime\":null}], jsonResult=Result(code=200, message=操作成功, data=PageResponse(total=1, rows=[LogininforVO(infoId=10, userName=admi...', 0, '', '2026-01-23 15:51:18', 5);
INSERT INTO `sys_oper_log` VALUES (251, '操作日志', 0, 'com.star.pivot.controller.SysOperLogController.pageList()', 'POST', 1, 'admin', '研发部门', '/api/sys/operlog/pageList', '0:0:0:0:0:0:0:1', '', '[{\"pageNum\":1,\"pageSize\":20,\"title\":null,\"businessType\":null,\"operName\":null,\"status\":null,\"startTime\":null,\"endTime\":null}]', 'Result(code=200, message=操作成功, data=PageResponse(total=61, rows=[OperLogVO(operId=250, title=操作日志, businessType=0, method=com.star.pivot.controller.SysOperLogController.pageList(), requestMethod=POST, operatorType=1, operName=admin, deptName=研发部门, operUrl=/api/sys/operlog/pageList, operIp=0:0:0:0:0:0:0:1, operLocation=, operParam=[{\"pageNum\":1,\"pageSize\":20,\"title\":null,\"businessType\":null,\"operName\":null,\"status\":null,\"startTime\":null,\"endTime\":null}], jsonResult=Result(code=200, message=操作成功, data=PageResponse(total=60, rows=[OperLogVO(operId=249, title=登录日志, businessType=0, method=com.star.pivot.controller.SysLogininforController.pageList(), requestMethod=POST, operatorType=1, operName=admin, deptName=研发部门, operUrl=/api/sys/logininfor/pageList, operIp=0:0:0:0:0:0:0:1, operLocation=, operParam=[{\"pageNum\":1,\"pageSize\":20,\"userName\":null,\"ipaddr\":null,\"status\":null,\"startTime\":null,\"endTime\":null}], jsonResult=Result(code=200, message=操作成功, data=PageResponse(total=1, rows=[LogininforVO(infoId=10, userName=admin, ipaddr=0:0:0:0:0:0:0:1, loginLocation=内网IP, browser=Chrome 143, os=Windows 10/11, status=0, msg=登录成功, loginTime=2026-01-23T15:10:47)], pageNum=1, pageSize=20, pageCount=1), timestamp=1769154526398), status=0, errorMsg=, operTime=2026-01-23T15:48:46, costTime=3), OperLogVO(operId=247, title=登录日志, businessType=0, method=com.star.pivot.controller.SysLogininforController.pageList(), requestMethod=POST, operatorType=1, operName=admin, deptName=研发部门, operUrl=/api/sys/logininfor/pageList, operIp=0:0:0:0:0:0:0:1, operLocation=, operParam=[{\"pageNum\":1,\"pageSize\":20,\"userName\":null,\"ipaddr\":\"1111\",\"status\":null,\"startTime\":null,\"endTime\":null}], jsonResult={\"code\":200,\"message\":\"操作成功\",\"data\":{\"total\":0,\"rows\":[],\"pageNum\":1,\"pageSize\":20,\"pageCount\":0},\"timestamp\":1769154522684}, status=0, errorMsg=, operTime=2026-01-23T15:48:43, costTime=4), OperLogVO(operId=248, t...', 0, '', '2026-01-23 15:51:21', 6);
INSERT INTO `sys_oper_log` VALUES (252, '操作日志', 0, 'com.star.pivot.controller.SysOperLogController.pageList()', 'POST', 1, 'admin', '研发部门', '/api/sys/operlog/pageList', '0:0:0:0:0:0:0:1', '', '[{\"pageNum\":1,\"pageSize\":20,\"title\":null,\"businessType\":null,\"operName\":null,\"status\":null,\"startTime\":null,\"endTime\":null}]', 'Result(code=200, message=操作成功, data=PageResponse(total=62, rows=[OperLogVO(operId=251, title=操作日志, businessType=0, method=com.star.pivot.controller.SysOperLogController.pageList(), requestMethod=POST, operatorType=1, operName=admin, deptName=研发部门, operUrl=/api/sys/operlog/pageList, operIp=0:0:0:0:0:0:0:1, operLocation=, operParam=[{\"pageNum\":1,\"pageSize\":20,\"title\":null,\"businessType\":null,\"operName\":null,\"status\":null,\"startTime\":null,\"endTime\":null}], jsonResult=Result(code=200, message=操作成功, data=PageResponse(total=61, rows=[OperLogVO(operId=250, title=操作日志, businessType=0, method=com.star.pivot.controller.SysOperLogController.pageList(), requestMethod=POST, operatorType=1, operName=admin, deptName=研发部门, operUrl=/api/sys/operlog/pageList, operIp=0:0:0:0:0:0:0:1, operLocation=, operParam=[{\"pageNum\":1,\"pageSize\":20,\"title\":null,\"businessType\":null,\"operName\":null,\"status\":null,\"startTime\":null,\"endTime\":null}], jsonResult=Result(code=200, message=操作成功, data=PageResponse(total=60, rows=[OperLogVO(operId=249, title=登录日志, businessType=0, method=com.star.pivot.controller.SysLogininforController.pageList(), requestMethod=POST, operatorType=1, operName=admin, deptName=研发部门, operUrl=/api/sys/logininfor/pageList, operIp=0:0:0:0:0:0:0:1, operLocation=, operParam=[{\"pageNum\":1,\"pageSize\":20,\"userName\":null,\"ipaddr\":null,\"status\":null,\"startTime\":null,\"endTime\":null}], jsonResult=Result(code=200, message=操作成功, data=PageResponse(total=1, rows=[LogininforVO(infoId=10, userName=admin, ipaddr=0:0:0:0:0:0:0:1, loginLocation=内网IP, browser=Chrome 143, os=Windows 10/11, status=0, msg=登录成功, loginTime=2026-01-23T15:10:47)], pageNum=1, pageSize=20, pageCount=1), timestamp=1769154526398), status=0, errorMsg=, operTime=2026-01-23T15:48:46, costTime=3), OperLogVO(operId=247, title=登录日志, businessType=0, method=com.star.pivot.controller.SysLogininforController.pageList(), requestMet...', 0, '', '2026-01-23 15:51:38', 6);
INSERT INTO `sys_oper_log` VALUES (253, '用户登出', 0, 'com.star.pivot.controller.AuthController.logout()', 'POST', 1, 'admin', '研发部门', '/api/auth/logout', '0:0:0:0:0:0:0:1', '', '[\"Bearer eyJhbGciOiJIUzI1NiJ9.eyJ1c2VySWQiOjEsInVzZXJuYW1lIjoiYWRtaW4iLCJzdWIiOiJhZG1pbiIsImlhdCI6MTc2OTE1MjI0NiwiZXhwIjoxNzY5MjM4NjQ2fQ.eYMU0rNNz2C4cHPDtctvTtS6N-EwHstF1YD3eGqRXX0\"]', '{\"code\":200,\"message\":\"登出成功\",\"data\":null,\"timestamp\":1769156935171}', 0, '', '2026-01-23 16:28:55', 899);
INSERT INTO `sys_oper_log` VALUES (254, '用户登录', 0, 'com.star.pivot.controller.AuthController.login()', 'POST', 0, '未知', '', '/api/auth/login', '0:0:0:0:0:0:0:1', '', '[{\"username\":\"user\",\"password\":\"******\",\"captchaProof\":\"0nK6KqeDbOY_k5jcbNX95jGD8xpFJIAeSjpd3VvQ07Y\"}]', '{\"code\":200,\"message\":\"登录成功\",\"data\":{\"token\":\"eyJhbGciOiJIUzI1NiJ9.eyJ1c2VySWQiOjIsInVzZXJuYW1lIjoidXNlciIsInN1YiI6InVzZXIiLCJpYXQiOjE3NjkxNTY5NDYsImV4cCI6MTc2OTI0MzM0Nn0.HlKzj749F_BxyQ5Fp4q4Tk9F-ZtNmBWxF96_nwcEvPE\",\"username\":\"user\",\"nickname\":\"用户管理员\",\"refreshToken\":\"d4bdb22f28784c00a43eb0e8f5fdc1ad\"},\"timestamp\":1769156946809}', 0, '', '2026-01-23 16:29:07', 782);
INSERT INTO `sys_oper_log` VALUES (255, '用户登出', 0, 'com.star.pivot.controller.AuthController.logout()', 'POST', 1, 'user', '测试部门', '/api/auth/logout', '0:0:0:0:0:0:0:1', '', '[\"Bearer eyJhbGciOiJIUzI1NiJ9.eyJ1c2VySWQiOjIsInVzZXJuYW1lIjoidXNlciIsInN1YiI6InVzZXIiLCJpYXQiOjE3NjkxNTY5NDYsImV4cCI6MTc2OTI0MzM0Nn0.HlKzj749F_BxyQ5Fp4q4Tk9F-ZtNmBWxF96_nwcEvPE\"]', '{\"code\":200,\"message\":\"登出成功\",\"data\":null,\"timestamp\":1769156979208}', 0, '', '2026-01-23 16:29:39', 2);
INSERT INTO `sys_oper_log` VALUES (256, '用户登录', 0, 'com.star.pivot.controller.AuthController.login()', 'POST', 0, '未知', '', '/api/auth/login', '0:0:0:0:0:0:0:1', '', '[{\"username\":\"admin\",\"password\":\"******\",\"captchaProof\":\"q3jQQt9hkzqUR-R9Ssm7aw-W3_Ns12gZW-AXMkDvnvA\"}]', '{\"code\":200,\"message\":\"登录成功\",\"data\":{\"token\":\"eyJhbGciOiJIUzI1NiJ9.eyJ1c2VySWQiOjEsInVzZXJuYW1lIjoiYWRtaW4iLCJzdWIiOiJhZG1pbiIsImlhdCI6MTc2OTE1Njk4OCwiZXhwIjoxNzY5MjQzMzg4fQ.AYya-Pe-_GxjU238P8zEUsZPd153zzG1aA66zPsVkZc\",\"username\":\"admin\",\"nickname\":\"超级管理员\",\"refreshToken\":\"579771de3d09443d98407dabe0a1a03e\"},\"timestamp\":1769156988991}', 0, '', '2026-01-23 16:29:49', 69);
INSERT INTO `sys_oper_log` VALUES (257, '用户登出', 0, 'com.star.pivot.controller.AuthController.logout()', 'POST', 1, 'admin', '研发部门', '/api/auth/logout', '0:0:0:0:0:0:0:1', '', '[\"Bearer eyJhbGciOiJIUzI1NiJ9.eyJ1c2VySWQiOjEsInVzZXJuYW1lIjoiYWRtaW4iLCJzdWIiOiJhZG1pbiIsImlhdCI6MTc2OTE1Njk4OCwiZXhwIjoxNzY5MjQzMzg4fQ.AYya-Pe-_GxjU238P8zEUsZPd153zzG1aA66zPsVkZc\"]', '{\"code\":200,\"message\":\"登出成功\",\"data\":null,\"timestamp\":1769157103895}', 0, '', '2026-01-23 16:31:44', 4);
INSERT INTO `sys_oper_log` VALUES (258, '用户登录', 0, 'com.star.pivot.controller.AuthController.login()', 'POST', 0, '未知', '', '/api/auth/login', '0:0:0:0:0:0:0:1', '', '[{\"username\":\"user\",\"password\":\"******\",\"captchaProof\":\"DCwbry4oTG0bWxAJFdHTfcCqn1S0E5A9oPfUXuQVVz0\"}]', '{\"code\":200,\"message\":\"登录成功\",\"data\":{\"token\":\"eyJhbGciOiJIUzI1NiJ9.eyJ1c2VySWQiOjIsInVzZXJuYW1lIjoidXNlciIsInN1YiI6InVzZXIiLCJpYXQiOjE3NjkxNTcxMTIsImV4cCI6MTc2OTI0MzUxMn0.UPIGXB2j-PUmplcsxmjAiROtB__EvP0FuGYNibwHJz8\",\"username\":\"user\",\"nickname\":\"用户管理员\",\"refreshToken\":\"4839e56d13d24ed8b11707fad472a0c0\"},\"timestamp\":1769157112676}', 0, '', '2026-01-23 16:31:53', 272);
INSERT INTO `sys_oper_log` VALUES (259, '用户登录', 0, 'com.star.pivot.controller.AuthController.login()', 'POST', 0, '未知', '', '/api/auth/login', '0:0:0:0:0:0:0:1', '', '[{\"username\":\"admin\",\"password\":\"******\",\"captchaProof\":\"daX1ubKFLjkU6viiOJpsYAqZXei_RxuwGrUGUQsI-c0\"}]', '{\"code\":200,\"message\":\"登录成功\",\"data\":{\"token\":\"eyJhbGciOiJIUzI1NiJ9.eyJ1c2VySWQiOjEsInVzZXJuYW1lIjoiYWRtaW4iLCJzdWIiOiJhZG1pbiIsImlhdCI6MTc2OTE1NzE2OCwiZXhwIjoxNzY5MjQzNTY4fQ.A37Ed5TFXvDBWEi5C6s1IK0Z2fSOZET_YVuIAhSjHZE\",\"username\":\"admin\",\"nickname\":\"超级管理员\",\"refreshToken\":\"23ea934752ef463e81594164d0d76fec\"},\"timestamp\":1769157168810}', 0, '', '2026-01-23 16:32:49', 73);
INSERT INTO `sys_oper_log` VALUES (260, '用户管理', 2, 'com.star.pivot.controller.SysUserController.updateUser()', 'POST', 1, 'user', '测试部门', '/api/sys/user/update', '0:0:0:0:0:0:0:1', '', '[{\"userId\":101,\"deptId\":105,\"userName\":\"test\",\"nickName\":\"测试用户\",\"email\":\"123****@qq.com\",\"avatar\":\"http://star-pivot.oss-cn-beijing.aliyuncs.com/avatar/101.webp?Expires=1769762054&OSSAccessKeyId=LTAI5tG8uSJeTeuRYEY4x3nG&Signature=GvZLy1UTJI%2BY2hN9YuWbFdJRGNo%3D\",\"phonenumber\":\"188****4547\",\"sex\":\"0\",\"password\":\"\",\"status\":\"0\",\"remark\":\"测试用户专属\",\"roleIds\":[2],\"postIds\":[4]}]', '{\"code\":200,\"message\":\"修改用户成功\",\"data\":null,\"timestamp\":1769157257573}', 0, '', '2026-01-23 16:34:18', 16);
INSERT INTO `sys_oper_log` VALUES (261, '用户管理', 2, 'com.star.pivot.controller.SysUserController.updateUser()', 'POST', 1, 'user', '测试部门', '/api/sys/user/update', '0:0:0:0:0:0:0:1', '', '[{\"userId\":100,\"deptId\":100,\"userName\":\"xinxin\",\"nickName\":\"辛鑫\",\"email\":\"109****@qq.com\",\"avatar\":\"http://star-pivot.oss-cn-beijing.aliyuncs.com/avatar/100.png?Expires=1769762102&OSSAccessKeyId=LTAI5tG8uSJeTeuRYEY4x3nG&Signature=tDBMV8iyt8CUYADUsTgefkgG3nE%3D\",\"phonenumber\":\"188****1124\",\"sex\":\"0\",\"password\":\"\",\"status\":\"0\",\"remark\":\"作者，超级管理员\",\"roleIds\":[1],\"postIds\":[1]}]', '{\"code\":200,\"message\":\"修改用户成功\",\"data\":null,\"timestamp\":1769157302463}', 0, '', '2026-01-23 16:35:02', 9);
INSERT INTO `sys_oper_log` VALUES (262, '用户管理', 2, 'com.star.pivot.controller.SysUserController.updateUser()', 'POST', 1, 'user', '测试部门', '/api/sys/user/update', '0:0:0:0:0:0:0:1', '', '[{\"userId\":102,\"deptId\":107,\"userName\":\"zhangsan\",\"nickName\":\"张三\",\"email\":\"zha****@qq.com\",\"avatar\":\"http://star-pivot.oss-cn-beijing.aliyuncs.com/user/102/avatar_bfe7b78b-3e54-4a14-be8f-85e74c7abbcb.webp?Expires=1769755945&OSSAccessKeyId=LTAI5tG8uSJeTeuRYEY4x3nG&Signature=45TyVskk5t6gF44mLNV7mfoik7M%3D\",\"phonenumber\":\"188****5678\",\"sex\":\"1\",\"password\":\"\",\"status\":\"0\",\"remark\":\"张三-普通员工\",\"roleIds\":[2],\"postIds\":[4]}]', '{\"code\":200,\"message\":\"修改用户成功\",\"data\":null,\"timestamp\":1769157682512}', 0, '', '2026-01-23 16:41:23', 695);
INSERT INTO `sys_oper_log` VALUES (263, '用户登出', 0, 'com.star.pivot.controller.AuthController.logout()', 'POST', 1, 'user', '测试部门', '/api/auth/logout', '0:0:0:0:0:0:0:1', '', '[\"Bearer eyJhbGciOiJIUzI1NiJ9.eyJ1c2VySWQiOjIsInVzZXJuYW1lIjoidXNlciIsInN1YiI6InVzZXIiLCJpYXQiOjE3NjkxNTcxMTIsImV4cCI6MTc2OTI0MzUxMn0.UPIGXB2j-PUmplcsxmjAiROtB__EvP0FuGYNibwHJz8\"]', '{\"code\":200,\"message\":\"登出成功\",\"data\":null,\"timestamp\":1769158997392}', 0, '', '2026-01-23 17:03:17', 787);
INSERT INTO `sys_oper_log` VALUES (264, '用户登录', 0, 'com.star.pivot.controller.AuthController.login()', 'POST', 0, '未知', '', '/api/auth/login', '0:0:0:0:0:0:0:1', '', '[{\"username\":\"user\",\"password\":\"******\",\"captchaProof\":\"ZSZ-p77tn_GF0jLTDH0rkVGTy-3hayyoP2fiLBMctXQ\"}]', '{\"code\":200,\"message\":\"登录成功\",\"data\":{\"token\":\"eyJhbGciOiJIUzI1NiJ9.eyJ1c2VySWQiOjIsInVzZXJuYW1lIjoidXNlciIsInN1YiI6InVzZXIiLCJpYXQiOjE3NjkxNTkwMDcsImV4cCI6MTc2OTI0NTQwN30.yKvYrI0_TrPiCO1vkMbUfbseNBUL_7aceeBfP5VulNU\",\"username\":\"user\",\"nickname\":\"用户管理员\",\"refreshToken\":\"80f7f2d568624c7aa644c613d8722dd8\"},\"timestamp\":1769159007769}', 0, '', '2026-01-23 17:03:28', 853);
INSERT INTO `sys_oper_log` VALUES (265, '用户登出', 0, 'com.star.pivot.controller.AuthController.logout()', 'POST', 1, 'user', '测试部门', '/api/auth/logout', '0:0:0:0:0:0:0:1', '', '[\"Bearer eyJhbGciOiJIUzI1NiJ9.eyJ1c2VySWQiOjIsInVzZXJuYW1lIjoidXNlciIsInN1YiI6InVzZXIiLCJpYXQiOjE3NjkxNTkwMDcsImV4cCI6MTc2OTI0NTQwN30.yKvYrI0_TrPiCO1vkMbUfbseNBUL_7aceeBfP5VulNU\"]', '{\"code\":200,\"message\":\"登出成功\",\"data\":null,\"timestamp\":1769159108527}', 0, '', '2026-01-23 17:05:09', 739);
INSERT INTO `sys_oper_log` VALUES (266, '用户登录', 0, 'com.star.pivot.controller.AuthController.login()', 'POST', 0, '未知', '', '/api/auth/login', '0:0:0:0:0:0:0:1', '', '[{\"username\":\"user\",\"password\":\"******\",\"captchaProof\":\"gAMUgVIk8D3D67E7cnWeJ5NvWwNFOn9aDjrk_WhzlZM\"}]', '{\"code\":200,\"message\":\"登录成功\",\"data\":{\"token\":\"eyJhbGciOiJIUzI1NiJ9.eyJ1c2VySWQiOjIsInVzZXJuYW1lIjoidXNlciIsInN1YiI6InVzZXIiLCJpYXQiOjE3NjkxNTkxNDMsImV4cCI6MTc2OTI0NTU0M30.qyEM_mV0uGTuNcgIV5SvFt4mVbf3PobKKAgjLl5EPYQ\",\"username\":\"user\",\"nickname\":\"用户管理员\",\"refreshToken\":\"084ff77ae9174c00b75cbd9eead99f2f\"},\"timestamp\":1769159143782}', 0, '', '2026-01-23 17:05:44', 812);
INSERT INTO `sys_oper_log` VALUES (267, '用户登出', 0, 'com.star.pivot.controller.AuthController.logout()', 'POST', 1, 'user', '测试部门', '/api/auth/logout', '0:0:0:0:0:0:0:1', '', '[\"Bearer eyJhbGciOiJIUzI1NiJ9.eyJ1c2VySWQiOjIsInVzZXJuYW1lIjoidXNlciIsInN1YiI6InVzZXIiLCJpYXQiOjE3NjkxNTkxNDMsImV4cCI6MTc2OTI0NTU0M30.qyEM_mV0uGTuNcgIV5SvFt4mVbf3PobKKAgjLl5EPYQ\"]', '{\"code\":200,\"message\":\"登出成功\",\"data\":null,\"timestamp\":1769163317692}', 0, '', '2026-01-23 18:15:18', 723);
INSERT INTO `sys_oper_log` VALUES (268, '用户登录', 0, 'com.star.pivot.controller.AuthController.login()', 'POST', 0, '未知', '', '/api/auth/login', '0:0:0:0:0:0:0:1', '', '[{\"username\":\"user\",\"password\":\"******\",\"captchaProof\":\"lJOcSfV6eDIimZ_j-3uvrkUQHvTLhhTxeEyxb2k4z8M\"}]', '', 1, '登录失败', '2026-01-23 18:15:28', 521);
INSERT INTO `sys_oper_log` VALUES (269, '用户登录', 0, 'com.star.pivot.controller.AuthController.login()', 'POST', 0, '未知', '', '/api/auth/login', '0:0:0:0:0:0:0:1', '', '[{\"username\":\"user\",\"password\":\"******\",\"captchaProof\":\"lJOcSfV6eDIimZ_j-3uvrkUQHvTLhhTxeEyxb2k4z8M\"}]', '', 1, '登录失败', '2026-01-23 18:15:29', 3);
INSERT INTO `sys_oper_log` VALUES (270, '用户登录', 0, 'com.star.pivot.controller.AuthController.login()', 'POST', 0, '未知', '', '/api/auth/login', '0:0:0:0:0:0:0:1', '', '[{\"username\":\"user\",\"password\":\"******\",\"captchaProof\":\"lJOcSfV6eDIimZ_j-3uvrkUQHvTLhhTxeEyxb2k4z8M\"}]', '', 1, '登录失败', '2026-01-23 18:15:31', 2);
INSERT INTO `sys_oper_log` VALUES (271, '用户登录', 0, 'com.star.pivot.controller.AuthController.login()', 'POST', 0, '未知', '', '/api/auth/login', '0:0:0:0:0:0:0:1', '', '[{\"username\":\"user\",\"password\":\"******\",\"captchaProof\":\"lJOcSfV6eDIimZ_j-3uvrkUQHvTLhhTxeEyxb2k4z8M\"}]', '', 1, '登录失败', '2026-01-23 18:15:35', 4);
INSERT INTO `sys_oper_log` VALUES (272, '用户登录', 0, 'com.star.pivot.controller.AuthController.login()', 'POST', 0, '未知', '', '/api/auth/login', '0:0:0:0:0:0:0:1', '', '[{\"username\":\"user\",\"password\":\"******\",\"captchaProof\":\"dDejLa6LdIIIB_SwPU4QEDBfSba316k_oofv1px-bW8\"}]', '', 1, '登录失败', '2026-01-23 18:15:47', 3);
INSERT INTO `sys_oper_log` VALUES (273, '用户登录', 0, 'com.star.pivot.controller.AuthController.login()', 'POST', 0, '未知', '', '/api/auth/login', '0:0:0:0:0:0:0:1', '', '[{\"username\":\"user\",\"password\":\"******\",\"captchaProof\":\"dDejLa6LdIIIB_SwPU4QEDBfSba316k_oofv1px-bW8\"}]', '', 1, '登录失败', '2026-01-23 18:15:48', 61);
INSERT INTO `sys_oper_log` VALUES (274, '用户登录', 0, 'com.star.pivot.controller.AuthController.login()', 'POST', 0, '未知', '', '/api/auth/login', '0:0:0:0:0:0:0:1', '', '[{\"username\":\"user\",\"password\":\"******\",\"captchaProof\":\"dDejLa6LdIIIB_SwPU4QEDBfSba316k_oofv1px-bW8\"}]', '', 1, '登录失败', '2026-01-23 18:15:50', 3);
INSERT INTO `sys_oper_log` VALUES (275, '用户登录', 0, 'com.star.pivot.controller.AuthController.login()', 'POST', 0, '未知', '', '/api/auth/login', '0:0:0:0:0:0:0:1', '', '[{\"username\":\"user\",\"password\":\"******\",\"captchaProof\":\"dDejLa6LdIIIB_SwPU4QEDBfSba316k_oofv1px-bW8\"}]', '', 1, '登录失败', '2026-01-23 18:15:54', 3);
INSERT INTO `sys_oper_log` VALUES (276, '用户登录', 0, 'com.star.pivot.controller.AuthController.login()', 'POST', 0, '未知', '', '/api/auth/login', '0:0:0:0:0:0:0:1', '', '[{\"username\":\"user\",\"password\":\"******\",\"captchaProof\":\"r2mwdi2DQxaTwdbOtIFwLfK5P_6qhuPKFIFl1Pp3xRg\"}]', '', 1, '登录失败', '2026-01-23 18:16:53', 1112);
INSERT INTO `sys_oper_log` VALUES (277, '用户登录', 0, 'com.star.pivot.controller.AuthController.login()', 'POST', 0, '未知', '', '/api/auth/login', '0:0:0:0:0:0:0:1', '', '[{\"username\":\"user\",\"password\":\"******\",\"captchaProof\":\"r2mwdi2DQxaTwdbOtIFwLfK5P_6qhuPKFIFl1Pp3xRg\"}]', '', 1, '登录失败', '2026-01-23 18:16:54', 4);
INSERT INTO `sys_oper_log` VALUES (278, '用户登录', 0, 'com.star.pivot.controller.AuthController.login()', 'POST', 0, '未知', '', '/api/auth/login', '0:0:0:0:0:0:0:1', '', '[{\"username\":\"user\",\"password\":\"******\",\"captchaProof\":\"r2mwdi2DQxaTwdbOtIFwLfK5P_6qhuPKFIFl1Pp3xRg\"}]', '', 1, '登录失败', '2026-01-23 18:16:56', 4);
INSERT INTO `sys_oper_log` VALUES (279, '用户登录', 0, 'com.star.pivot.controller.AuthController.login()', 'POST', 0, '未知', '', '/api/auth/login', '0:0:0:0:0:0:0:1', '', '[{\"username\":\"user\",\"password\":\"******\",\"captchaProof\":\"r2mwdi2DQxaTwdbOtIFwLfK5P_6qhuPKFIFl1Pp3xRg\"}]', '', 1, '登录失败', '2026-01-23 18:17:00', 4);
INSERT INTO `sys_oper_log` VALUES (280, '用户登录', 0, 'com.star.pivot.controller.AuthController.login()', 'POST', 0, '未知', '', '/api/auth/login', '0:0:0:0:0:0:0:1', '', '[{\"username\":\"user\",\"password\":\"******\",\"captchaProof\":\"_m8Fqx7bV_me9WrBICAlCojrrW8fEl17r3C7He7L5Us\"}]', '{\"code\":200,\"message\":\"登录成功\",\"data\":{\"token\":\"eyJhbGciOiJIUzI1NiJ9.eyJ1c2VySWQiOjIsInVzZXJuYW1lIjoidXNlciIsInN1YiI6InVzZXIiLCJpYXQiOjE3NjkxNjM2MTAsImV4cCI6MTc2OTI1MDAxMH0.WfEabz9GP4DXrA-RlUgTepzmXIK6h8AXr8_YN04-Q0o\",\"username\":\"user\",\"nickname\":\"用户管理员\",\"refreshToken\":\"f75b4fa86c864e98876c15bd5f6aa8e2\"},\"timestamp\":1769163610456}', 0, '', '2026-01-23 18:20:10', 1442);
INSERT INTO `sys_oper_log` VALUES (281, '用户登出', 0, 'com.star.pivot.controller.AuthController.logout()', 'POST', 1, 'user', '测试部门', '/api/auth/logout', '0:0:0:0:0:0:0:1', '', '[\"Bearer eyJhbGciOiJIUzI1NiJ9.eyJ1c2VySWQiOjIsInVzZXJuYW1lIjoidXNlciIsInN1YiI6InVzZXIiLCJpYXQiOjE3NjkxNjM2MTAsImV4cCI6MTc2OTI1MDAxMH0.WfEabz9GP4DXrA-RlUgTepzmXIK6h8AXr8_YN04-Q0o\"]', '{\"code\":200,\"message\":\"登出成功\",\"data\":null,\"timestamp\":1769163920383}', 0, '', '2026-01-23 18:25:20', 719);
INSERT INTO `sys_oper_log` VALUES (282, '用户登录', 0, 'com.star.pivot.controller.AuthController.login()', 'POST', 0, '未知', '', '/api/auth/login', '0:0:0:0:0:0:0:1', '', '[{\"username\":\"user\",\"password\":\"******\",\"captchaProof\":\"IggZcHhsp7j3s7suB9ptV9bKiHQsrEyIJvBpelLsfF4\"}]', '{\"code\":200,\"message\":\"登录成功\",\"data\":{\"token\":\"eyJhbGciOiJIUzI1NiJ9.eyJ1c2VySWQiOjIsInVzZXJuYW1lIjoidXNlciIsInN1YiI6InVzZXIiLCJpYXQiOjE3NjkxNjM5MzAsImV4cCI6MTc2OTI1MDMzMH0.SfCaxYhi73O3KEbAMPDJOSGZjCxDaChjCXrfV9XICT8\",\"username\":\"user\",\"nickname\":\"用户管理员\",\"refreshToken\":\"922a527fade244f99029d633df0f442c\"},\"timestamp\":1769163930272}', 0, '', '2026-01-23 18:25:30', 771);
INSERT INTO `sys_oper_log` VALUES (283, '用户登出', 0, 'com.star.pivot.controller.AuthController.logout()', 'POST', 1, 'user', '测试部门', '/api/auth/logout', '0:0:0:0:0:0:0:1', '', '[\"Bearer eyJhbGciOiJIUzI1NiJ9.eyJ1c2VySWQiOjIsInVzZXJuYW1lIjoidXNlciIsInN1YiI6InVzZXIiLCJpYXQiOjE3NjkxNjM5MzAsImV4cCI6MTc2OTI1MDMzMH0.SfCaxYhi73O3KEbAMPDJOSGZjCxDaChjCXrfV9XICT8\"]', '{\"code\":200,\"message\":\"登出成功\",\"data\":null,\"timestamp\":1769164431579}', 0, '', '2026-01-23 18:33:52', 10);
INSERT INTO `sys_oper_log` VALUES (284, '用户登录', 0, 'com.star.pivot.controller.AuthController.login()', 'POST', 0, '未知', '', '/api/auth/login', '0:0:0:0:0:0:0:1', '', '[{\"username\":\"test\",\"password\":\"******\",\"captchaProof\":\"oPWuBag4LQrc_HhtcLZxhFy5OfLWL1vCXprzxnpIJGY\"}]', '', 1, '用户名或密码错误', '2026-01-23 18:34:00', 107);
INSERT INTO `sys_oper_log` VALUES (285, '用户登录', 0, 'com.star.pivot.controller.AuthController.login()', 'POST', 0, '未知', '', '/api/auth/login', '0:0:0:0:0:0:0:1', '', '[{\"username\":\"test\",\"password\":\"******\",\"captchaProof\":\"NeCn1wn4abLz0_rPkVvlW9MeIR1F73bwQxf4_CbCepM\"}]', '', 1, '用户名或密码错误', '2026-01-23 18:34:38', 77);
INSERT INTO `sys_oper_log` VALUES (286, '用户登录', 0, 'com.star.pivot.controller.AuthController.login()', 'POST', 0, '未知', '', '/api/auth/login', '0:0:0:0:0:0:0:1', '', '[{\"username\":\"test\",\"password\":\"******\",\"captchaProof\":\"WSmJ2SB_RG2K8pvV74_iZJxLe9seXU76sxu-FkGQX6k\"}]', '', 1, '用户名或密码错误', '2026-01-23 18:35:10', 81);
INSERT INTO `sys_oper_log` VALUES (287, '用户登录', 0, 'com.star.pivot.controller.AuthController.login()', 'POST', 0, '未知', '', '/api/auth/login', '0:0:0:0:0:0:0:1', '', '[{\"username\":\"test\",\"password\":\"******\",\"captchaProof\":\"T1c0qcVooyQm2yRzvYRPJOH9aJVnmNdvsCZzGdhVQ78\"}]', '', 1, '用户名或密码错误', '2026-01-23 18:35:28', 78);
INSERT INTO `sys_oper_log` VALUES (288, '用户登录', 0, 'com.star.pivot.controller.AuthController.login()', 'POST', 0, '未知', '', '/api/auth/login', '0:0:0:0:0:0:0:1', '', '[{\"username\":\"test\",\"password\":\"******\",\"captchaProof\":\"4vZC-InUczHq4DkiRZgx3rIb_APIU-QdnQC-LcxTi2w\"}]', '', 1, '用户名或密码错误', '2026-01-23 18:36:31', 74);
INSERT INTO `sys_oper_log` VALUES (289, '用户登录', 0, 'com.star.pivot.controller.AuthController.login()', 'POST', 0, '未知', '', '/api/auth/login', '0:0:0:0:0:0:0:1', '', '[{\"username\":\"test\",\"password\":\"******\",\"captchaProof\":\"dMEEEUpb56Jet_1PT0EelgusV-m_WX7i6L1kKcGg6jQ\"}]', '', 1, '账户已被锁定，请5分钟后重试，或联系管理员解锁', '2026-01-23 18:36:57', 3);
INSERT INTO `sys_oper_log` VALUES (290, '用户登录', 0, 'com.star.pivot.controller.AuthController.login()', 'POST', 0, '未知', '', '/api/auth/login', '0:0:0:0:0:0:0:1', '', '[{\"username\":\"test\",\"password\":\"******\",\"captchaProof\":\"HJRU5jzDEWZYwDd07r0PmDTCztA0Q6XwY9QK1HRdlBk\"}]', '', 1, '账户已被锁定，请5分钟后重试，或联系管理员解锁', '2026-01-23 18:37:25', 2);
INSERT INTO `sys_oper_log` VALUES (291, '用户管理', 2, 'com.star.pivot.controller.SysUserController.unlockUser()', 'POST', 1, 'admin', '研发部门', '/api/sys/user/unlock/101', '0:0:0:0:0:0:0:1', '', '[101]', '{\"code\":200,\"message\":\"账户已成功解锁\",\"data\":null,\"timestamp\":1769164889788}', 0, '', '2026-01-23 18:41:30', 791);
INSERT INTO `sys_oper_log` VALUES (292, '用户登录', 0, 'com.star.pivot.controller.AuthController.login()', 'POST', 0, '未知', '', '/api/auth/login', '0:0:0:0:0:0:0:1', '', '[{\"username\":\"test\",\"password\":\"******\",\"captchaProof\":\"SCsxrWmaXwocKfo1Ma-aINbgWowNEMjbD5OTGNiDM5k\"}]', '{\"code\":200,\"message\":\"登录成功\",\"data\":{\"token\":\"eyJhbGciOiJIUzI1NiJ9.eyJ1c2VySWQiOjEwMSwidXNlcm5hbWUiOiJ0ZXN0Iiwic3ViIjoidGVzdCIsImlhdCI6MTc2OTE2NDg5OCwiZXhwIjoxNzY5MjUxMjk4fQ.dGhLSe4UelhWSNFn5dYYdP41surAR2giGt8fdZR54B8\",\"username\":\"test\",\"nickname\":\"测试用户\",\"refreshToken\":\"6698c42dfa84412b90e7a60f503b0173\"},\"timestamp\":1769164898707}', 0, '', '2026-01-23 18:41:39', 602);
INSERT INTO `sys_oper_log` VALUES (293, '用户管理', 2, 'com.star.pivot.controller.SysUserController.unlockUser()', 'POST', 1, 'admin', '研发部门', '/api/sys/user/unlock/102', '0:0:0:0:0:0:0:1', '', '[102]', '{\"code\":200,\"message\":\"账户未被锁定，无需解锁\",\"data\":null,\"timestamp\":1769164950979}', 0, '', '2026-01-23 18:42:31', 4);
INSERT INTO `sys_oper_log` VALUES (294, '用户管理', 2, 'com.star.pivot.controller.SysUserController.unlockUser()', 'POST', 1, 'admin', '研发部门', '/api/sys/user/unlock/102', '0:0:0:0:0:0:0:1', '', '[102]', '{\"code\":200,\"message\":\"账户未被锁定，无需解锁\",\"data\":null,\"timestamp\":1769164954350}', 0, '', '2026-01-23 18:42:34', 3);
INSERT INTO `sys_oper_log` VALUES (295, '用户管理', 2, 'com.star.pivot.controller.SysUserController.unlockUser()', 'POST', 1, 'admin', '研发部门', '/api/sys/user/unlock/100', '0:0:0:0:0:0:0:1', '', '[100]', '{\"code\":200,\"message\":\"账户未被锁定，无需解锁\",\"data\":null,\"timestamp\":1769164956665}', 0, '', '2026-01-23 18:42:37', 3);
INSERT INTO `sys_oper_log` VALUES (296, '用户登出', 0, 'com.star.pivot.controller.AuthController.logout()', 'POST', 1, 'test', '测试部门', '/api/auth/logout', '0:0:0:0:0:0:0:1', '', '[\"Bearer eyJhbGciOiJIUzI1NiJ9.eyJ1c2VySWQiOjEwMSwidXNlcm5hbWUiOiJ0ZXN0Iiwic3ViIjoidGVzdCIsImlhdCI6MTc2OTE2NDg5OCwiZXhwIjoxNzY5MjUxMjk4fQ.dGhLSe4UelhWSNFn5dYYdP41surAR2giGt8fdZR54B8\"]', '{\"code\":200,\"message\":\"登出成功\",\"data\":null,\"timestamp\":1769165566578}', 0, '', '2026-01-23 18:52:47', 1039);
INSERT INTO `sys_oper_log` VALUES (297, '用户登录', 0, 'com.star.pivot.controller.AuthController.login()', 'POST', 0, '未知', '', '/api/auth/login', '0:0:0:0:0:0:0:1', '', '[{\"username\":\"test\",\"password\":\"******\",\"captchaProof\":\"pCtQfDm9k7TmfXo4ZONDSwKHe7J_CbtXHm8chDw7nOY\"}]', '', 1, '用户名或密码错误', '2026-01-23 18:52:55', 791);
INSERT INTO `sys_oper_log` VALUES (298, '用户登录', 0, 'com.star.pivot.controller.AuthController.login()', 'POST', 0, '未知', '', '/api/auth/login', '0:0:0:0:0:0:0:1', '', '[{\"username\":\"test\",\"password\":\"******\",\"captchaProof\":\"qX6OhMt66pVsPcTMzz3LejjjGVDvSn4KzImz0FMTM6A\"}]', '', 1, '用户名或密码错误', '2026-01-23 18:53:30', 74);
INSERT INTO `sys_oper_log` VALUES (299, '用户登录', 0, 'com.star.pivot.controller.AuthController.login()', 'POST', 0, '未知', '', '/api/auth/login', '0:0:0:0:0:0:0:1', '', '[{\"username\":\"test\",\"password\":\"******\",\"captchaProof\":\"SkVjW9EwdjnId_cmbwkFsyd08AifSEWozSt-lSBDOkg\"}]', '', 1, '用户名或密码错误', '2026-01-23 18:53:41', 77);
INSERT INTO `sys_oper_log` VALUES (300, '用户登录', 0, 'com.star.pivot.controller.AuthController.login()', 'POST', 0, '未知', '', '/api/auth/login', '0:0:0:0:0:0:0:1', '', '[{\"username\":\"test\",\"password\":\"******\",\"captchaProof\":\"LJYPer_VNLSidoRP8zZTuObXWWl8a62vJbHDb0Q4xy4\"}]', '', 1, '用户名或密码错误', '2026-01-23 18:53:46', 74);
INSERT INTO `sys_oper_log` VALUES (301, '用户登录', 0, 'com.star.pivot.controller.AuthController.login()', 'POST', 0, '未知', '', '/api/auth/login', '0:0:0:0:0:0:0:1', '', '[{\"username\":\"test\",\"password\":\"******\",\"captchaProof\":\"ZRKBz6IMbSWw4PGBwFfZAzPNx2IZbsJhNG-FWY1dU2M\"}]', '', 1, '用户名或密码错误', '2026-01-23 18:53:51', 73);
INSERT INTO `sys_oper_log` VALUES (302, '用户登录', 0, 'com.star.pivot.controller.AuthController.login()', 'POST', 0, '未知', '', '/api/auth/login', '0:0:0:0:0:0:0:1', '', '[{\"username\":\"test\",\"password\":\"******\",\"captchaProof\":\"ksl_cmgvNkok9Y9_982aBJ6n2TMZ2U-aonVf6_VGO2o\"}]', '', 1, '账户已被锁定，请5分钟后重试，或联系管理员解锁', '2026-01-23 18:54:19', 3);
INSERT INTO `sys_oper_log` VALUES (303, '用户登录', 0, 'com.star.pivot.controller.AuthController.login()', 'POST', 0, '未知', '', '/api/auth/login', '0:0:0:0:0:0:0:1', '', '[{\"username\":\"test\",\"password\":\"******\",\"captchaProof\":\"hhnlMk0VTE_KrC8jjOty80uu4W7sHBfORX1Ns-N6zRI\"}]', '', 1, '账户已被锁定，请3分钟后重试，或联系管理员解锁', '2026-01-23 18:56:31', 1164);
INSERT INTO `sys_oper_log` VALUES (304, '用户登录', 0, 'com.star.pivot.controller.AuthController.login()', 'POST', 0, '未知', '', '/api/auth/login', '0:0:0:0:0:0:0:1', '', '[{\"username\":\"test\",\"password\":\"******\",\"captchaProof\":\"xq_LpXZ0goJDQUI2FPMq2ojPzs54_O9nXpVWGV1dv_Y\"}]', '', 1, '登录失败', '2026-01-23 18:58:44', 1173);
INSERT INTO `sys_oper_log` VALUES (305, '用户登录', 0, 'com.star.pivot.controller.AuthController.login()', 'POST', 0, '未知', '', '/api/auth/login', '0:0:0:0:0:0:0:1', '', '[{\"username\":\"test\",\"password\":\"******\",\"captchaProof\":\"xq_LpXZ0goJDQUI2FPMq2ojPzs54_O9nXpVWGV1dv_Y\"}]', '', 1, '登录失败', '2026-01-23 18:58:45', 4);
INSERT INTO `sys_oper_log` VALUES (306, '用户登录', 0, 'com.star.pivot.controller.AuthController.login()', 'POST', 0, '未知', '', '/api/auth/login', '0:0:0:0:0:0:0:1', '', '[{\"username\":\"test\",\"password\":\"******\",\"captchaProof\":\"xq_LpXZ0goJDQUI2FPMq2ojPzs54_O9nXpVWGV1dv_Y\"}]', '', 1, '登录失败', '2026-01-23 18:58:47', 3);
INSERT INTO `sys_oper_log` VALUES (307, '用户登录', 0, 'com.star.pivot.controller.AuthController.login()', 'POST', 0, '未知', '', '/api/auth/login', '0:0:0:0:0:0:0:1', '', '[{\"username\":\"test\",\"password\":\"******\",\"captchaProof\":\"xq_LpXZ0goJDQUI2FPMq2ojPzs54_O9nXpVWGV1dv_Y\"}]', '', 1, '登录失败', '2026-01-23 18:58:51', 4);
INSERT INTO `sys_oper_log` VALUES (308, '用户登录', 0, 'com.star.pivot.controller.AuthController.login()', 'POST', 0, '未知', '', '/api/auth/login', '0:0:0:0:0:0:0:1', '', '[{\"username\":\"test\",\"password\":\"******\",\"captchaProof\":\"i0-fOJZkoI3Zz2Io32NqJCpnpYn0fp1eQ7o5IJ17exs\"}]', '{\"code\":200,\"message\":\"登录成功\",\"data\":{\"token\":\"eyJhbGciOiJIUzI1NiJ9.eyJ1c2VySWQiOjEwMSwidXNlcm5hbWUiOiJ0ZXN0Iiwic3ViIjoidGVzdCIsImlhdCI6MTc2OTE2NTk1MiwiZXhwIjoxNzY5MjUyMzUyfQ.z-HdZoVgnDmo07havq67LgTBIKTNP2WdcTgVwYLbum4\",\"username\":\"test\",\"nickname\":\"测试用户\",\"refreshToken\":\"708b9d7267e64e16afb58df064d2e67e\"},\"timestamp\":1769165952090}', 0, '', '2026-01-23 18:59:12', 158);
INSERT INTO `sys_oper_log` VALUES (309, '用户登出', 0, 'com.star.pivot.controller.AuthController.logout()', 'POST', 1, 'test', '测试部门', '/api/auth/logout', '0:0:0:0:0:0:0:1', '', '[\"Bearer eyJhbGciOiJIUzI1NiJ9.eyJ1c2VySWQiOjEwMSwidXNlcm5hbWUiOiJ0ZXN0Iiwic3ViIjoidGVzdCIsImlhdCI6MTc2OTE2NTk1MiwiZXhwIjoxNzY5MjUyMzUyfQ.z-HdZoVgnDmo07havq67LgTBIKTNP2WdcTgVwYLbum4\"]', '{\"code\":200,\"message\":\"登出成功\",\"data\":null,\"timestamp\":1769166335946}', 0, '', '2026-01-23 19:05:36', 685);
INSERT INTO `sys_oper_log` VALUES (310, '用户登录', 0, 'com.star.pivot.controller.AuthController.login()', 'POST', 0, '未知', '', '/api/auth/login', '0:0:0:0:0:0:0:1', '', '[{\"username\":\"test\",\"password\":\"******\",\"captchaProof\":\"jgKUG8P3zlNFdJA58Uet3I4sE07f3mK39f5Dm0627Q0\"}]', '', 1, '用户名或密码错误', '2026-01-23 19:05:45', 566);
INSERT INTO `sys_oper_log` VALUES (311, '用户登录', 0, 'com.star.pivot.controller.AuthController.login()', 'POST', 0, '未知', '', '/api/auth/login', '0:0:0:0:0:0:0:1', '', '[{\"username\":\"test\",\"password\":\"******\",\"captchaProof\":\"-AHtUZoP7qcW3nSoGriie4_c9YCnlXDXm4frmZrH0z4\"}]', '', 1, '用户名或密码错误', '2026-01-23 19:06:13', 73);
INSERT INTO `sys_oper_log` VALUES (312, '用户登录', 0, 'com.star.pivot.controller.AuthController.login()', 'POST', 0, '未知', '', '/api/auth/login', '0:0:0:0:0:0:0:1', '', '[{\"username\":\"test\",\"password\":\"******\",\"captchaProof\":\"BaRPukXGqsw52BRoCUXHD6RtVt9WqQ1hMYeP9fqrgLE\"}]', '', 1, '用户名或密码错误', '2026-01-23 19:06:18', 74);
INSERT INTO `sys_oper_log` VALUES (313, '用户登录', 0, 'com.star.pivot.controller.AuthController.login()', 'POST', 0, '未知', '', '/api/auth/login', '0:0:0:0:0:0:0:1', '', '[{\"username\":\"test\",\"password\":\"******\",\"captchaProof\":\"wAJBXXCF1PNGgjQycEjJCzlpixVJK5z5fjIEMGTLFPo\"}]', '', 1, '用户名或密码错误', '2026-01-23 19:06:23', 72);
INSERT INTO `sys_oper_log` VALUES (314, '用户登录', 0, 'com.star.pivot.controller.AuthController.login()', 'POST', 0, '未知', '', '/api/auth/login', '0:0:0:0:0:0:0:1', '', '[{\"username\":\"test\",\"password\":\"******\",\"captchaProof\":\"KFyweo2-33IWIwKvnNT_XKmiesXK9PXJQEe2Ls6wyco\"}]', '', 1, '用户名或密码错误', '2026-01-23 19:06:34', 73);
INSERT INTO `sys_oper_log` VALUES (315, '用户登录', 0, 'com.star.pivot.controller.AuthController.login()', 'POST', 0, '未知', '', '/api/auth/login', '0:0:0:0:0:0:0:1', '', '[{\"username\":\"test\",\"password\":\"******\",\"captchaProof\":\"ph0MjLe8osB-DZO98foQhmH4AsocFdiWOII712yQ0j4\"}]', '', 1, '账户已被锁定，请5分钟后重试，或联系管理员解锁', '2026-01-23 19:06:40', 3);
INSERT INTO `sys_oper_log` VALUES (316, '用户登录', 0, 'com.star.pivot.controller.AuthController.login()', 'POST', 0, '未知', '', '/api/auth/login', '0:0:0:0:0:0:0:1', '', '[{\"username\":\"test\",\"password\":\"******\",\"captchaProof\":\"JxZCJHBKAV2jraw2uUKkgzpZ1w1gc9pf41nN--_AOS4\"}]', '', 1, '账户已被锁定，请5分钟后重试，或联系管理员解锁', '2026-01-23 19:06:46', 2);
INSERT INTO `sys_oper_log` VALUES (317, '用户管理', 2, 'com.star.pivot.controller.SysUserController.unlockUser()', 'POST', 1, 'admin', '研发部门', '/api/sys/user/unlock/101', '0:0:0:0:0:0:0:1', '', '[101]', '{\"code\":200,\"message\":\"账户已成功解锁\",\"data\":null,\"timestamp\":1769166440780}', 0, '', '2026-01-23 19:07:21', 2);
INSERT INTO `sys_oper_log` VALUES (318, '用户登录', 0, 'com.star.pivot.controller.AuthController.login()', 'POST', 0, '未知', '', '/api/auth/login', '0:0:0:0:0:0:0:1', '', '[{\"username\":\"test\",\"password\":\"******\",\"captchaProof\":\"v3UDnjEaElqeNO9ZpthhhA5AqYyw0YNQH5JlgbgQZ9Y\"}]', '{\"code\":200,\"message\":\"登录成功\",\"data\":{\"token\":\"eyJhbGciOiJIUzI1NiJ9.eyJ1c2VySWQiOjEwMSwidXNlcm5hbWUiOiJ0ZXN0Iiwic3ViIjoidGVzdCIsImlhdCI6MTc2OTE2NjQ1NCwiZXhwIjoxNzY5MjUyODU0fQ.iAZNyKxh0dJW9DMKWhnifZtyYlkk2k_f_9A9E8EkjfA\",\"username\":\"test\",\"nickname\":\"测试用户\",\"refreshToken\":\"8076d418ff9d4a898d85ed896e670018\"},\"timestamp\":1769166454158}', 0, '', '2026-01-23 19:07:34', 76);

-- ----------------------------
-- Table structure for sys_post
-- ----------------------------
DROP TABLE IF EXISTS `sys_post`;
CREATE TABLE `sys_post`  (
  `post_id` bigint(20) NOT NULL AUTO_INCREMENT COMMENT '岗位ID',
  `post_code` varchar(64) CHARACTER SET utf8mb4 COLLATE utf8mb4_unicode_ci NOT NULL COMMENT '岗位编码',
  `post_name` varchar(50) CHARACTER SET utf8mb4 COLLATE utf8mb4_unicode_ci NOT NULL COMMENT '岗位名称',
  `post_sort` int(4) NOT NULL COMMENT '显示顺序',
  `status` char(1) CHARACTER SET utf8mb4 COLLATE utf8mb4_unicode_ci NOT NULL COMMENT '状态（0正常 1停用）',
  `create_by` varchar(64) CHARACTER SET utf8mb4 COLLATE utf8mb4_unicode_ci NULL DEFAULT '' COMMENT '创建者',
  `create_time` datetime(0) NULL DEFAULT NULL COMMENT '创建时间',
  `update_by` varchar(64) CHARACTER SET utf8mb4 COLLATE utf8mb4_unicode_ci NULL DEFAULT '' COMMENT '更新者',
  `update_time` datetime(0) NULL DEFAULT NULL COMMENT '更新时间',
  `remark` varchar(500) CHARACTER SET utf8mb4 COLLATE utf8mb4_unicode_ci NULL DEFAULT NULL COMMENT '备注',
  PRIMARY KEY (`post_id`) USING BTREE
) ENGINE = InnoDB AUTO_INCREMENT = 5 CHARACTER SET = utf8mb4 COLLATE = utf8mb4_unicode_ci COMMENT = '岗位信息表' ROW_FORMAT = Dynamic;

-- ----------------------------
-- Records of sys_post
-- ----------------------------
INSERT INTO `sys_post` VALUES (1, 'ceo', '董事长', 1, '0', 'admin', '2025-12-28 13:46:34', 'admin', '2026-01-19 21:39:13', '');
INSERT INTO `sys_post` VALUES (2, 'se', '项目经理', 2, '0', 'admin', '2025-12-28 13:46:34', '', NULL, '');
INSERT INTO `sys_post` VALUES (3, 'hr', '人力资源', 3, '0', 'admin', '2025-12-28 13:46:34', '', NULL, '');
INSERT INTO `sys_post` VALUES (4, 'user', '普通员工', 4, '0', 'admin', '2025-12-28 13:46:34', '', NULL, '');

-- ----------------------------
-- Table structure for sys_role
-- ----------------------------
DROP TABLE IF EXISTS `sys_role`;
CREATE TABLE `sys_role`  (
  `role_id` bigint(20) NOT NULL AUTO_INCREMENT COMMENT '角色ID',
  `role_name` varchar(30) CHARACTER SET utf8mb4 COLLATE utf8mb4_unicode_ci NOT NULL COMMENT '角色名称',
  `role_key` varchar(100) CHARACTER SET utf8mb4 COLLATE utf8mb4_unicode_ci NOT NULL COMMENT '角色权限字符串',
  `role_sort` int(4) NOT NULL COMMENT '显示顺序',
  `data_scope` char(1) CHARACTER SET utf8mb4 COLLATE utf8mb4_unicode_ci NULL DEFAULT '1' COMMENT '数据范围（1：全部数据权限 2：自定数据权限 3：本部门数据权限 4：本部门及以下数据权限）',
  `menu_check_strictly` tinyint(1) NULL DEFAULT 1 COMMENT '菜单树选择项是否关联显示',
  `dept_check_strictly` tinyint(1) NULL DEFAULT 1 COMMENT '部门树选择项是否关联显示',
  `status` char(1) CHARACTER SET utf8mb4 COLLATE utf8mb4_unicode_ci NOT NULL COMMENT '角色状态（0正常 1停用）',
  `del_flag` char(1) CHARACTER SET utf8mb4 COLLATE utf8mb4_unicode_ci NULL DEFAULT '0' COMMENT '删除标志（0代表存在 2代表删除）',
  `create_by` varchar(64) CHARACTER SET utf8mb4 COLLATE utf8mb4_unicode_ci NULL DEFAULT '' COMMENT '创建者',
  `create_time` datetime(0) NULL DEFAULT NULL COMMENT '创建时间',
  `update_by` varchar(64) CHARACTER SET utf8mb4 COLLATE utf8mb4_unicode_ci NULL DEFAULT '' COMMENT '更新者',
  `update_time` datetime(0) NULL DEFAULT NULL COMMENT '更新时间',
  `remark` varchar(500) CHARACTER SET utf8mb4 COLLATE utf8mb4_unicode_ci NULL DEFAULT NULL COMMENT '备注',
  PRIMARY KEY (`role_id`) USING BTREE
) ENGINE = InnoDB AUTO_INCREMENT = 101 CHARACTER SET = utf8mb4 COLLATE = utf8mb4_unicode_ci COMMENT = '角色信息表' ROW_FORMAT = Dynamic;

-- ----------------------------
-- Records of sys_role
-- ----------------------------
INSERT INTO `sys_role` VALUES (1, '超级管理员', 'admin', 1, '1', 0, 0, '0', '0', 'admin', '2025-12-28 13:46:34', '', NULL, '超级管理员');
INSERT INTO `sys_role` VALUES (2, '普通角色', 'common', 2, '2', 0, 0, '0', '0', 'admin', '2025-12-28 13:46:34', 'admin', '2026-01-12 20:33:35', '普通角色');
INSERT INTO `sys_role` VALUES (100, '测试专属', 'test', 3, '1', 0, 0, '0', '0', '', '2026-01-03 17:06:10', 'admin', '2026-01-15 20:53:20', '专属于测试的角色');

-- ----------------------------
-- Table structure for sys_role_dept
-- ----------------------------
DROP TABLE IF EXISTS `sys_role_dept`;
CREATE TABLE `sys_role_dept`  (
  `id` bigint(20) NOT NULL AUTO_INCREMENT COMMENT '主键ID',
  `role_id` bigint(20) NOT NULL COMMENT '角色ID',
  `dept_id` bigint(20) NOT NULL COMMENT '部门ID',
  PRIMARY KEY (`id`) USING BTREE,
  UNIQUE INDEX `idx_role_dept`(`role_id`, `dept_id`) USING BTREE
) ENGINE = InnoDB AUTO_INCREMENT = 170 CHARACTER SET = utf8mb4 COLLATE = utf8mb4_unicode_ci COMMENT = '角色与部门关联表' ROW_FORMAT = Dynamic;

-- ----------------------------
-- Records of sys_role_dept
-- ----------------------------
INSERT INTO `sys_role_dept` VALUES (167, 2, 100);
INSERT INTO `sys_role_dept` VALUES (168, 2, 101);
INSERT INTO `sys_role_dept` VALUES (169, 2, 104);
INSERT INTO `sys_role_dept` VALUES (146, 100, 100);
INSERT INTO `sys_role_dept` VALUES (147, 100, 101);
INSERT INTO `sys_role_dept` VALUES (148, 100, 105);

-- ----------------------------
-- Table structure for sys_role_menu
-- ----------------------------
DROP TABLE IF EXISTS `sys_role_menu`;
CREATE TABLE `sys_role_menu`  (
  `id` bigint(20) NOT NULL AUTO_INCREMENT COMMENT '主键ID',
  `role_id` bigint(20) NOT NULL COMMENT '角色ID',
  `menu_id` bigint(20) NOT NULL COMMENT '菜单ID',
  PRIMARY KEY (`id`) USING BTREE,
  UNIQUE INDEX `idx_role_menu`(`role_id`, `menu_id`) USING BTREE
) ENGINE = InnoDB AUTO_INCREMENT = 397 CHARACTER SET = utf8mb4 COLLATE = utf8mb4_unicode_ci COMMENT = '角色与菜单关联表' ROW_FORMAT = Dynamic;

-- ----------------------------
-- Records of sys_role_menu
-- ----------------------------
INSERT INTO `sys_role_menu` VALUES (359, 2, 1);
INSERT INTO `sys_role_menu` VALUES (361, 2, 2);
INSERT INTO `sys_role_menu` VALUES (360, 2, 3);
INSERT INTO `sys_role_menu` VALUES (362, 2, 4);
INSERT INTO `sys_role_menu` VALUES (367, 2, 5);
INSERT INTO `sys_role_menu` VALUES (373, 2, 6);
INSERT INTO `sys_role_menu` VALUES (379, 2, 8);
INSERT INTO `sys_role_menu` VALUES (383, 2, 9);
INSERT INTO `sys_role_menu` VALUES (387, 2, 12);
INSERT INTO `sys_role_menu` VALUES (374, 2, 39);
INSERT INTO `sys_role_menu` VALUES (376, 2, 40);
INSERT INTO `sys_role_menu` VALUES (368, 2, 42);
INSERT INTO `sys_role_menu` VALUES (369, 2, 43);
INSERT INTO `sys_role_menu` VALUES (370, 2, 44);
INSERT INTO `sys_role_menu` VALUES (371, 2, 45);
INSERT INTO `sys_role_menu` VALUES (377, 2, 46);
INSERT INTO `sys_role_menu` VALUES (380, 2, 47);
INSERT INTO `sys_role_menu` VALUES (381, 2, 48);
INSERT INTO `sys_role_menu` VALUES (382, 2, 49);
INSERT INTO `sys_role_menu` VALUES (384, 2, 51);
INSERT INTO `sys_role_menu` VALUES (385, 2, 52);
INSERT INTO `sys_role_menu` VALUES (386, 2, 53);
INSERT INTO `sys_role_menu` VALUES (363, 2, 55);
INSERT INTO `sys_role_menu` VALUES (364, 2, 56);
INSERT INTO `sys_role_menu` VALUES (365, 2, 57);
INSERT INTO `sys_role_menu` VALUES (366, 2, 58);
INSERT INTO `sys_role_menu` VALUES (378, 2, 59);
INSERT INTO `sys_role_menu` VALUES (375, 2, 60);
INSERT INTO `sys_role_menu` VALUES (372, 2, 61);
INSERT INTO `sys_role_menu` VALUES (388, 2, 62);
INSERT INTO `sys_role_menu` VALUES (389, 2, 63);
INSERT INTO `sys_role_menu` VALUES (390, 2, 64);
INSERT INTO `sys_role_menu` VALUES (391, 2, 69);
INSERT INTO `sys_role_menu` VALUES (392, 2, 70);
INSERT INTO `sys_role_menu` VALUES (395, 2, 71);
INSERT INTO `sys_role_menu` VALUES (396, 2, 72);
INSERT INTO `sys_role_menu` VALUES (393, 2, 73);
INSERT INTO `sys_role_menu` VALUES (394, 2, 81);
INSERT INTO `sys_role_menu` VALUES (176, 100, 1);
INSERT INTO `sys_role_menu` VALUES (186, 100, 2);
INSERT INTO `sys_role_menu` VALUES (177, 100, 3);
INSERT INTO `sys_role_menu` VALUES (187, 100, 5);
INSERT INTO `sys_role_menu` VALUES (188, 100, 6);
INSERT INTO `sys_role_menu` VALUES (182, 100, 39);
INSERT INTO `sys_role_menu` VALUES (183, 100, 40);
INSERT INTO `sys_role_menu` VALUES (178, 100, 42);
INSERT INTO `sys_role_menu` VALUES (179, 100, 43);
INSERT INTO `sys_role_menu` VALUES (180, 100, 45);
INSERT INTO `sys_role_menu` VALUES (184, 100, 46);
INSERT INTO `sys_role_menu` VALUES (185, 100, 59);
INSERT INTO `sys_role_menu` VALUES (181, 100, 61);

-- ----------------------------
-- Table structure for sys_user
-- ----------------------------
DROP TABLE IF EXISTS `sys_user`;
CREATE TABLE `sys_user`  (
  `user_id` bigint(20) NOT NULL AUTO_INCREMENT COMMENT '用户ID',
  `dept_id` bigint(20) NULL DEFAULT NULL COMMENT '部门ID',
  `user_name` varchar(30) CHARACTER SET utf8mb4 COLLATE utf8mb4_unicode_ci NOT NULL COMMENT '用户账号',
  `nick_name` varchar(30) CHARACTER SET utf8mb4 COLLATE utf8mb4_unicode_ci NOT NULL COMMENT '用户昵称',
  `user_type` varchar(2) CHARACTER SET utf8mb4 COLLATE utf8mb4_unicode_ci NULL DEFAULT '00' COMMENT '用户类型（00系统用户）',
  `email` varchar(50) CHARACTER SET utf8mb4 COLLATE utf8mb4_unicode_ci NULL DEFAULT '' COMMENT '用户邮箱',
  `phonenumber` varchar(11) CHARACTER SET utf8mb4 COLLATE utf8mb4_unicode_ci NULL DEFAULT '' COMMENT '手机号码',
  `sex` char(1) CHARACTER SET utf8mb4 COLLATE utf8mb4_unicode_ci NULL DEFAULT '0' COMMENT '用户性别（0男 1女 2未知）',
  `avatar` varchar(500) CHARACTER SET utf8mb4 COLLATE utf8mb4_unicode_ci NULL DEFAULT '' COMMENT '头像地址',
  `password` varchar(100) CHARACTER SET utf8mb4 COLLATE utf8mb4_unicode_ci NULL DEFAULT '' COMMENT '密码',
  `status` char(1) CHARACTER SET utf8mb4 COLLATE utf8mb4_unicode_ci NULL DEFAULT '0' COMMENT '账号状态（0正常 1停用）',
  `del_flag` char(1) CHARACTER SET utf8mb4 COLLATE utf8mb4_unicode_ci NULL DEFAULT '0' COMMENT '删除标志（0代表存在 2代表删除）',
  `login_ip` varchar(128) CHARACTER SET utf8mb4 COLLATE utf8mb4_unicode_ci NULL DEFAULT '' COMMENT '最后登录IP',
  `login_date` datetime(0) NULL DEFAULT NULL COMMENT '最后登录时间',
  `pwd_update_date` datetime(0) NULL DEFAULT NULL COMMENT '密码最后更新时间',
  `create_by` varchar(64) CHARACTER SET utf8mb4 COLLATE utf8mb4_unicode_ci NULL DEFAULT '' COMMENT '创建者',
  `create_time` datetime(0) NULL DEFAULT NULL COMMENT '创建时间',
  `update_by` varchar(64) CHARACTER SET utf8mb4 COLLATE utf8mb4_unicode_ci NULL DEFAULT '' COMMENT '更新者',
  `update_time` datetime(0) NULL DEFAULT NULL COMMENT '更新时间',
  `remark` varchar(500) CHARACTER SET utf8mb4 COLLATE utf8mb4_unicode_ci NULL DEFAULT NULL COMMENT '备注',
  PRIMARY KEY (`user_id`) USING BTREE
) ENGINE = InnoDB AUTO_INCREMENT = 103 CHARACTER SET = utf8mb4 COLLATE = utf8mb4_unicode_ci COMMENT = '用户信息表' ROW_FORMAT = Dynamic;

-- ----------------------------
-- Records of sys_user
-- ----------------------------
INSERT INTO `sys_user` VALUES (1, 103, 'admin', '超级管理员', '00', 'admin@163.com', '18518712878', '0', 'http://star-pivot.oss-cn-beijing.aliyuncs.com/user/1/avatar_37095539-08cc-4144-939d-3bfc21544285.png?Expires=1769755973&OSSAccessKeyId=LTAI5tG8uSJeTeuRYEY4x3nG&Signature=GBduTIFnse2SvajNx39DIjiKpQs%3D', '$2a$10$FTKzzUPrLDbNfKoWn9e1y.B6D0MX0HeHBPHFRfcx3R2Ane73gMbf6', '0', '0', '0:0:0:0:0:0:0:1', '2025-12-29 22:16:38', '2026-01-04 18:13:47', 'admin', '2025-12-28 13:46:34', 'admin', '2026-01-23 14:52:54', '超级管理员');
INSERT INTO `sys_user` VALUES (2, 105, 'user', '用户管理员', '00', 'user@qq.com', '15666666666', '1', 'http://star-pivot.oss-cn-beijing.aliyuncs.com/user/2/avatar_e69f4419-e074-46d5-8f21-9fe3d9ee3d11.webp?Expires=1769755975&OSSAccessKeyId=LTAI5tG8uSJeTeuRYEY4x3nG&Signature=aWBPH6OmGOIeDUT%2BTy6fiwewNl4%3D', '$2a$12$eYocwR0zs3iWKl7gsvHVQ.KLDTWvXqecm.29aXPi3IAF.mmkARVR.', '0', '0', '0:0:0:0:0:0:0:1', '2025-12-29 22:08:54', '2025-12-28 13:46:34', 'admin', '2025-12-28 13:46:34', 'admin', '2026-01-23 14:52:56', '测试员--用户管理员');
INSERT INTO `sys_user` VALUES (100, 100, 'xinxin', '辛鑫', '00', '1092203240@qq.com', '18834581124', '0', 'http://star-pivot.oss-cn-beijing.aliyuncs.com/avatar/100.png?Expires=1769762102&OSSAccessKeyId=LTAI5tG8uSJeTeuRYEY4x3nG&Signature=tDBMV8iyt8CUYADUsTgefkgG3nE%3D', '$2a$12$eYocwR0zs3iWKl7gsvHVQ.KLDTWvXqecm.29aXPi3IAF.mmkARVR.', '0', '0', '', NULL, NULL, 'admin', '2026-01-04 15:34:36', 'user', '2026-01-23 16:35:02', '作者，超级管理员');
INSERT INTO `sys_user` VALUES (101, 105, 'test', '测试用户', '00', '123@qq.com', '18825454547', '0', 'http://star-pivot.oss-cn-beijing.aliyuncs.com/avatar/101.webp?Expires=1769762054&OSSAccessKeyId=LTAI5tG8uSJeTeuRYEY4x3nG&Signature=GvZLy1UTJI%2BY2hN9YuWbFdJRGNo%3D', '$2a$10$YdqAWweActfkWOaWEjz9p.bBWqNWVdT9EQ2OHcUODgFg.f3ma13Va', '0', '0', '', NULL, NULL, 'admin', '2026-01-04 16:50:12', 'user', '2026-01-23 16:34:18', '测试用户专属');
INSERT INTO `sys_user` VALUES (102, 107, 'zhangsan', '张三', '00', 'zhangsan@qq.com', '18812345678', '1', 'http://star-pivot.oss-cn-beijing.aliyuncs.com/user/102/avatar_bfe7b78b-3e54-4a14-be8f-85e74c7abbcb.webp?Expires=1769755945&OSSAccessKeyId=LTAI5tG8uSJeTeuRYEY4x3nG&Signature=45TyVskk5t6gF44mLNV7mfoik7M%3D', '$2a$10$cmueflWIca3U8waJO3gSv.HAEhTFvygR7lGdMto630Nbs2GcXXTpy', '0', '0', '', NULL, NULL, 'admin', '2026-01-14 18:04:51', 'admin', '2026-01-23 19:15:42', '张三-普通员工');

-- ----------------------------
-- Table structure for sys_user_post
-- ----------------------------
DROP TABLE IF EXISTS `sys_user_post`;
CREATE TABLE `sys_user_post`  (
  `id` bigint(20) NOT NULL AUTO_INCREMENT COMMENT '主键ID',
  `user_id` bigint(20) NOT NULL COMMENT '用户ID',
  `post_id` bigint(20) NOT NULL COMMENT '岗位ID',
  PRIMARY KEY (`id`) USING BTREE,
  UNIQUE INDEX `idx_user_post`(`user_id`, `post_id`) USING BTREE
) ENGINE = InnoDB AUTO_INCREMENT = 152 CHARACTER SET = utf8mb4 COLLATE = utf8mb4_unicode_ci COMMENT = '用户与岗位关联表' ROW_FORMAT = Dynamic;

-- ----------------------------
-- Records of sys_user_post
-- ----------------------------
INSERT INTO `sys_user_post` VALUES (147, 1, 1);
INSERT INTO `sys_user_post` VALUES (148, 2, 2);
INSERT INTO `sys_user_post` VALUES (150, 100, 1);
INSERT INTO `sys_user_post` VALUES (149, 101, 4);
INSERT INTO `sys_user_post` VALUES (151, 102, 4);

-- ----------------------------
-- Table structure for sys_user_role
-- ----------------------------
DROP TABLE IF EXISTS `sys_user_role`;
CREATE TABLE `sys_user_role`  (
  `id` bigint(20) NOT NULL AUTO_INCREMENT COMMENT '主键ID',
  `user_id` bigint(20) NOT NULL COMMENT '用户ID',
  `role_id` bigint(20) NOT NULL COMMENT '角色ID',
  PRIMARY KEY (`id`) USING BTREE,
  UNIQUE INDEX `idx_user_role`(`user_id`, `role_id`) USING BTREE
) ENGINE = InnoDB AUTO_INCREMENT = 154 CHARACTER SET = utf8mb4 COLLATE = utf8mb4_unicode_ci COMMENT = '用户与角色关联表' ROW_FORMAT = Dynamic;

-- ----------------------------
-- Records of sys_user_role
-- ----------------------------
INSERT INTO `sys_user_role` VALUES (149, 1, 1);
INSERT INTO `sys_user_role` VALUES (150, 2, 2);
INSERT INTO `sys_user_role` VALUES (152, 100, 1);
INSERT INTO `sys_user_role` VALUES (151, 101, 2);
INSERT INTO `sys_user_role` VALUES (153, 102, 2);

SET FOREIGN_KEY_CHECKS = 1;
