/*
 Navicat Premium Data Transfer

 Source Server         : xinxin
 Source Server Type    : MySQL
 Source Server Version : 50743
 Source Host           : localhost:3306
 Source Schema         : star-pivot

 Target Server Type    : MySQL
 Target Server Version : 50743
 File Encoding         : 65001

 Date: 24/01/2026 00:25:05
*/

SET NAMES utf8mb4;
SET FOREIGN_KEY_CHECKS = 0;

-- ----------------------------
-- Table structure for gen_table
-- ----------------------------
DROP TABLE IF EXISTS `gen_table`;
CREATE TABLE `gen_table`  (
  `table_id` bigint(20) NOT NULL AUTO_INCREMENT COMMENT '编号',
  `table_name` varchar(200) CHARACTER SET utf8mb4 COLLATE utf8mb4_unicode_ci NULL DEFAULT '' COMMENT '表名称',
  `table_comment` varchar(500) CHARACTER SET utf8mb4 COLLATE utf8mb4_unicode_ci NULL DEFAULT '' COMMENT '表描述',
  `sub_table_name` varchar(64) CHARACTER SET utf8mb4 COLLATE utf8mb4_unicode_ci NULL DEFAULT NULL COMMENT '关联子表的表名',
  `sub_table_fk_name` varchar(64) CHARACTER SET utf8mb4 COLLATE utf8mb4_unicode_ci NULL DEFAULT NULL COMMENT '子表关联的外键名',
  `class_name` varchar(100) CHARACTER SET utf8mb4 COLLATE utf8mb4_unicode_ci NULL DEFAULT '' COMMENT '实体类名称',
  `tpl_category` varchar(200) CHARACTER SET utf8mb4 COLLATE utf8mb4_unicode_ci NULL DEFAULT 'crud' COMMENT '使用的模板（crud单表操作 tree树表操作）',
  `tpl_web_type` varchar(30) CHARACTER SET utf8mb4 COLLATE utf8mb4_unicode_ci NULL DEFAULT '' COMMENT '前端模板类型（element-ui模版 element-plus模版）',
  `package_name` varchar(100) CHARACTER SET utf8mb4 COLLATE utf8mb4_unicode_ci NULL DEFAULT NULL COMMENT '生成包路径',
  `module_name` varchar(30) CHARACTER SET utf8mb4 COLLATE utf8mb4_unicode_ci NULL DEFAULT NULL COMMENT '生成模块名',
  `business_name` varchar(30) CHARACTER SET utf8mb4 COLLATE utf8mb4_unicode_ci NULL DEFAULT NULL COMMENT '生成业务名',
  `function_name` varchar(50) CHARACTER SET utf8mb4 COLLATE utf8mb4_unicode_ci NULL DEFAULT NULL COMMENT '生成功能名',
  `function_author` varchar(50) CHARACTER SET utf8mb4 COLLATE utf8mb4_unicode_ci NULL DEFAULT NULL COMMENT '生成功能作者',
  `gen_type` char(1) CHARACTER SET utf8mb4 COLLATE utf8mb4_unicode_ci NULL DEFAULT '0' COMMENT '生成代码方式（0zip压缩包 1自定义路径）',
  `gen_path` varchar(200) CHARACTER SET utf8mb4 COLLATE utf8mb4_unicode_ci NULL DEFAULT '/' COMMENT '生成路径（不填默认项目路径）',
  `options` varchar(1000) CHARACTER SET utf8mb4 COLLATE utf8mb4_unicode_ci NULL DEFAULT NULL COMMENT '其它生成选项',
  `create_by` varchar(64) CHARACTER SET utf8mb4 COLLATE utf8mb4_unicode_ci NULL DEFAULT '' COMMENT '创建者',
  `create_time` datetime(0) NULL DEFAULT NULL COMMENT '创建时间',
  `update_by` varchar(64) CHARACTER SET utf8mb4 COLLATE utf8mb4_unicode_ci NULL DEFAULT '' COMMENT '更新者',
  `update_time` datetime(0) NULL DEFAULT NULL COMMENT '更新时间',
  `remark` varchar(500) CHARACTER SET utf8mb4 COLLATE utf8mb4_unicode_ci NULL DEFAULT NULL COMMENT '备注',
  PRIMARY KEY (`table_id`) USING BTREE
) ENGINE = InnoDB AUTO_INCREMENT = 21 CHARACTER SET = utf8mb4 COLLATE = utf8mb4_unicode_ci COMMENT = '代码生成业务表' ROW_FORMAT = Dynamic;

-- ----------------------------
-- Records of gen_table
-- ----------------------------
INSERT INTO `gen_table` VALUES (5, 'sys_logininfor', '系统访问记录', NULL, NULL, 'SysLogininfor', 'crud', '', 'com.star.pivot.system', 'system', 'logininfor', '系统访问记录', 'xinxin', '0', '/', NULL, 'admin', '2026-01-21 00:36:00', '', NULL, NULL);
INSERT INTO `gen_table` VALUES (6, 'sys_menu', '菜单权限表', NULL, NULL, 'SysMenu', 'crud', '', 'com.star.pivot.system', 'system', 'menu', '菜单权限', 'xinxin', '0', '/', NULL, 'admin', '2026-01-21 00:36:00', '', NULL, NULL);
INSERT INTO `gen_table` VALUES (7, 'sys_notice', '通知公告表', NULL, NULL, 'SysNotice', 'crud', '', 'com.star.pivot.system', 'system', 'notice', '通知公告', 'xinxin', '0', '/', NULL, 'admin', '2026-01-21 00:36:00', '', NULL, NULL);
INSERT INTO `gen_table` VALUES (8, 'sys_oper_log', '操作日志记录', NULL, NULL, 'SysOperLog', 'crud', '', 'com.star.pivot.system', 'system', 'log', '操作日志记录', 'xinxin', '0', '/', NULL, 'admin', '2026-01-21 00:36:00', '', NULL, NULL);
INSERT INTO `gen_table` VALUES (9, 'sys_post', '岗位信息表', NULL, NULL, 'SysPost', 'crud', '', 'com.star.pivot.system', 'system', 'post', '岗位信息', 'xinxin', '0', '/', NULL, 'admin', '2026-01-21 00:36:00', '', NULL, NULL);
INSERT INTO `gen_table` VALUES (10, 'sys_role', '角色信息表', NULL, NULL, 'SysRole', 'crud', '', 'com.star.pivot.system', 'system', 'role', '角色信息', 'xinxin', '0', '/', NULL, 'admin', '2026-01-21 00:36:00', '', NULL, NULL);
INSERT INTO `gen_table` VALUES (11, 'sys_dept', '部门表', NULL, NULL, 'SysDept', 'crud', 'element-plus', 'com.star.pivot.system', 'system', 'dept', '部门', 'xinxin', '0', '/', '{\"treeCode\":\"\",\"treeName\":\"\",\"treeParentCode\":\"\",\"parentMenuId\":2}', 'admin', '2026-01-21 00:36:06', '', '2026-01-21 15:02:55', '');
INSERT INTO `gen_table` VALUES (12, 'sys_dict_data', '字典数据表', NULL, NULL, 'SysDictData', 'crud', '', 'com.star.pivot.system', 'system', 'data', '字典数据', 'xinxin', '0', '/', NULL, 'admin', '2026-01-21 00:36:06', '', NULL, NULL);
INSERT INTO `gen_table` VALUES (13, 'sys_dict_type', '字典类型表', NULL, NULL, 'SysDictType', 'crud', '', 'com.star.pivot.system', 'system', 'type', '字典类型', 'xinxin', '0', '/', NULL, 'admin', '2026-01-21 00:36:06', '', NULL, NULL);
INSERT INTO `gen_table` VALUES (14, 'sys_job', '定时任务调度表', NULL, NULL, 'SysJob', 'crud', '', 'com.star.pivot.system', 'system', 'job', '定时任务调度', 'xinxin', '0', '/', NULL, 'admin', '2026-01-21 00:36:06', '', NULL, NULL);
INSERT INTO `gen_table` VALUES (15, 'sys_job_log', '定时任务调度日志表', NULL, NULL, 'SysJobLog', 'crud', 'element-plus', 'com.star.pivot.system', 'system', 'log', '定时任务调度日志', 'xinxin', '1', 'F:\\project0117\\gen', '{\"treeCode\":\"\",\"treeName\":\"\",\"treeParentCode\":\"\",\"parentMenuId\":0}', 'admin', '2026-01-21 00:36:07', '', '2026-01-21 15:01:28', '111');
INSERT INTO `gen_table` VALUES (16, 'sys_role_dept', '角色与部门关联表', NULL, NULL, 'SysRoleDept', 'crud', 'element-plus', 'com.star.pivot.system', 'system', 'dept', '角色与部门关联', 'xinxin', '0', '/', '{\"treeCode\":\"\",\"treeName\":\"\",\"treeParentCode\":\"\",\"parentMenuId\":2}', 'admin', '2026-01-21 00:36:07', '', '2026-01-21 13:38:17', '');
INSERT INTO `gen_table` VALUES (17, 'sys_role_menu', '角色与菜单关联表', NULL, NULL, 'SysRoleMenu', 'crud', 'element-plus', 'com.star.pivot.system', 'system', 'menu', '角色与菜单关联', 'xinxin', '0', '/', '{\"treeCode\":\"\",\"treeName\":\"\",\"treeParentCode\":\"\",\"parentMenuId\":2}', 'admin', '2026-01-21 00:36:07', '', '2026-01-21 15:01:45', '');
INSERT INTO `gen_table` VALUES (18, 'sys_user', '用户信息表', '', '', 'SysUser', 'crud', 'element-plus', 'com.star.pivot.system', 'system', 'user', '用户信息', 'xinxin', '0', '/', '{\"treeCode\":\"\",\"treeName\":\"\",\"treeParentCode\":\"\",\"parentMenuId\":2}', 'admin', '2026-01-21 00:36:07', '', '2026-01-21 11:21:32', '111');
INSERT INTO `gen_table` VALUES (19, 'sys_user_post', '用户与岗位关联表', NULL, NULL, 'SysUserPost', 'crud', 'element-plus', 'com.star.pivot.system', 'system', 'post', '用户与岗位关联', 'xinxin', '0', '/', '{\"treeCode\":\"\",\"treeName\":\"\",\"treeParentCode\":\"\",\"parentMenuId\":2}', 'admin', '2026-01-21 00:36:07', '', '2026-01-21 15:02:00', '');
INSERT INTO `gen_table` VALUES (20, 'sys_user_role', '用户与角色关联表', NULL, NULL, 'SysUserRole', 'crud', 'element-plus', 'com.star.pivot.system', 'system', 'role', '用户与角色关联', 'xinxin', '0', '/', '{\"treeCode\":\"\",\"treeName\":\"\",\"treeParentCode\":\"\",\"parentMenuId\":2}', 'admin', '2026-01-21 00:36:07', '', '2026-01-21 15:02:07', '');

-- ----------------------------
-- Table structure for gen_table_column
-- ----------------------------
DROP TABLE IF EXISTS `gen_table_column`;
CREATE TABLE `gen_table_column`  (
  `column_id` bigint(20) NOT NULL AUTO_INCREMENT COMMENT '编号',
  `table_id` bigint(20) NULL DEFAULT NULL COMMENT '归属表编号',
  `column_name` varchar(200) CHARACTER SET utf8mb4 COLLATE utf8mb4_unicode_ci NULL DEFAULT NULL COMMENT '列名称',
  `column_comment` varchar(500) CHARACTER SET utf8mb4 COLLATE utf8mb4_unicode_ci NULL DEFAULT NULL COMMENT '列描述',
  `column_type` varchar(100) CHARACTER SET utf8mb4 COLLATE utf8mb4_unicode_ci NULL DEFAULT NULL COMMENT '列类型',
  `java_type` varchar(500) CHARACTER SET utf8mb4 COLLATE utf8mb4_unicode_ci NULL DEFAULT NULL COMMENT 'JAVA类型',
  `java_field` varchar(200) CHARACTER SET utf8mb4 COLLATE utf8mb4_unicode_ci NULL DEFAULT NULL COMMENT 'JAVA字段名',
  `is_pk` char(1) CHARACTER SET utf8mb4 COLLATE utf8mb4_unicode_ci NULL DEFAULT NULL COMMENT '是否主键（1是）',
  `is_increment` char(1) CHARACTER SET utf8mb4 COLLATE utf8mb4_unicode_ci NULL DEFAULT NULL COMMENT '是否自增（1是）',
  `is_required` char(1) CHARACTER SET utf8mb4 COLLATE utf8mb4_unicode_ci NULL DEFAULT NULL COMMENT '是否必填（1是）',
  `is_insert` char(1) CHARACTER SET utf8mb4 COLLATE utf8mb4_unicode_ci NULL DEFAULT NULL COMMENT '是否为插入字段（1是）',
  `is_edit` char(1) CHARACTER SET utf8mb4 COLLATE utf8mb4_unicode_ci NULL DEFAULT NULL COMMENT '是否编辑字段（1是）',
  `is_list` char(1) CHARACTER SET utf8mb4 COLLATE utf8mb4_unicode_ci NULL DEFAULT NULL COMMENT '是否列表字段（1是）',
  `is_query` char(1) CHARACTER SET utf8mb4 COLLATE utf8mb4_unicode_ci NULL DEFAULT NULL COMMENT '是否查询字段（1是）',
  `query_type` varchar(200) CHARACTER SET utf8mb4 COLLATE utf8mb4_unicode_ci NULL DEFAULT 'EQ' COMMENT '查询方式（等于、不等于、大于、小于、范围）',
  `html_type` varchar(200) CHARACTER SET utf8mb4 COLLATE utf8mb4_unicode_ci NULL DEFAULT NULL COMMENT '显示类型（文本框、文本域、下拉框、复选框、单选框、日期控件）',
  `dict_type` varchar(200) CHARACTER SET utf8mb4 COLLATE utf8mb4_unicode_ci NULL DEFAULT '' COMMENT '字典类型',
  `sort` int(11) NULL DEFAULT NULL COMMENT '排序',
  `create_by` varchar(64) CHARACTER SET utf8mb4 COLLATE utf8mb4_unicode_ci NULL DEFAULT '' COMMENT '创建者',
  `create_time` datetime(0) NULL DEFAULT NULL COMMENT '创建时间',
  `update_by` varchar(64) CHARACTER SET utf8mb4 COLLATE utf8mb4_unicode_ci NULL DEFAULT '' COMMENT '更新者',
  `update_time` datetime(0) NULL DEFAULT NULL COMMENT '更新时间',
  PRIMARY KEY (`column_id`) USING BTREE
) ENGINE = InnoDB AUTO_INCREMENT = 225 CHARACTER SET = utf8mb4 COLLATE = utf8mb4_unicode_ci COMMENT = '代码生成业务表字段' ROW_FORMAT = Dynamic;

-- ----------------------------
-- Records of gen_table_column
-- ----------------------------
INSERT INTO `gen_table_column` VALUES (55, 5, 'info_id', '访问ID', 'bigint(20)', 'Long', 'infoId', '1', '1', '0', '1', NULL, NULL, NULL, 'EQ', 'input', '', 1, 'admin', '2026-01-21 00:36:00', '', NULL);
INSERT INTO `gen_table_column` VALUES (56, 5, 'user_name', '用户账号', 'varchar(50)', 'String', 'userName', '0', '0', '0', '1', '1', '1', '1', 'LIKE', 'input', '', 2, 'admin', '2026-01-21 00:36:00', '', NULL);
INSERT INTO `gen_table_column` VALUES (57, 5, 'ipaddr', '登录IP地址', 'varchar(128)', 'String', 'ipaddr', '0', '0', '0', '1', '1', '1', '1', 'EQ', 'input', '', 3, 'admin', '2026-01-21 00:36:00', '', NULL);
INSERT INTO `gen_table_column` VALUES (58, 5, 'login_location', '登录地点', 'varchar(255)', 'String', 'loginLocation', '0', '0', '0', '1', '1', '1', '1', 'EQ', 'input', '', 4, 'admin', '2026-01-21 00:36:00', '', NULL);
INSERT INTO `gen_table_column` VALUES (59, 5, 'browser', '浏览器类型', 'varchar(50)', 'String', 'browser', '0', '0', '0', '1', '1', '1', '1', 'EQ', 'input', '', 5, 'admin', '2026-01-21 00:36:00', '', NULL);
INSERT INTO `gen_table_column` VALUES (60, 5, 'os', '操作系统', 'varchar(50)', 'String', 'os', '0', '0', '0', '1', '1', '1', '1', 'EQ', 'input', '', 6, 'admin', '2026-01-21 00:36:00', '', NULL);
INSERT INTO `gen_table_column` VALUES (61, 5, 'status', '登录状态（0成功 1失败）', 'char(1)', 'String', 'status', '0', '0', '0', '1', '1', '1', '1', 'EQ', 'radio', '', 7, 'admin', '2026-01-21 00:36:00', '', NULL);
INSERT INTO `gen_table_column` VALUES (62, 5, 'msg', '提示消息', 'varchar(255)', 'String', 'msg', '0', '0', '0', '1', '1', '1', '1', 'EQ', 'input', '', 8, 'admin', '2026-01-21 00:36:00', '', NULL);
INSERT INTO `gen_table_column` VALUES (63, 5, 'login_time', '访问时间', 'datetime', 'Date', 'loginTime', '0', '0', '0', '1', '1', '1', '1', 'EQ', 'datetime', '', 9, 'admin', '2026-01-21 00:36:00', '', NULL);
INSERT INTO `gen_table_column` VALUES (64, 6, 'menu_id', '菜单ID', 'bigint(20)', 'Long', 'menuId', '1', '1', '0', '1', NULL, NULL, NULL, 'EQ', 'input', '', 1, 'admin', '2026-01-21 00:36:00', '', NULL);
INSERT INTO `gen_table_column` VALUES (65, 6, 'menu_name', '菜单名称', 'varchar(50)', 'String', 'menuName', '0', '0', '1', '1', '1', '1', '1', 'LIKE', 'input', '', 2, 'admin', '2026-01-21 00:36:00', '', NULL);
INSERT INTO `gen_table_column` VALUES (66, 6, 'parent_id', '父菜单ID', 'bigint(20)', 'Long', 'parentId', '0', '0', '0', '1', '1', '1', '1', 'EQ', 'input', '', 3, 'admin', '2026-01-21 00:36:00', '', NULL);
INSERT INTO `gen_table_column` VALUES (67, 6, 'order_num', '显示顺序', 'int(4)', 'Integer', 'orderNum', '0', '0', '0', '1', '1', '1', '1', 'EQ', 'input', '', 4, 'admin', '2026-01-21 00:36:00', '', NULL);
INSERT INTO `gen_table_column` VALUES (68, 6, 'path', '路由地址', 'varchar(200)', 'String', 'path', '0', '0', '0', '1', '1', '1', '1', 'EQ', 'input', '', 5, 'admin', '2026-01-21 00:36:00', '', NULL);
INSERT INTO `gen_table_column` VALUES (69, 6, 'component', '组件路径', 'varchar(255)', 'String', 'component', '0', '0', '0', '1', '1', '1', '1', 'EQ', 'input', '', 6, 'admin', '2026-01-21 00:36:00', '', NULL);
INSERT INTO `gen_table_column` VALUES (70, 6, 'query', '路由参数', 'varchar(255)', 'String', 'query', '0', '0', '0', '1', '1', '1', '1', 'EQ', 'input', '', 7, 'admin', '2026-01-21 00:36:00', '', NULL);
INSERT INTO `gen_table_column` VALUES (71, 6, 'route_name', '路由名称', 'varchar(50)', 'String', 'routeName', '0', '0', '0', '1', '1', '1', '1', 'LIKE', 'input', '', 8, 'admin', '2026-01-21 00:36:00', '', NULL);
INSERT INTO `gen_table_column` VALUES (72, 6, 'is_frame', '是否为外链（0是 1否）', 'int(1)', 'Integer', 'isFrame', '0', '0', '0', '1', '1', '1', '1', 'EQ', 'input', '', 9, 'admin', '2026-01-21 00:36:00', '', NULL);
INSERT INTO `gen_table_column` VALUES (73, 6, 'is_cache', '是否缓存（0缓存 1不缓存）', 'int(1)', 'Integer', 'isCache', '0', '0', '0', '1', '1', '1', '1', 'EQ', 'input', '', 10, 'admin', '2026-01-21 00:36:00', '', NULL);
INSERT INTO `gen_table_column` VALUES (74, 6, 'menu_type', '菜单类型（M目录 C菜单 F按钮）', 'char(1)', 'String', 'menuType', '0', '0', '0', '1', '1', '1', '1', 'EQ', 'select', '', 11, 'admin', '2026-01-21 00:36:00', '', NULL);
INSERT INTO `gen_table_column` VALUES (75, 6, 'visible', '菜单状态（0显示 1隐藏）', 'char(1)', 'String', 'visible', '0', '0', '0', '1', '1', '1', '1', 'EQ', 'input', '', 12, 'admin', '2026-01-21 00:36:00', '', NULL);
INSERT INTO `gen_table_column` VALUES (76, 6, 'status', '菜单状态（0正常 1停用）', 'char(1)', 'String', 'status', '0', '0', '0', '1', '1', '1', '1', 'EQ', 'radio', '', 13, 'admin', '2026-01-21 00:36:00', '', NULL);
INSERT INTO `gen_table_column` VALUES (77, 6, 'perms', '权限标识', 'varchar(100)', 'String', 'perms', '0', '0', '0', '1', '1', '1', '1', 'EQ', 'input', '', 14, 'admin', '2026-01-21 00:36:00', '', NULL);
INSERT INTO `gen_table_column` VALUES (78, 6, 'icon', '菜单图标', 'varchar(100)', 'String', 'icon', '0', '0', '0', '1', '1', '1', '1', 'EQ', 'input', '', 15, 'admin', '2026-01-21 00:36:00', '', NULL);
INSERT INTO `gen_table_column` VALUES (79, 6, 'create_by', '创建者', 'varchar(64)', 'String', 'createBy', '0', '0', '0', '1', NULL, NULL, NULL, 'EQ', 'input', '', 16, 'admin', '2026-01-21 00:36:00', '', NULL);
INSERT INTO `gen_table_column` VALUES (80, 6, 'create_time', '创建时间', 'datetime', 'Date', 'createTime', '0', '0', '0', '1', NULL, NULL, NULL, 'EQ', 'datetime', '', 17, 'admin', '2026-01-21 00:36:00', '', NULL);
INSERT INTO `gen_table_column` VALUES (81, 6, 'update_by', '更新者', 'varchar(64)', 'String', 'updateBy', '0', '0', '0', '1', '1', NULL, NULL, 'EQ', 'input', '', 18, 'admin', '2026-01-21 00:36:00', '', NULL);
INSERT INTO `gen_table_column` VALUES (82, 6, 'update_time', '更新时间', 'datetime', 'Date', 'updateTime', '0', '0', '0', '1', '1', NULL, NULL, 'EQ', 'datetime', '', 19, 'admin', '2026-01-21 00:36:00', '', NULL);
INSERT INTO `gen_table_column` VALUES (83, 6, 'remark', '备注', 'varchar(500)', 'String', 'remark', '0', '0', '0', '1', '1', '1', NULL, 'EQ', 'textarea', '', 20, 'admin', '2026-01-21 00:36:00', '', NULL);
INSERT INTO `gen_table_column` VALUES (84, 7, 'notice_id', '公告ID', 'int(4)', 'Integer', 'noticeId', '1', '1', '0', '1', NULL, NULL, NULL, 'EQ', 'input', '', 1, 'admin', '2026-01-21 00:36:00', '', NULL);
INSERT INTO `gen_table_column` VALUES (85, 7, 'notice_title', '公告标题', 'varchar(50)', 'String', 'noticeTitle', '0', '0', '1', '1', '1', '1', '1', 'EQ', 'input', '', 2, 'admin', '2026-01-21 00:36:00', '', NULL);
INSERT INTO `gen_table_column` VALUES (86, 7, 'notice_type', '公告类型（1通知 2公告）', 'char(1)', 'String', 'noticeType', '0', '0', '1', '1', '1', '1', '1', 'EQ', 'select', '', 3, 'admin', '2026-01-21 00:36:00', '', NULL);
INSERT INTO `gen_table_column` VALUES (87, 7, 'notice_content', '公告内容', 'longblob', 'String', 'noticeContent', '0', '0', '0', '1', '1', '1', '1', 'EQ', 'editor', '', 4, 'admin', '2026-01-21 00:36:00', '', NULL);
INSERT INTO `gen_table_column` VALUES (88, 7, 'status', '公告状态（0正常 1关闭）', 'char(1)', 'String', 'status', '0', '0', '0', '1', '1', '1', '1', 'EQ', 'radio', '', 5, 'admin', '2026-01-21 00:36:00', '', NULL);
INSERT INTO `gen_table_column` VALUES (89, 7, 'create_by', '创建者', 'varchar(64)', 'String', 'createBy', '0', '0', '0', '1', NULL, NULL, NULL, 'EQ', 'input', '', 6, 'admin', '2026-01-21 00:36:00', '', NULL);
INSERT INTO `gen_table_column` VALUES (90, 7, 'create_time', '创建时间', 'datetime', 'Date', 'createTime', '0', '0', '0', '1', NULL, NULL, NULL, 'EQ', 'datetime', '', 7, 'admin', '2026-01-21 00:36:00', '', NULL);
INSERT INTO `gen_table_column` VALUES (91, 7, 'update_by', '更新者', 'varchar(64)', 'String', 'updateBy', '0', '0', '0', '1', '1', NULL, NULL, 'EQ', 'input', '', 8, 'admin', '2026-01-21 00:36:00', '', NULL);
INSERT INTO `gen_table_column` VALUES (92, 7, 'update_time', '更新时间', 'datetime', 'Date', 'updateTime', '0', '0', '0', '1', '1', NULL, NULL, 'EQ', 'datetime', '', 9, 'admin', '2026-01-21 00:36:00', '', NULL);
INSERT INTO `gen_table_column` VALUES (93, 7, 'remark', '备注', 'varchar(255)', 'String', 'remark', '0', '0', '0', '1', '1', '1', NULL, 'EQ', 'input', '', 10, 'admin', '2026-01-21 00:36:00', '', NULL);
INSERT INTO `gen_table_column` VALUES (94, 8, 'oper_id', '日志主键', 'bigint(20)', 'Long', 'operId', '1', '1', '0', '1', NULL, NULL, NULL, 'EQ', 'input', '', 1, 'admin', '2026-01-21 00:36:00', '', NULL);
INSERT INTO `gen_table_column` VALUES (95, 8, 'title', '模块标题', 'varchar(50)', 'String', 'title', '0', '0', '0', '1', '1', '1', '1', 'EQ', 'input', '', 2, 'admin', '2026-01-21 00:36:00', '', NULL);
INSERT INTO `gen_table_column` VALUES (96, 8, 'business_type', '业务类型（0其它 1新增 2修改 3删除）', 'int(2)', 'Integer', 'businessType', '0', '0', '0', '1', '1', '1', '1', 'EQ', 'select', '', 3, 'admin', '2026-01-21 00:36:00', '', NULL);
INSERT INTO `gen_table_column` VALUES (97, 8, 'method', '方法名称', 'varchar(200)', 'String', 'method', '0', '0', '0', '1', '1', '1', '1', 'EQ', 'input', '', 4, 'admin', '2026-01-21 00:36:00', '', NULL);
INSERT INTO `gen_table_column` VALUES (98, 8, 'request_method', '请求方式', 'varchar(10)', 'String', 'requestMethod', '0', '0', '0', '1', '1', '1', '1', 'EQ', 'input', '', 5, 'admin', '2026-01-21 00:36:00', '', NULL);
INSERT INTO `gen_table_column` VALUES (99, 8, 'operator_type', '操作类别（0其它 1后台用户 2手机端用户）', 'int(1)', 'Integer', 'operatorType', '0', '0', '0', '1', '1', '1', '1', 'EQ', 'select', '', 6, 'admin', '2026-01-21 00:36:00', '', NULL);
INSERT INTO `gen_table_column` VALUES (100, 8, 'oper_name', '操作人员', 'varchar(50)', 'String', 'operName', '0', '0', '0', '1', '1', '1', '1', 'LIKE', 'input', '', 7, 'admin', '2026-01-21 00:36:00', '', NULL);
INSERT INTO `gen_table_column` VALUES (101, 8, 'dept_name', '部门名称', 'varchar(50)', 'String', 'deptName', '0', '0', '0', '1', '1', '1', '1', 'LIKE', 'input', '', 8, 'admin', '2026-01-21 00:36:00', '', NULL);
INSERT INTO `gen_table_column` VALUES (102, 8, 'oper_url', '请求URL', 'varchar(255)', 'String', 'operUrl', '0', '0', '0', '1', '1', '1', '1', 'EQ', 'input', '', 9, 'admin', '2026-01-21 00:36:00', '', NULL);
INSERT INTO `gen_table_column` VALUES (103, 8, 'oper_ip', '主机地址', 'varchar(128)', 'String', 'operIp', '0', '0', '0', '1', '1', '1', '1', 'EQ', 'input', '', 10, 'admin', '2026-01-21 00:36:00', '', NULL);
INSERT INTO `gen_table_column` VALUES (104, 8, 'oper_location', '操作地点', 'varchar(255)', 'String', 'operLocation', '0', '0', '0', '1', '1', '1', '1', 'EQ', 'input', '', 11, 'admin', '2026-01-21 00:36:00', '', NULL);
INSERT INTO `gen_table_column` VALUES (105, 8, 'oper_param', '请求参数', 'varchar(2000)', 'String', 'operParam', '0', '0', '0', '1', '1', '1', '1', 'EQ', 'textarea', '', 12, 'admin', '2026-01-21 00:36:00', '', NULL);
INSERT INTO `gen_table_column` VALUES (106, 8, 'json_result', '返回参数', 'varchar(2000)', 'String', 'jsonResult', '0', '0', '0', '1', '1', '1', '1', 'EQ', 'textarea', '', 13, 'admin', '2026-01-21 00:36:00', '', NULL);
INSERT INTO `gen_table_column` VALUES (107, 8, 'status', '操作状态（0正常 1异常）', 'int(1)', 'Integer', 'status', '0', '0', '0', '1', '1', '1', '1', 'EQ', 'radio', '', 14, 'admin', '2026-01-21 00:36:00', '', NULL);
INSERT INTO `gen_table_column` VALUES (108, 8, 'error_msg', '错误消息', 'varchar(2000)', 'String', 'errorMsg', '0', '0', '0', '1', '1', '1', '1', 'EQ', 'textarea', '', 15, 'admin', '2026-01-21 00:36:00', '', NULL);
INSERT INTO `gen_table_column` VALUES (109, 8, 'oper_time', '操作时间', 'datetime', 'Date', 'operTime', '0', '0', '0', '1', '1', '1', '1', 'EQ', 'datetime', '', 16, 'admin', '2026-01-21 00:36:00', '', NULL);
INSERT INTO `gen_table_column` VALUES (110, 8, 'cost_time', '消耗时间', 'bigint(20)', 'Long', 'costTime', '0', '0', '0', '1', '1', '1', '1', 'EQ', 'input', '', 17, 'admin', '2026-01-21 00:36:00', '', NULL);
INSERT INTO `gen_table_column` VALUES (111, 9, 'post_id', '岗位ID', 'bigint(20)', 'Long', 'postId', '1', '1', '0', '1', NULL, NULL, NULL, 'EQ', 'input', '', 1, 'admin', '2026-01-21 00:36:00', '', NULL);
INSERT INTO `gen_table_column` VALUES (112, 9, 'post_code', '岗位编码', 'varchar(64)', 'String', 'postCode', '0', '0', '1', '1', '1', '1', '1', 'EQ', 'input', '', 2, 'admin', '2026-01-21 00:36:00', '', NULL);
INSERT INTO `gen_table_column` VALUES (113, 9, 'post_name', '岗位名称', 'varchar(50)', 'String', 'postName', '0', '0', '1', '1', '1', '1', '1', 'LIKE', 'input', '', 3, 'admin', '2026-01-21 00:36:00', '', NULL);
INSERT INTO `gen_table_column` VALUES (114, 9, 'post_sort', '显示顺序', 'int(4)', 'Integer', 'postSort', '0', '0', '1', '1', '1', '1', '1', 'EQ', 'input', '', 4, 'admin', '2026-01-21 00:36:00', '', NULL);
INSERT INTO `gen_table_column` VALUES (115, 9, 'status', '状态（0正常 1停用）', 'char(1)', 'String', 'status', '0', '0', '1', '1', '1', '1', '1', 'EQ', 'radio', '', 5, 'admin', '2026-01-21 00:36:00', '', NULL);
INSERT INTO `gen_table_column` VALUES (116, 9, 'create_by', '创建者', 'varchar(64)', 'String', 'createBy', '0', '0', '0', '1', NULL, NULL, NULL, 'EQ', 'input', '', 6, 'admin', '2026-01-21 00:36:00', '', NULL);
INSERT INTO `gen_table_column` VALUES (117, 9, 'create_time', '创建时间', 'datetime', 'Date', 'createTime', '0', '0', '0', '1', NULL, NULL, NULL, 'EQ', 'datetime', '', 7, 'admin', '2026-01-21 00:36:00', '', NULL);
INSERT INTO `gen_table_column` VALUES (118, 9, 'update_by', '更新者', 'varchar(64)', 'String', 'updateBy', '0', '0', '0', '1', '1', NULL, NULL, 'EQ', 'input', '', 8, 'admin', '2026-01-21 00:36:00', '', NULL);
INSERT INTO `gen_table_column` VALUES (119, 9, 'update_time', '更新时间', 'datetime', 'Date', 'updateTime', '0', '0', '0', '1', '1', NULL, NULL, 'EQ', 'datetime', '', 9, 'admin', '2026-01-21 00:36:00', '', NULL);
INSERT INTO `gen_table_column` VALUES (120, 9, 'remark', '备注', 'varchar(500)', 'String', 'remark', '0', '0', '0', '1', '1', '1', NULL, 'EQ', 'textarea', '', 10, 'admin', '2026-01-21 00:36:00', '', NULL);
INSERT INTO `gen_table_column` VALUES (121, 10, 'role_id', '角色ID', 'bigint(20)', 'Long', 'roleId', '1', '1', '0', '1', NULL, NULL, NULL, 'EQ', 'input', '', 1, 'admin', '2026-01-21 00:36:00', '', NULL);
INSERT INTO `gen_table_column` VALUES (122, 10, 'role_name', '角色名称', 'varchar(30)', 'String', 'roleName', '0', '0', '1', '1', '1', '1', '1', 'LIKE', 'input', '', 2, 'admin', '2026-01-21 00:36:00', '', NULL);
INSERT INTO `gen_table_column` VALUES (123, 10, 'role_key', '角色权限字符串', 'varchar(100)', 'String', 'roleKey', '0', '0', '1', '1', '1', '1', '1', 'EQ', 'input', '', 3, 'admin', '2026-01-21 00:36:00', '', NULL);
INSERT INTO `gen_table_column` VALUES (124, 10, 'role_sort', '显示顺序', 'int(4)', 'Integer', 'roleSort', '0', '0', '1', '1', '1', '1', '1', 'EQ', 'input', '', 4, 'admin', '2026-01-21 00:36:00', '', NULL);
INSERT INTO `gen_table_column` VALUES (125, 10, 'data_scope', '数据范围（1：全部数据权限 2：自定数据权限 3：本部门数据权限 4：本部门及以下数据权限）', 'char(1)', 'String', 'dataScope', '0', '0', '0', '1', '1', '1', '1', 'EQ', 'input', '', 5, 'admin', '2026-01-21 00:36:00', '', NULL);
INSERT INTO `gen_table_column` VALUES (126, 10, 'menu_check_strictly', '菜单树选择项是否关联显示', 'tinyint(1)', 'Integer', 'menuCheckStrictly', '0', '0', '0', '1', '1', '1', '1', 'EQ', 'input', '', 6, 'admin', '2026-01-21 00:36:00', '', NULL);
INSERT INTO `gen_table_column` VALUES (127, 10, 'dept_check_strictly', '部门树选择项是否关联显示', 'tinyint(1)', 'Integer', 'deptCheckStrictly', '0', '0', '0', '1', '1', '1', '1', 'EQ', 'input', '', 7, 'admin', '2026-01-21 00:36:00', '', NULL);
INSERT INTO `gen_table_column` VALUES (128, 10, 'status', '角色状态（0正常 1停用）', 'char(1)', 'String', 'status', '0', '0', '1', '1', '1', '1', '1', 'EQ', 'radio', '', 8, 'admin', '2026-01-21 00:36:00', '', NULL);
INSERT INTO `gen_table_column` VALUES (129, 10, 'del_flag', '删除标志（0代表存在 2代表删除）', 'char(1)', 'String', 'delFlag', '0', '0', '0', '1', NULL, NULL, NULL, 'EQ', 'input', '', 9, 'admin', '2026-01-21 00:36:00', '', NULL);
INSERT INTO `gen_table_column` VALUES (130, 10, 'create_by', '创建者', 'varchar(64)', 'String', 'createBy', '0', '0', '0', '1', NULL, NULL, NULL, 'EQ', 'input', '', 10, 'admin', '2026-01-21 00:36:00', '', NULL);
INSERT INTO `gen_table_column` VALUES (131, 10, 'create_time', '创建时间', 'datetime', 'Date', 'createTime', '0', '0', '0', '1', NULL, NULL, NULL, 'EQ', 'datetime', '', 11, 'admin', '2026-01-21 00:36:00', '', NULL);
INSERT INTO `gen_table_column` VALUES (132, 10, 'update_by', '更新者', 'varchar(64)', 'String', 'updateBy', '0', '0', '0', '1', '1', NULL, NULL, 'EQ', 'input', '', 12, 'admin', '2026-01-21 00:36:00', '', NULL);
INSERT INTO `gen_table_column` VALUES (133, 10, 'update_time', '更新时间', 'datetime', 'Date', 'updateTime', '0', '0', '0', '1', '1', NULL, NULL, 'EQ', 'datetime', '', 13, 'admin', '2026-01-21 00:36:00', '', NULL);
INSERT INTO `gen_table_column` VALUES (134, 10, 'remark', '备注', 'varchar(500)', 'String', 'remark', '0', '0', '0', '1', '1', '1', NULL, 'EQ', 'textarea', '', 14, 'admin', '2026-01-21 00:36:00', '', NULL);
INSERT INTO `gen_table_column` VALUES (135, 11, 'dept_id', '部门id', 'bigint(20)', 'Long', 'deptId', '1', '1', '0', '1', NULL, NULL, NULL, 'EQ', 'input', '', 1, 'admin', '2026-01-21 00:36:06', '', '2026-01-21 15:02:55');
INSERT INTO `gen_table_column` VALUES (136, 11, 'parent_id', '父部门id', 'bigint(20)', 'Long', 'parentId', '0', '0', '0', '1', '1', '1', '1', 'EQ', 'input', '', 2, 'admin', '2026-01-21 00:36:06', '', '2026-01-21 15:02:55');
INSERT INTO `gen_table_column` VALUES (137, 11, 'ancestors', '祖级列表', 'varchar(50)', 'String', 'ancestors', '0', '0', '0', '1', '1', '1', '1', 'EQ', 'input', '', 3, 'admin', '2026-01-21 00:36:06', '', '2026-01-21 15:02:55');
INSERT INTO `gen_table_column` VALUES (138, 11, 'dept_name', '部门名称', 'varchar(30)', 'String', 'deptName', '0', '0', '0', '1', '1', '1', '1', 'LIKE', 'input', '', 4, 'admin', '2026-01-21 00:36:06', '', '2026-01-21 15:02:55');
INSERT INTO `gen_table_column` VALUES (139, 11, 'order_num', '显示顺序', 'int(4)', 'Integer', 'orderNum', '0', '0', '0', '1', '1', '1', '1', 'EQ', 'input', '', 5, 'admin', '2026-01-21 00:36:06', '', '2026-01-21 15:02:55');
INSERT INTO `gen_table_column` VALUES (140, 11, 'leader', '负责人', 'varchar(20)', 'String', 'leader', '0', '0', '0', '1', '1', '1', '1', 'EQ', 'input', '', 6, 'admin', '2026-01-21 00:36:06', '', '2026-01-21 15:02:55');
INSERT INTO `gen_table_column` VALUES (141, 11, 'phone', '联系电话', 'varchar(11)', 'String', 'phone', '0', '0', '0', '1', '1', '1', '1', 'EQ', 'input', '', 7, 'admin', '2026-01-21 00:36:06', '', '2026-01-21 15:02:55');
INSERT INTO `gen_table_column` VALUES (142, 11, 'email', '邮箱', 'varchar(50)', 'String', 'email', '0', '0', '0', '1', '1', '1', '1', 'EQ', 'input', '', 8, 'admin', '2026-01-21 00:36:06', '', '2026-01-21 15:02:55');
INSERT INTO `gen_table_column` VALUES (143, 11, 'status', '部门状态（0正常 1停用）', 'char(1)', 'String', 'status', '0', '0', '0', '1', '1', '1', '1', 'EQ', 'radio', '', 9, 'admin', '2026-01-21 00:36:06', '', '2026-01-21 15:02:55');
INSERT INTO `gen_table_column` VALUES (144, 11, 'del_flag', '删除标志（0代表存在 2代表删除）', 'char(1)', 'String', 'delFlag', '0', '0', '0', '1', NULL, NULL, NULL, 'EQ', 'input', '', 10, 'admin', '2026-01-21 00:36:06', '', '2026-01-21 15:02:55');
INSERT INTO `gen_table_column` VALUES (145, 11, 'create_by', '创建者', 'varchar(64)', 'String', 'createBy', '0', '0', '0', '1', NULL, NULL, NULL, 'EQ', 'input', '', 11, 'admin', '2026-01-21 00:36:06', '', '2026-01-21 15:02:55');
INSERT INTO `gen_table_column` VALUES (146, 11, 'create_time', '创建时间', 'datetime', 'Date', 'createTime', '0', '0', '0', '1', NULL, NULL, NULL, 'EQ', 'datetime', '', 12, 'admin', '2026-01-21 00:36:06', '', '2026-01-21 15:02:55');
INSERT INTO `gen_table_column` VALUES (147, 11, 'update_by', '更新者', 'varchar(64)', 'String', 'updateBy', '0', '0', '0', '1', '1', NULL, NULL, 'EQ', 'input', '', 13, 'admin', '2026-01-21 00:36:06', '', '2026-01-21 15:02:55');
INSERT INTO `gen_table_column` VALUES (148, 11, 'update_time', '更新时间', 'datetime', 'Date', 'updateTime', '0', '0', '0', '1', '1', NULL, NULL, 'EQ', 'datetime', '', 14, 'admin', '2026-01-21 00:36:06', '', '2026-01-21 15:02:55');
INSERT INTO `gen_table_column` VALUES (149, 12, 'dict_code', '字典编码', 'bigint(20)', 'Long', 'dictCode', '1', '1', '0', '1', NULL, NULL, NULL, 'EQ', 'input', '', 1, 'admin', '2026-01-21 00:36:06', '', NULL);
INSERT INTO `gen_table_column` VALUES (150, 12, 'dict_sort', '字典排序', 'int(4)', 'Integer', 'dictSort', '0', '0', '0', '1', '1', '1', '1', 'EQ', 'input', '', 2, 'admin', '2026-01-21 00:36:06', '', NULL);
INSERT INTO `gen_table_column` VALUES (151, 12, 'dict_label', '字典标签', 'varchar(100)', 'String', 'dictLabel', '0', '0', '0', '1', '1', '1', '1', 'EQ', 'input', '', 3, 'admin', '2026-01-21 00:36:06', '', NULL);
INSERT INTO `gen_table_column` VALUES (152, 12, 'dict_value', '字典键值', 'varchar(100)', 'String', 'dictValue', '0', '0', '0', '1', '1', '1', '1', 'EQ', 'input', '', 4, 'admin', '2026-01-21 00:36:06', '', NULL);
INSERT INTO `gen_table_column` VALUES (153, 12, 'dict_type', '字典类型', 'varchar(100)', 'String', 'dictType', '0', '0', '0', '1', '1', '1', '1', 'EQ', 'select', '', 5, 'admin', '2026-01-21 00:36:06', '', NULL);
INSERT INTO `gen_table_column` VALUES (154, 12, 'css_class', '样式属性（其他样式扩展）', 'varchar(100)', 'String', 'cssClass', '0', '0', '0', '1', '1', '1', '1', 'EQ', 'input', '', 6, 'admin', '2026-01-21 00:36:06', '', NULL);
INSERT INTO `gen_table_column` VALUES (155, 12, 'list_class', '表格回显样式', 'varchar(100)', 'String', 'listClass', '0', '0', '0', '1', '1', '1', '1', 'EQ', 'input', '', 7, 'admin', '2026-01-21 00:36:06', '', NULL);
INSERT INTO `gen_table_column` VALUES (156, 12, 'is_default', '是否默认（Y是 N否）', 'char(1)', 'String', 'isDefault', '0', '0', '0', '1', '1', '1', '1', 'EQ', 'input', '', 8, 'admin', '2026-01-21 00:36:06', '', NULL);
INSERT INTO `gen_table_column` VALUES (157, 12, 'status', '状态（0正常 1停用）', 'char(1)', 'String', 'status', '0', '0', '0', '1', '1', '1', '1', 'EQ', 'radio', '', 9, 'admin', '2026-01-21 00:36:06', '', NULL);
INSERT INTO `gen_table_column` VALUES (158, 12, 'create_by', '创建者', 'varchar(64)', 'String', 'createBy', '0', '0', '0', '1', NULL, NULL, NULL, 'EQ', 'input', '', 10, 'admin', '2026-01-21 00:36:06', '', NULL);
INSERT INTO `gen_table_column` VALUES (159, 12, 'create_time', '创建时间', 'datetime', 'Date', 'createTime', '0', '0', '0', '1', NULL, NULL, NULL, 'EQ', 'datetime', '', 11, 'admin', '2026-01-21 00:36:06', '', NULL);
INSERT INTO `gen_table_column` VALUES (160, 12, 'update_by', '更新者', 'varchar(64)', 'String', 'updateBy', '0', '0', '0', '1', '1', NULL, NULL, 'EQ', 'input', '', 12, 'admin', '2026-01-21 00:36:06', '', NULL);
INSERT INTO `gen_table_column` VALUES (161, 12, 'update_time', '更新时间', 'datetime', 'Date', 'updateTime', '0', '0', '0', '1', '1', NULL, NULL, 'EQ', 'datetime', '', 13, 'admin', '2026-01-21 00:36:06', '', NULL);
INSERT INTO `gen_table_column` VALUES (162, 12, 'remark', '备注', 'varchar(500)', 'String', 'remark', '0', '0', '0', '1', '1', '1', NULL, 'EQ', 'textarea', '', 14, 'admin', '2026-01-21 00:36:06', '', NULL);
INSERT INTO `gen_table_column` VALUES (163, 13, 'dict_id', '字典主键', 'bigint(20)', 'Long', 'dictId', '1', '1', '0', '1', NULL, NULL, NULL, 'EQ', 'input', '', 1, 'admin', '2026-01-21 00:36:06', '', NULL);
INSERT INTO `gen_table_column` VALUES (164, 13, 'dict_name', '字典名称', 'varchar(100)', 'String', 'dictName', '0', '0', '0', '1', '1', '1', '1', 'LIKE', 'input', '', 2, 'admin', '2026-01-21 00:36:06', '', NULL);
INSERT INTO `gen_table_column` VALUES (165, 13, 'dict_type', '字典类型', 'varchar(100)', 'String', 'dictType', '0', '0', '0', '1', '1', '1', '1', 'EQ', 'select', '', 3, 'admin', '2026-01-21 00:36:06', '', NULL);
INSERT INTO `gen_table_column` VALUES (166, 13, 'status', '状态（0正常 1停用）', 'char(1)', 'String', 'status', '0', '0', '0', '1', '1', '1', '1', 'EQ', 'radio', '', 4, 'admin', '2026-01-21 00:36:06', '', NULL);
INSERT INTO `gen_table_column` VALUES (167, 13, 'create_by', '创建者', 'varchar(64)', 'String', 'createBy', '0', '0', '0', '1', NULL, NULL, NULL, 'EQ', 'input', '', 5, 'admin', '2026-01-21 00:36:06', '', NULL);
INSERT INTO `gen_table_column` VALUES (168, 13, 'create_time', '创建时间', 'datetime', 'Date', 'createTime', '0', '0', '0', '1', NULL, NULL, NULL, 'EQ', 'datetime', '', 6, 'admin', '2026-01-21 00:36:06', '', NULL);
INSERT INTO `gen_table_column` VALUES (169, 13, 'update_by', '更新者', 'varchar(64)', 'String', 'updateBy', '0', '0', '0', '1', '1', NULL, NULL, 'EQ', 'input', '', 7, 'admin', '2026-01-21 00:36:06', '', NULL);
INSERT INTO `gen_table_column` VALUES (170, 13, 'update_time', '更新时间', 'datetime', 'Date', 'updateTime', '0', '0', '0', '1', '1', NULL, NULL, 'EQ', 'datetime', '', 8, 'admin', '2026-01-21 00:36:06', '', NULL);
INSERT INTO `gen_table_column` VALUES (171, 13, 'remark', '备注', 'varchar(500)', 'String', 'remark', '0', '0', '0', '1', '1', '1', NULL, 'EQ', 'textarea', '', 9, 'admin', '2026-01-21 00:36:06', '', NULL);
INSERT INTO `gen_table_column` VALUES (172, 14, 'job_id', '任务ID', 'bigint(20)', 'Long', 'jobId', '1', '1', '0', '1', NULL, NULL, NULL, 'EQ', 'input', '', 1, 'admin', '2026-01-21 00:36:06', '', NULL);
INSERT INTO `gen_table_column` VALUES (173, 14, 'job_name', '任务名称', 'varchar(64)', 'String', 'jobName', '1', '0', '0', '1', NULL, NULL, NULL, 'LIKE', 'input', '', 2, 'admin', '2026-01-21 00:36:06', '', NULL);
INSERT INTO `gen_table_column` VALUES (174, 14, 'job_group', '任务组名', 'varchar(64)', 'String', 'jobGroup', '1', '0', '0', '1', NULL, NULL, NULL, 'EQ', 'input', '', 3, 'admin', '2026-01-21 00:36:06', '', NULL);
INSERT INTO `gen_table_column` VALUES (175, 14, 'invoke_target', '调用目标字符串', 'varchar(500)', 'String', 'invokeTarget', '0', '0', '1', '1', '1', '1', '1', 'EQ', 'textarea', '', 4, 'admin', '2026-01-21 00:36:06', '', NULL);
INSERT INTO `gen_table_column` VALUES (176, 14, 'cron_expression', 'cron执行表达式', 'varchar(255)', 'String', 'cronExpression', '0', '0', '0', '1', '1', '1', '1', 'EQ', 'input', '', 5, 'admin', '2026-01-21 00:36:06', '', NULL);
INSERT INTO `gen_table_column` VALUES (177, 14, 'misfire_policy', '计划执行错误策略（1立即执行 2执行一次 3放弃执行）', 'varchar(20)', 'String', 'misfirePolicy', '0', '0', '0', '1', '1', '1', '1', 'EQ', 'input', '', 6, 'admin', '2026-01-21 00:36:06', '', NULL);
INSERT INTO `gen_table_column` VALUES (178, 14, 'concurrent', '是否并发执行（0允许 1禁止）', 'char(1)', 'String', 'concurrent', '0', '0', '0', '1', '1', '1', '1', 'EQ', 'input', '', 7, 'admin', '2026-01-21 00:36:06', '', NULL);
INSERT INTO `gen_table_column` VALUES (179, 14, 'status', '状态（0正常 1暂停）', 'char(1)', 'String', 'status', '0', '0', '0', '1', '1', '1', '1', 'EQ', 'radio', '', 8, 'admin', '2026-01-21 00:36:07', '', NULL);
INSERT INTO `gen_table_column` VALUES (180, 14, 'create_by', '创建者', 'varchar(64)', 'String', 'createBy', '0', '0', '0', '1', NULL, NULL, NULL, 'EQ', 'input', '', 9, 'admin', '2026-01-21 00:36:07', '', NULL);
INSERT INTO `gen_table_column` VALUES (181, 14, 'create_time', '创建时间', 'datetime', 'Date', 'createTime', '0', '0', '0', '1', NULL, NULL, NULL, 'EQ', 'datetime', '', 10, 'admin', '2026-01-21 00:36:07', '', NULL);
INSERT INTO `gen_table_column` VALUES (182, 14, 'update_by', '更新者', 'varchar(64)', 'String', 'updateBy', '0', '0', '0', '1', '1', NULL, NULL, 'EQ', 'input', '', 11, 'admin', '2026-01-21 00:36:07', '', NULL);
INSERT INTO `gen_table_column` VALUES (183, 14, 'update_time', '更新时间', 'datetime', 'Date', 'updateTime', '0', '0', '0', '1', '1', NULL, NULL, 'EQ', 'datetime', '', 12, 'admin', '2026-01-21 00:36:07', '', NULL);
INSERT INTO `gen_table_column` VALUES (184, 14, 'remark', '备注信息', 'varchar(500)', 'String', 'remark', '0', '0', '0', '1', '1', '1', NULL, 'EQ', 'textarea', '', 13, 'admin', '2026-01-21 00:36:07', '', NULL);
INSERT INTO `gen_table_column` VALUES (185, 15, 'job_log_id', '任务日志ID', 'bigint(20)', 'Long', 'jobLogId', '1', '1', '0', '1', NULL, NULL, NULL, 'EQ', 'input', '', 1, 'admin', '2026-01-21 00:36:07', '', '2026-01-21 15:01:28');
INSERT INTO `gen_table_column` VALUES (186, 15, 'job_name', '任务名称', 'varchar(64)', 'String', 'jobName', '0', '0', '1', '1', '1', '1', '1', 'LIKE', 'input', '', 2, 'admin', '2026-01-21 00:36:07', '', '2026-01-21 15:01:28');
INSERT INTO `gen_table_column` VALUES (187, 15, 'job_group', '任务组名', 'varchar(64)', 'String', 'jobGroup', '0', '0', '1', '1', '1', '1', '1', 'EQ', 'input', '', 3, 'admin', '2026-01-21 00:36:07', '', '2026-01-21 15:01:28');
INSERT INTO `gen_table_column` VALUES (188, 15, 'invoke_target', '调用目标字符串', 'varchar(500)', 'String', 'invokeTarget', '0', '0', '1', '1', '1', '1', '1', 'EQ', 'textarea', '', 4, 'admin', '2026-01-21 00:36:07', '', '2026-01-21 15:01:28');
INSERT INTO `gen_table_column` VALUES (189, 15, 'job_message', '日志信息', 'varchar(500)', 'String', 'jobMessage', '0', '0', '0', '1', '1', '1', '1', 'EQ', 'textarea', '', 5, 'admin', '2026-01-21 00:36:07', '', '2026-01-21 15:01:28');
INSERT INTO `gen_table_column` VALUES (190, 15, 'status', '执行状态（0正常 1失败）', 'char(1)', 'String', 'status', '0', '0', '0', '1', '1', '1', '1', 'EQ', 'radio', '', 6, 'admin', '2026-01-21 00:36:07', '', '2026-01-21 15:01:28');
INSERT INTO `gen_table_column` VALUES (191, 15, 'exception_info', '异常信息', 'varchar(2000)', 'String', 'exceptionInfo', '0', '0', '0', '1', '1', '1', '1', 'EQ', 'textarea', '', 7, 'admin', '2026-01-21 00:36:07', '', '2026-01-21 15:01:28');
INSERT INTO `gen_table_column` VALUES (192, 15, 'create_time', '创建时间', 'datetime', 'Date', 'createTime', '0', '0', '0', '1', NULL, NULL, NULL, 'EQ', 'datetime', '', 8, 'admin', '2026-01-21 00:36:07', '', '2026-01-21 15:01:28');
INSERT INTO `gen_table_column` VALUES (193, 16, 'id', '主键ID', 'bigint(20)', 'Long', 'id', '1', '1', '0', '1', NULL, NULL, NULL, 'EQ', 'input', '', 1, 'admin', '2026-01-21 00:36:07', '', '2026-01-21 13:38:17');
INSERT INTO `gen_table_column` VALUES (194, 16, 'role_id', '角色ID', 'bigint(20)', 'Long', 'roleId', '0', '0', '1', '1', '1', '1', '1', 'EQ', 'input', '', 2, 'admin', '2026-01-21 00:36:07', '', '2026-01-21 13:38:17');
INSERT INTO `gen_table_column` VALUES (195, 16, 'dept_id', '部门ID', 'bigint(20)', 'Long', 'deptId', '0', '0', '1', '1', '1', '1', '1', 'EQ', 'input', '', 3, 'admin', '2026-01-21 00:36:07', '', '2026-01-21 13:38:17');
INSERT INTO `gen_table_column` VALUES (196, 17, 'id', '主键ID', 'bigint(20)', 'Long', 'id', '1', '1', '0', '1', NULL, NULL, NULL, 'EQ', 'input', '', 1, 'admin', '2026-01-21 00:36:07', '', '2026-01-21 15:01:45');
INSERT INTO `gen_table_column` VALUES (197, 17, 'role_id', '角色ID', 'bigint(20)', 'Long', 'roleId', '0', '0', '1', '1', '1', '1', '1', 'EQ', 'input', '', 2, 'admin', '2026-01-21 00:36:07', '', '2026-01-21 15:01:45');
INSERT INTO `gen_table_column` VALUES (198, 17, 'menu_id', '菜单ID', 'bigint(20)', 'Long', 'menuId', '0', '0', '1', '1', '1', '1', '1', 'EQ', 'input', '', 3, 'admin', '2026-01-21 00:36:07', '', '2026-01-21 15:01:45');
INSERT INTO `gen_table_column` VALUES (199, 18, 'user_id', '用户ID', 'bigint(20)', 'Long', 'userId', '1', '1', '0', '1', NULL, NULL, NULL, 'EQ', 'input', '', 1, 'admin', '2026-01-21 00:36:07', '', '2026-01-21 11:21:33');
INSERT INTO `gen_table_column` VALUES (200, 18, 'dept_id', '部门ID', 'bigint(20)', 'Long', 'deptId', '0', '0', '0', '1', '1', '1', '1', 'EQ', 'input', '', 2, 'admin', '2026-01-21 00:36:07', '', '2026-01-21 11:21:33');
INSERT INTO `gen_table_column` VALUES (201, 18, 'user_name', '用户账号', 'varchar(30)', 'String', 'userName', '0', '0', '1', '1', '1', '1', '1', 'LIKE', 'input', '', 3, 'admin', '2026-01-21 00:36:07', '', '2026-01-21 11:21:33');
INSERT INTO `gen_table_column` VALUES (202, 18, 'nick_name', '用户昵称', 'varchar(30)', 'String', 'nickName', '0', '0', '1', '1', '1', '1', '1', 'LIKE', 'input', '', 4, 'admin', '2026-01-21 00:36:07', '', '2026-01-21 11:21:33');
INSERT INTO `gen_table_column` VALUES (203, 18, 'user_type', '用户类型（00系统用户）', 'varchar(2)', 'String', 'userType', '0', '0', '0', '1', '1', '1', '1', 'EQ', 'select', '', 5, 'admin', '2026-01-21 00:36:07', '', '2026-01-21 11:21:33');
INSERT INTO `gen_table_column` VALUES (204, 18, 'email', '用户邮箱', 'varchar(50)', 'String', 'email', '0', '0', '0', '1', '1', '1', '1', 'EQ', 'input', '', 6, 'admin', '2026-01-21 00:36:07', '', '2026-01-21 11:21:33');
INSERT INTO `gen_table_column` VALUES (205, 18, 'phonenumber', '手机号码', 'varchar(11)', 'String', 'phonenumber', '0', '0', '0', '1', '1', '1', '1', 'EQ', 'input', '', 7, 'admin', '2026-01-21 00:36:07', '', '2026-01-21 11:21:33');
INSERT INTO `gen_table_column` VALUES (206, 18, 'sex', '用户性别（0男 1女 2未知）', 'char(1)', 'String', 'sex', '0', '0', '0', '1', '1', '1', '1', 'EQ', 'select', 'sys_user_sex', 8, 'admin', '2026-01-21 00:36:07', '', '2026-01-21 11:21:33');
INSERT INTO `gen_table_column` VALUES (207, 18, 'avatar', '头像地址', 'varchar(500)', 'String', 'avatar', '0', '0', '0', '1', '1', '1', '1', 'EQ', 'textarea', '', 9, 'admin', '2026-01-21 00:36:07', '', '2026-01-21 11:21:33');
INSERT INTO `gen_table_column` VALUES (208, 18, 'password', '密码', 'varchar(100)', 'String', 'password', '0', '0', '0', '1', '1', '1', '1', 'EQ', 'input', '', 10, 'admin', '2026-01-21 00:36:07', '', '2026-01-21 11:21:33');
INSERT INTO `gen_table_column` VALUES (209, 18, 'status', '账号状态（0正常 1停用）', 'char(1)', 'String', 'status', '0', '0', '0', '1', '1', '1', '1', 'EQ', 'radio', 'sys_common_status', 11, 'admin', '2026-01-21 00:36:07', '', '2026-01-21 11:21:33');
INSERT INTO `gen_table_column` VALUES (210, 18, 'del_flag', '删除标志（0代表存在 2代表删除）', 'char(1)', 'String', 'delFlag', '0', '0', '0', '1', NULL, NULL, NULL, 'EQ', 'input', 'is_delete_status', 12, 'admin', '2026-01-21 00:36:07', '', '2026-01-21 11:21:33');
INSERT INTO `gen_table_column` VALUES (211, 18, 'login_ip', '最后登录IP', 'varchar(128)', 'String', 'loginIp', '0', '0', '0', '1', '1', '1', '1', 'EQ', 'input', '', 13, 'admin', '2026-01-21 00:36:07', '', '2026-01-21 11:21:33');
INSERT INTO `gen_table_column` VALUES (212, 18, 'login_date', '最后登录时间', 'datetime', 'Date', 'loginDate', '0', '0', '0', '1', '1', '1', '1', 'EQ', 'datetime', '', 14, 'admin', '2026-01-21 00:36:07', '', '2026-01-21 11:21:33');
INSERT INTO `gen_table_column` VALUES (213, 18, 'pwd_update_date', '密码最后更新时间', 'datetime', 'Date', 'pwdUpdateDate', '0', '0', '0', '1', '1', '1', '1', 'EQ', 'datetime', '', 15, 'admin', '2026-01-21 00:36:07', '', '2026-01-21 11:21:33');
INSERT INTO `gen_table_column` VALUES (214, 18, 'create_by', '创建者', 'varchar(64)', 'String', 'createBy', '0', '0', '0', '1', NULL, NULL, NULL, 'EQ', 'input', '', 16, 'admin', '2026-01-21 00:36:07', '', '2026-01-21 11:21:33');
INSERT INTO `gen_table_column` VALUES (215, 18, 'create_time', '创建时间', 'datetime', 'Date', 'createTime', '0', '0', '0', '1', NULL, NULL, NULL, 'EQ', 'datetime', '', 17, 'admin', '2026-01-21 00:36:07', '', '2026-01-21 11:21:33');
INSERT INTO `gen_table_column` VALUES (216, 18, 'update_by', '更新者', 'varchar(64)', 'String', 'updateBy', '0', '0', '0', '1', '1', NULL, NULL, 'EQ', 'input', '', 18, 'admin', '2026-01-21 00:36:07', '', '2026-01-21 11:21:33');
INSERT INTO `gen_table_column` VALUES (217, 18, 'update_time', '更新时间', 'datetime', 'Date', 'updateTime', '0', '0', '0', '1', '1', NULL, NULL, 'EQ', 'datetime', '', 19, 'admin', '2026-01-21 00:36:07', '', '2026-01-21 11:21:33');
INSERT INTO `gen_table_column` VALUES (218, 18, 'remark', '备注', 'varchar(500)', 'String', 'remark', '0', '0', '0', '1', '1', '1', NULL, 'EQ', 'textarea', '', 20, 'admin', '2026-01-21 00:36:07', '', '2026-01-21 11:21:33');
INSERT INTO `gen_table_column` VALUES (219, 19, 'id', '主键ID', 'bigint(20)', 'Long', 'id', '1', '1', '0', '1', NULL, NULL, NULL, 'EQ', 'input', '', 1, 'admin', '2026-01-21 00:36:07', '', '2026-01-21 15:02:00');
INSERT INTO `gen_table_column` VALUES (220, 19, 'user_id', '用户ID', 'bigint(20)', 'Long', 'userId', '0', '0', '1', '1', '1', '1', '1', 'EQ', 'input', '', 2, 'admin', '2026-01-21 00:36:07', '', '2026-01-21 15:02:00');
INSERT INTO `gen_table_column` VALUES (221, 19, 'post_id', '岗位ID', 'bigint(20)', 'Long', 'postId', '0', '0', '1', '1', '1', '1', '1', 'EQ', 'input', '', 3, 'admin', '2026-01-21 00:36:07', '', '2026-01-21 15:02:00');
INSERT INTO `gen_table_column` VALUES (222, 20, 'id', '主键ID', 'bigint(20)', 'Long', 'id', '1', '1', '0', '1', NULL, NULL, NULL, 'EQ', 'input', '', 1, 'admin', '2026-01-21 00:36:07', '', '2026-01-21 15:02:07');
INSERT INTO `gen_table_column` VALUES (223, 20, 'user_id', '用户ID', 'bigint(20)', 'Long', 'userId', '0', '0', '1', '1', '1', '1', '1', 'EQ', 'input', '', 2, 'admin', '2026-01-21 00:36:07', '', '2026-01-21 15:02:07');
INSERT INTO `gen_table_column` VALUES (224, 20, 'role_id', '角色ID', 'bigint(20)', 'Long', 'roleId', '0', '0', '1', '1', '1', '1', '1', 'EQ', 'input', '', 3, 'admin', '2026-01-21 00:36:07', '', '2026-01-21 15:02:07');

-- ----------------------------
-- Table structure for sys_dept
-- ----------------------------
DROP TABLE IF EXISTS `sys_dept`;
CREATE TABLE `sys_dept`  (
  `dept_id` bigint(20) NOT NULL AUTO_INCREMENT COMMENT '部门id',
  `parent_id` bigint(20) NULL DEFAULT 0 COMMENT '父部门id',
  `ancestors` varchar(50) CHARACTER SET utf8mb4 COLLATE utf8mb4_unicode_ci NULL DEFAULT '' COMMENT '祖级列表',
  `dept_name` varchar(30) CHARACTER SET utf8mb4 COLLATE utf8mb4_unicode_ci NULL DEFAULT '' COMMENT '部门名称',
  `order_num` int(4) NULL DEFAULT 0 COMMENT '显示顺序',
  `leader` varchar(20) CHARACTER SET utf8mb4 COLLATE utf8mb4_unicode_ci NULL DEFAULT NULL COMMENT '负责人',
  `phone` varchar(11) CHARACTER SET utf8mb4 COLLATE utf8mb4_unicode_ci NULL DEFAULT NULL COMMENT '联系电话',
  `email` varchar(50) CHARACTER SET utf8mb4 COLLATE utf8mb4_unicode_ci NULL DEFAULT NULL COMMENT '邮箱',
  `status` char(1) CHARACTER SET utf8mb4 COLLATE utf8mb4_unicode_ci NULL DEFAULT '0' COMMENT '部门状态（0正常 1停用）',
  `del_flag` char(1) CHARACTER SET utf8mb4 COLLATE utf8mb4_unicode_ci NULL DEFAULT '0' COMMENT '删除标志（0代表存在 2代表删除）',
  `create_by` varchar(64) CHARACTER SET utf8mb4 COLLATE utf8mb4_unicode_ci NULL DEFAULT '' COMMENT '创建者',
  `create_time` datetime(0) NULL DEFAULT NULL COMMENT '创建时间',
  `update_by` varchar(64) CHARACTER SET utf8mb4 COLLATE utf8mb4_unicode_ci NULL DEFAULT '' COMMENT '更新者',
  `update_time` datetime(0) NULL DEFAULT NULL COMMENT '更新时间',
  PRIMARY KEY (`dept_id`) USING BTREE
) ENGINE = InnoDB AUTO_INCREMENT = 112 CHARACTER SET = utf8mb4 COLLATE = utf8mb4_unicode_ci COMMENT = '部门表' ROW_FORMAT = Dynamic;

-- ----------------------------
-- Records of sys_dept
-- ----------------------------
INSERT INTO `sys_dept` VALUES (100, 0, '0', '星枢科技', 0, '星枢', '18834581124', '	\r\n18834581124@163.com', '0', '0', 'admin', '2025-12-28 13:46:34', 'admin', '2025-12-29 20:57:13');
INSERT INTO `sys_dept` VALUES (101, 100, '0,100', '深圳总公司', 1, '星枢', '18834581124', '	\r\n18834581124@163.com', '0', '0', 'admin', '2025-12-28 13:46:34', '', NULL);
INSERT INTO `sys_dept` VALUES (102, 100, '0,100', '长沙分公司', 2, '星枢', '18834581124', '	\r\n	\r\n18834581124@163.com', '0', '0', 'admin', '2025-12-28 13:46:34', '', NULL);
INSERT INTO `sys_dept` VALUES (103, 101, '0,100,101', '研发部门', 1, '星枢', '18834581124', '	\r\n18834581124@163.com', '0', '0', 'admin', '2025-12-28 13:46:34', '', NULL);
INSERT INTO `sys_dept` VALUES (104, 101, '0,100,101', '市场部门', 2, '星枢', '18834581124', '	\r\n18834581124@163.com', '0', '0', 'admin', '2025-12-28 13:46:34', '', NULL);
INSERT INTO `sys_dept` VALUES (105, 101, '0,100,101', '测试部门', 3, '星枢', '18834581124', '	\r\n18834581124@163.com', '0', '0', 'admin', '2025-12-28 13:46:34', '', NULL);
INSERT INTO `sys_dept` VALUES (106, 101, '0,100,101', '财务部门', 4, '星枢', '18834581124', '	\r\n18834581124@163.com', '0', '0', 'admin', '2025-12-28 13:46:34', '', NULL);
INSERT INTO `sys_dept` VALUES (107, 101, '0,100,101', '运维部门', 5, '星枢', '18834581124', '	\r\n18834581124@163.com', '0', '0', 'admin', '2025-12-28 13:46:34', '', NULL);
INSERT INTO `sys_dept` VALUES (108, 102, '0,100,102', '市场部门', 1, '星枢', '18834581124', '18834581124@163.com', '0', '0', 'admin', '2025-12-28 13:46:34', '', NULL);
INSERT INTO `sys_dept` VALUES (109, 102, '0,100,102', '财务部门', 2, '星枢', '18834581124', '	\r\n18834581124@163.com', '0', '0', 'admin', '2025-12-28 13:46:34', '', NULL);
INSERT INTO `sys_dept` VALUES (110, 100, '0,100', '山西分公司', 3, '星枢', '18834581124', '18834581124@163.com', '0', '0', 'admin', '2026-01-20 12:52:02', 'admin', '2026-01-20 12:53:11');
INSERT INTO `sys_dept` VALUES (111, 110, '0,100,110', '人事部', 1, '星枢', '18834581124', '18834581124@163.com', '0', '0', 'admin', '2026-01-20 12:52:49', 'admin', '2026-01-20 12:53:15');

-- ----------------------------
-- Table structure for sys_dict_data
-- ----------------------------
DROP TABLE IF EXISTS `sys_dict_data`;
CREATE TABLE `sys_dict_data`  (
  `dict_code` bigint(20) NOT NULL AUTO_INCREMENT COMMENT '字典编码',
  `dict_sort` int(4) NULL DEFAULT 0 COMMENT '字典排序',
  `dict_label` varchar(100) CHARACTER SET utf8mb4 COLLATE utf8mb4_unicode_ci NULL DEFAULT '' COMMENT '字典标签',
  `dict_value` varchar(100) CHARACTER SET utf8mb4 COLLATE utf8mb4_unicode_ci NULL DEFAULT '' COMMENT '字典键值',
  `dict_type` varchar(100) CHARACTER SET utf8mb4 COLLATE utf8mb4_unicode_ci NULL DEFAULT '' COMMENT '字典类型',
  `css_class` varchar(100) CHARACTER SET utf8mb4 COLLATE utf8mb4_unicode_ci NULL DEFAULT NULL COMMENT '样式属性（其他样式扩展）',
  `list_class` varchar(100) CHARACTER SET utf8mb4 COLLATE utf8mb4_unicode_ci NULL DEFAULT NULL COMMENT '表格回显样式',
  `is_default` char(1) CHARACTER SET utf8mb4 COLLATE utf8mb4_unicode_ci NULL DEFAULT 'N' COMMENT '是否默认（Y是 N否）',
  `status` char(1) CHARACTER SET utf8mb4 COLLATE utf8mb4_unicode_ci NULL DEFAULT '0' COMMENT '状态（0正常 1停用）',
  `create_by` varchar(64) CHARACTER SET utf8mb4 COLLATE utf8mb4_unicode_ci NULL DEFAULT '' COMMENT '创建者',
  `create_time` datetime(0) NULL DEFAULT NULL COMMENT '创建时间',
  `update_by` varchar(64) CHARACTER SET utf8mb4 COLLATE utf8mb4_unicode_ci NULL DEFAULT '' COMMENT '更新者',
  `update_time` datetime(0) NULL DEFAULT NULL COMMENT '更新时间',
  `remark` varchar(500) CHARACTER SET utf8mb4 COLLATE utf8mb4_unicode_ci NULL DEFAULT NULL COMMENT '备注',
  PRIMARY KEY (`dict_code`) USING BTREE
) ENGINE = InnoDB AUTO_INCREMENT = 102 CHARACTER SET = utf8mb4 COLLATE = utf8mb4_unicode_ci COMMENT = '字典数据表' ROW_FORMAT = Dynamic;

-- ----------------------------
-- Records of sys_dict_data
-- ----------------------------
INSERT INTO `sys_dict_data` VALUES (1, 1, '男', '0', 'sys_user_sex', '', '', 'Y', '0', 'admin', '2025-12-28 13:46:34', '', NULL, '性别男');
INSERT INTO `sys_dict_data` VALUES (2, 2, '女', '1', 'sys_user_sex', '', '', 'N', '0', 'admin', '2025-12-28 13:46:34', '', NULL, '性别女');
INSERT INTO `sys_dict_data` VALUES (3, 3, '未知', '2', 'sys_user_sex', '', '', 'N', '0', 'admin', '2025-12-28 13:46:34', '', NULL, '性别未知');
INSERT INTO `sys_dict_data` VALUES (4, 1, '显示', '0', 'sys_show_hide', '', 'primary', 'Y', '0', 'admin', '2025-12-28 13:46:34', '', NULL, '显示菜单');
INSERT INTO `sys_dict_data` VALUES (5, 2, '隐藏', '1', 'sys_show_hide', '', 'danger', 'N', '0', 'admin', '2025-12-28 13:46:34', '', NULL, '隐藏菜单');
INSERT INTO `sys_dict_data` VALUES (6, 1, '正常', '0', 'sys_normal_disable', '', 'primary', 'Y', '0', 'admin', '2025-12-28 13:46:34', '', NULL, '正常状态');
INSERT INTO `sys_dict_data` VALUES (7, 2, '停用', '1', 'sys_normal_disable', '', 'danger', 'N', '0', 'admin', '2025-12-28 13:46:34', '', NULL, '停用状态');
INSERT INTO `sys_dict_data` VALUES (8, 1, '正常', '0', 'sys_job_status', '', 'primary', 'Y', '0', 'admin', '2025-12-28 13:46:34', '', NULL, '正常状态');
INSERT INTO `sys_dict_data` VALUES (9, 2, '暂停', '1', 'sys_job_status', '', 'danger', 'N', '0', 'admin', '2025-12-28 13:46:34', '', NULL, '停用状态');
INSERT INTO `sys_dict_data` VALUES (10, 1, '默认', 'DEFAULT', 'sys_job_group', '', '', 'Y', '0', 'admin', '2025-12-28 13:46:34', '', NULL, '默认分组');
INSERT INTO `sys_dict_data` VALUES (11, 2, '系统', 'SYSTEM', 'sys_job_group', '', '', 'N', '0', 'admin', '2025-12-28 13:46:34', '', NULL, '系统分组');
INSERT INTO `sys_dict_data` VALUES (12, 1, '是', 'Y', 'sys_yes_no', '', 'primary', 'Y', '0', 'admin', '2025-12-28 13:46:34', '', NULL, '系统默认是');
INSERT INTO `sys_dict_data` VALUES (13, 2, '否', 'N', 'sys_yes_no', '', 'danger', 'N', '0', 'admin', '2025-12-28 13:46:34', '', NULL, '系统默认否');
INSERT INTO `sys_dict_data` VALUES (14, 1, '通知', '1', 'sys_notice_type', '', 'warning', 'Y', '0', 'admin', '2025-12-28 13:46:34', '', NULL, '通知');
INSERT INTO `sys_dict_data` VALUES (15, 2, '公告', '2', 'sys_notice_type', '', 'success', 'N', '0', 'admin', '2025-12-28 13:46:34', '', NULL, '公告');
INSERT INTO `sys_dict_data` VALUES (16, 1, '正常', '0', 'sys_notice_status', '', 'primary', 'Y', '0', 'admin', '2025-12-28 13:46:34', '', NULL, '正常状态');
INSERT INTO `sys_dict_data` VALUES (17, 2, '关闭', '1', 'sys_notice_status', '', 'danger', 'N', '0', 'admin', '2025-12-28 13:46:34', '', NULL, '关闭状态');
INSERT INTO `sys_dict_data` VALUES (18, 99, '其他', '0', 'sys_oper_type', '', 'info', 'N', '0', 'admin', '2025-12-28 13:46:34', '', NULL, '其他操作');
INSERT INTO `sys_dict_data` VALUES (19, 1, '新增', '1', 'sys_oper_type', '', 'info', 'N', '0', 'admin', '2025-12-28 13:46:34', '', NULL, '新增操作');
INSERT INTO `sys_dict_data` VALUES (20, 2, '修改', '2', 'sys_oper_type', '', 'info', 'N', '0', 'admin', '2025-12-28 13:46:34', '', NULL, '修改操作');
INSERT INTO `sys_dict_data` VALUES (21, 3, '删除', '3', 'sys_oper_type', '', 'danger', 'N', '0', 'admin', '2025-12-28 13:46:34', '', NULL, '删除操作');
INSERT INTO `sys_dict_data` VALUES (22, 4, '授权', '4', 'sys_oper_type', '', 'primary', 'N', '0', 'admin', '2025-12-28 13:46:34', '', NULL, '授权操作');
INSERT INTO `sys_dict_data` VALUES (23, 5, '导出', '5', 'sys_oper_type', '', 'warning', 'N', '0', 'admin', '2025-12-28 13:46:34', '', NULL, '导出操作');
INSERT INTO `sys_dict_data` VALUES (24, 6, '导入', '6', 'sys_oper_type', '', 'warning', 'N', '0', 'admin', '2025-12-28 13:46:34', '', NULL, '导入操作');
INSERT INTO `sys_dict_data` VALUES (25, 7, '强退', '7', 'sys_oper_type', '', 'danger', 'N', '0', 'admin', '2025-12-28 13:46:34', '', NULL, '强退操作');
INSERT INTO `sys_dict_data` VALUES (26, 8, '生成代码', '8', 'sys_oper_type', '', 'warning', 'N', '0', 'admin', '2025-12-28 13:46:34', '', NULL, '生成操作');
INSERT INTO `sys_dict_data` VALUES (27, 9, '清空数据', '9', 'sys_oper_type', '', 'danger', 'N', '0', 'admin', '2025-12-28 13:46:34', '', NULL, '清空操作');
INSERT INTO `sys_dict_data` VALUES (28, 1, '成功', '0', 'sys_common_status', '', 'primary', 'N', '0', 'admin', '2025-12-28 13:46:34', '', NULL, '正常状态');
INSERT INTO `sys_dict_data` VALUES (29, 2, '失败', '1', 'sys_common_status', '', 'danger', 'N', '0', 'admin', '2025-12-28 13:46:34', '', NULL, '停用状态');
INSERT INTO `sys_dict_data` VALUES (100, 1, '存在', '0', 'is_delete_status', 'success', 'success', 'N', '0', 'admin', '2026-01-12 15:59:08', '', NULL, '存在');
INSERT INTO `sys_dict_data` VALUES (101, 2, '删除', '2', 'is_delete_status', 'primary', 'default', 'N', '0', 'admin', '2026-01-12 16:02:57', '', NULL, '删除');

-- ----------------------------
-- Table structure for sys_dict_type
-- ----------------------------
DROP TABLE IF EXISTS `sys_dict_type`;
CREATE TABLE `sys_dict_type`  (
  `dict_id` bigint(20) NOT NULL AUTO_INCREMENT COMMENT '字典主键',
  `dict_name` varchar(100) CHARACTER SET utf8mb4 COLLATE utf8mb4_unicode_ci NULL DEFAULT '' COMMENT '字典名称',
  `dict_type` varchar(100) CHARACTER SET utf8mb4 COLLATE utf8mb4_unicode_ci NULL DEFAULT '' COMMENT '字典类型',
  `status` char(1) CHARACTER SET utf8mb4 COLLATE utf8mb4_unicode_ci NULL DEFAULT '0' COMMENT '状态（0正常 1停用）',
  `create_by` varchar(64) CHARACTER SET utf8mb4 COLLATE utf8mb4_unicode_ci NULL DEFAULT '' COMMENT '创建者',
  `create_time` datetime(0) NULL DEFAULT NULL COMMENT '创建时间',
  `update_by` varchar(64) CHARACTER SET utf8mb4 COLLATE utf8mb4_unicode_ci NULL DEFAULT '' COMMENT '更新者',
  `update_time` datetime(0) NULL DEFAULT NULL COMMENT '更新时间',
  `remark` varchar(500) CHARACTER SET utf8mb4 COLLATE utf8mb4_unicode_ci NULL DEFAULT NULL COMMENT '备注',
  PRIMARY KEY (`dict_id`) USING BTREE,
  UNIQUE INDEX `dict_type`(`dict_type`) USING BTREE
) ENGINE = InnoDB AUTO_INCREMENT = 101 CHARACTER SET = utf8mb4 COLLATE = utf8mb4_unicode_ci COMMENT = '字典类型表' ROW_FORMAT = Dynamic;

-- ----------------------------
-- Records of sys_dict_type
-- ----------------------------
INSERT INTO `sys_dict_type` VALUES (1, '用户性别', 'sys_user_sex', '0', 'admin', '2025-12-28 13:46:34', '', NULL, '用户性别列表');
INSERT INTO `sys_dict_type` VALUES (2, '菜单状态', 'sys_show_hide', '0', 'admin', '2025-12-28 13:46:34', '', NULL, '菜单状态列表');
INSERT INTO `sys_dict_type` VALUES (3, '系统开关', 'sys_normal_disable', '0', 'admin', '2025-12-28 13:46:34', '', NULL, '系统开关列表');
INSERT INTO `sys_dict_type` VALUES (4, '任务状态', 'sys_job_status', '0', 'admin', '2025-12-28 13:46:34', '', NULL, '任务状态列表');
INSERT INTO `sys_dict_type` VALUES (5, '任务分组', 'sys_job_group', '0', 'admin', '2025-12-28 13:46:34', '', NULL, '任务分组列表');
INSERT INTO `sys_dict_type` VALUES (6, '系统是否', 'sys_yes_no', '0', 'admin', '2025-12-28 13:46:34', '', NULL, '系统是否列表');
INSERT INTO `sys_dict_type` VALUES (7, '通知类型', 'sys_notice_type', '0', 'admin', '2025-12-28 13:46:34', '', NULL, '通知类型列表');
INSERT INTO `sys_dict_type` VALUES (8, '通知状态', 'sys_notice_status', '0', 'admin', '2025-12-28 13:46:34', '', NULL, '通知状态列表');
INSERT INTO `sys_dict_type` VALUES (9, '操作类型', 'sys_oper_type', '0', 'admin', '2025-12-28 13:46:34', '', NULL, '操作类型列表');
INSERT INTO `sys_dict_type` VALUES (10, '系统状态', 'sys_common_status', '0', 'admin', '2025-12-28 13:46:34', '', NULL, '登录状态列表');
INSERT INTO `sys_dict_type` VALUES (100, '删除标识', 'is_delete_status', '0', 'admin', '2026-01-12 15:57:49', '', NULL, '删除标识：0未删除 2 删除');

-- ----------------------------
-- Table structure for sys_job
-- ----------------------------
DROP TABLE IF EXISTS `sys_job`;
CREATE TABLE `sys_job`  (
  `job_id` bigint(20) NOT NULL AUTO_INCREMENT COMMENT '任务ID',
  `job_name` varchar(64) CHARACTER SET utf8mb4 COLLATE utf8mb4_unicode_ci NOT NULL DEFAULT '' COMMENT '任务名称',
  `job_group` varchar(64) CHARACTER SET utf8mb4 COLLATE utf8mb4_unicode_ci NOT NULL DEFAULT 'DEFAULT' COMMENT '任务组名',
  `invoke_target` varchar(500) CHARACTER SET utf8mb4 COLLATE utf8mb4_unicode_ci NOT NULL COMMENT '调用目标字符串',
  `cron_expression` varchar(255) CHARACTER SET utf8mb4 COLLATE utf8mb4_unicode_ci NULL DEFAULT '' COMMENT 'cron执行表达式',
  `misfire_policy` varchar(20) CHARACTER SET utf8mb4 COLLATE utf8mb4_unicode_ci NULL DEFAULT '3' COMMENT '计划执行错误策略（1立即执行 2执行一次 3放弃执行）',
  `concurrent` char(1) CHARACTER SET utf8mb4 COLLATE utf8mb4_unicode_ci NULL DEFAULT '1' COMMENT '是否并发执行（0允许 1禁止）',
  `status` char(1) CHARACTER SET utf8mb4 COLLATE utf8mb4_unicode_ci NULL DEFAULT '0' COMMENT '状态（0正常 1暂停）',
  `create_by` varchar(64) CHARACTER SET utf8mb4 COLLATE utf8mb4_unicode_ci NULL DEFAULT '' COMMENT '创建者',
  `create_time` datetime(0) NULL DEFAULT NULL COMMENT '创建时间',
  `update_by` varchar(64) CHARACTER SET utf8mb4 COLLATE utf8mb4_unicode_ci NULL DEFAULT '' COMMENT '更新者',
  `update_time` datetime(0) NULL DEFAULT NULL COMMENT '更新时间',
  `remark` varchar(500) CHARACTER SET utf8mb4 COLLATE utf8mb4_unicode_ci NULL DEFAULT '' COMMENT '备注信息',
  PRIMARY KEY (`job_id`, `job_name`, `job_group`) USING BTREE
) ENGINE = InnoDB AUTO_INCREMENT = 1 CHARACTER SET = utf8mb4 COLLATE = utf8mb4_unicode_ci COMMENT = '定时任务调度表' ROW_FORMAT = Dynamic;

-- ----------------------------
-- Records of sys_job
-- ----------------------------

-- ----------------------------
-- Table structure for sys_job_log
-- ----------------------------
DROP TABLE IF EXISTS `sys_job_log`;
CREATE TABLE `sys_job_log`  (
  `job_log_id` bigint(20) NOT NULL AUTO_INCREMENT COMMENT '任务日志ID',
  `job_name` varchar(64) CHARACTER SET utf8mb4 COLLATE utf8mb4_unicode_ci NOT NULL COMMENT '任务名称',
  `job_group` varchar(64) CHARACTER SET utf8mb4 COLLATE utf8mb4_unicode_ci NOT NULL COMMENT '任务组名',
  `invoke_target` varchar(500) CHARACTER SET utf8mb4 COLLATE utf8mb4_unicode_ci NOT NULL COMMENT '调用目标字符串',
  `job_message` varchar(500) CHARACTER SET utf8mb4 COLLATE utf8mb4_unicode_ci NULL DEFAULT NULL COMMENT '日志信息',
  `status` char(1) CHARACTER SET utf8mb4 COLLATE utf8mb4_unicode_ci NULL DEFAULT '0' COMMENT '执行状态（0正常 1失败）',
  `exception_info` varchar(2000) CHARACTER SET utf8mb4 COLLATE utf8mb4_unicode_ci NULL DEFAULT '' COMMENT '异常信息',
  `create_time` datetime(0) NULL DEFAULT NULL COMMENT '创建时间',
  PRIMARY KEY (`job_log_id`) USING BTREE
) ENGINE = InnoDB AUTO_INCREMENT = 1 CHARACTER SET = utf8mb4 COLLATE = utf8mb4_unicode_ci COMMENT = '定时任务调度日志表' ROW_FORMAT = Dynamic;

-- ----------------------------
-- Records of sys_job_log
-- ----------------------------

-- ----------------------------
-- Table structure for sys_logininfor
-- ----------------------------
DROP TABLE IF EXISTS `sys_logininfor`;
CREATE TABLE `sys_logininfor`  (
  `info_id` bigint(20) NOT NULL AUTO_INCREMENT COMMENT '访问ID',
  `user_name` varchar(50) CHARACTER SET utf8mb4 COLLATE utf8mb4_unicode_ci NULL DEFAULT '' COMMENT '用户账号',
  `ipaddr` varchar(128) CHARACTER SET utf8mb4 COLLATE utf8mb4_unicode_ci NULL DEFAULT '' COMMENT '登录IP地址',
  `login_location` varchar(255) CHARACTER SET utf8mb4 COLLATE utf8mb4_unicode_ci NULL DEFAULT '' COMMENT '登录地点',
  `browser` varchar(50) CHARACTER SET utf8mb4 COLLATE utf8mb4_unicode_ci NULL DEFAULT '' COMMENT '浏览器类型',
  `os` varchar(50) CHARACTER SET utf8mb4 COLLATE utf8mb4_unicode_ci NULL DEFAULT '' COMMENT '操作系统',
  `status` char(1) CHARACTER SET utf8mb4 COLLATE utf8mb4_unicode_ci NULL DEFAULT '0' COMMENT '登录状态（0成功 1失败）',
  `msg` varchar(255) CHARACTER SET utf8mb4 COLLATE utf8mb4_unicode_ci NULL DEFAULT '' COMMENT '提示消息',
  `login_time` datetime(0) NULL DEFAULT NULL COMMENT '访问时间',
  PRIMARY KEY (`info_id`) USING BTREE,
  INDEX `idx_sys_logininfor_s`(`status`) USING BTREE,
  INDEX `idx_sys_logininfor_lt`(`login_time`) USING BTREE
) ENGINE = InnoDB AUTO_INCREMENT = 56 CHARACTER SET = utf8mb4 COLLATE = utf8mb4_unicode_ci COMMENT = '系统访问记录' ROW_FORMAT = Dynamic;

-- ----------------------------
-- Records of sys_logininfor
-- ----------------------------
INSERT INTO `sys_logininfor` VALUES (10, 'admin', '0:0:0:0:0:0:0:1', '内网IP', 'Chrome 143', 'Windows 10/11', '0', '登录成功', '2026-01-23 15:10:47');
INSERT INTO `sys_logininfor` VALUES (11, 'user', '0:0:0:0:0:0:0:1', '内网IP', 'Chrome 143', 'Windows 10/11', '0', '登录成功', '2026-01-23 16:29:06');
INSERT INTO `sys_logininfor` VALUES (12, 'admin', '0:0:0:0:0:0:0:1', '内网IP', 'Chrome 143', 'Windows 10/11', '0', '登录成功', '2026-01-23 16:29:49');
INSERT INTO `sys_logininfor` VALUES (13, 'user', '0:0:0:0:0:0:0:1', '内网IP', 'Chrome 143', 'Windows 10/11', '0', '登录成功', '2026-01-23 16:31:52');
INSERT INTO `sys_logininfor` VALUES (14, 'admin', '0:0:0:0:0:0:0:1', '内网IP', 'Edge 144', 'Windows 10/11', '0', '登录成功', '2026-01-23 16:32:49');
INSERT INTO `sys_logininfor` VALUES (15, 'user', '0:0:0:0:0:0:0:1', '内网IP', 'Chrome 143', 'Windows 10/11', '0', '登录成功', '2026-01-23 17:03:27');
INSERT INTO `sys_logininfor` VALUES (16, 'user', '0:0:0:0:0:0:0:1', '内网IP', 'Chrome 143', 'Windows 10/11', '0', '登录成功', '2026-01-23 17:05:43');
INSERT INTO `sys_logininfor` VALUES (17, 'user', '0:0:0:0:0:0:0:1', '内网IP', 'Chrome 143', 'Windows 10/11', '1', '登录异常: Error in execution', '2026-01-23 18:15:28');
INSERT INTO `sys_logininfor` VALUES (18, 'user', '0:0:0:0:0:0:0:1', '内网IP', 'Chrome 143', 'Windows 10/11', '1', '登录异常: Error in execution', '2026-01-23 18:15:29');
INSERT INTO `sys_logininfor` VALUES (19, 'user', '0:0:0:0:0:0:0:1', '内网IP', 'Chrome 143', 'Windows 10/11', '1', '登录异常: Error in execution', '2026-01-23 18:15:31');
INSERT INTO `sys_logininfor` VALUES (20, 'user', '0:0:0:0:0:0:0:1', '内网IP', 'Chrome 143', 'Windows 10/11', '1', '登录异常: Error in execution', '2026-01-23 18:15:35');
INSERT INTO `sys_logininfor` VALUES (21, 'user', '0:0:0:0:0:0:0:1', '内网IP', 'Chrome 143', 'Windows 10/11', '1', '登录异常: Error in execution', '2026-01-23 18:15:47');
INSERT INTO `sys_logininfor` VALUES (22, 'user', '0:0:0:0:0:0:0:1', '内网IP', 'Chrome 143', 'Windows 10/11', '1', '登录异常: Error in execution', '2026-01-23 18:15:48');
INSERT INTO `sys_logininfor` VALUES (23, 'user', '0:0:0:0:0:0:0:1', '内网IP', 'Chrome 143', 'Windows 10/11', '1', '登录异常: Error in execution', '2026-01-23 18:15:50');
INSERT INTO `sys_logininfor` VALUES (24, 'user', '0:0:0:0:0:0:0:1', '内网IP', 'Chrome 143', 'Windows 10/11', '1', '登录异常: Error in execution', '2026-01-23 18:15:54');
INSERT INTO `sys_logininfor` VALUES (25, 'user', '0:0:0:0:0:0:0:1', '内网IP', 'Chrome 143', 'Windows 10/11', '1', '登录异常: Error in execution', '2026-01-23 18:16:53');
INSERT INTO `sys_logininfor` VALUES (26, 'user', '0:0:0:0:0:0:0:1', '内网IP', 'Chrome 143', 'Windows 10/11', '1', '登录异常: Error in execution', '2026-01-23 18:16:54');
INSERT INTO `sys_logininfor` VALUES (27, 'user', '0:0:0:0:0:0:0:1', '内网IP', 'Chrome 143', 'Windows 10/11', '1', '登录异常: Error in execution', '2026-01-23 18:16:56');
INSERT INTO `sys_logininfor` VALUES (28, 'user', '0:0:0:0:0:0:0:1', '内网IP', 'Chrome 143', 'Windows 10/11', '1', '登录异常: Error in execution', '2026-01-23 18:17:00');
INSERT INTO `sys_logininfor` VALUES (29, 'user', '0:0:0:0:0:0:0:1', '内网IP', 'Chrome 143', 'Windows 10/11', '0', '登录成功', '2026-01-23 18:20:10');
INSERT INTO `sys_logininfor` VALUES (30, 'user', '0:0:0:0:0:0:0:1', '内网IP', 'Chrome 143', 'Windows 10/11', '0', '登录成功', '2026-01-23 18:25:30');
INSERT INTO `sys_logininfor` VALUES (31, 'test', '0:0:0:0:0:0:0:1', '内网IP', 'Chrome 143', 'Windows 10/11', '1', '用户名或密码错误', '2026-01-23 18:34:00');
INSERT INTO `sys_logininfor` VALUES (32, 'test', '0:0:0:0:0:0:0:1', '内网IP', 'Chrome 143', 'Windows 10/11', '1', '用户名或密码错误', '2026-01-23 18:34:38');
INSERT INTO `sys_logininfor` VALUES (33, 'test', '0:0:0:0:0:0:0:1', '内网IP', 'Chrome 143', 'Windows 10/11', '1', '用户名或密码错误', '2026-01-23 18:35:10');
INSERT INTO `sys_logininfor` VALUES (34, 'test', '0:0:0:0:0:0:0:1', '内网IP', 'Chrome 143', 'Windows 10/11', '1', '用户名或密码错误', '2026-01-23 18:35:28');
INSERT INTO `sys_logininfor` VALUES (35, 'test', '0:0:0:0:0:0:0:1', '内网IP', 'Chrome 143', 'Windows 10/11', '1', '用户名或密码错误', '2026-01-23 18:36:31');
INSERT INTO `sys_logininfor` VALUES (36, 'test', '0:0:0:0:0:0:0:1', '内网IP', 'Chrome 143', 'Windows 10/11', '0', '登录成功', '2026-01-23 18:41:39');
INSERT INTO `sys_logininfor` VALUES (37, 'test', '0:0:0:0:0:0:0:1', '内网IP', 'Chrome 143', 'Windows 10/11', '1', '用户名或密码错误', '2026-01-23 18:52:55');
INSERT INTO `sys_logininfor` VALUES (38, 'test', '0:0:0:0:0:0:0:1', '内网IP', 'Chrome 143', 'Windows 10/11', '1', '用户名或密码错误', '2026-01-23 18:53:30');
INSERT INTO `sys_logininfor` VALUES (39, 'test', '0:0:0:0:0:0:0:1', '内网IP', 'Chrome 143', 'Windows 10/11', '1', '用户名或密码错误', '2026-01-23 18:53:41');
INSERT INTO `sys_logininfor` VALUES (40, 'test', '0:0:0:0:0:0:0:1', '内网IP', 'Chrome 143', 'Windows 10/11', '1', '用户名或密码错误', '2026-01-23 18:53:46');
INSERT INTO `sys_logininfor` VALUES (41, 'test', '0:0:0:0:0:0:0:1', '内网IP', 'Chrome 143', 'Windows 10/11', '1', '用户名或密码错误', '2026-01-23 18:53:51');
INSERT INTO `sys_logininfor` VALUES (42, 'test', '0:0:0:0:0:0:0:1', '内网IP', 'Chrome 143', 'Windows 10/11', '1', '登录异常: class java.lang.String cannot be cast to class com.star.pivot.system.service.AccountLockService$AccountLockInfo (java.lang.String is in module java.base of loader \'bootstrap\'; com.star.pivot.system.service.AccountLockService$AccountLockInfo is i...', '2026-01-23 18:58:44');
INSERT INTO `sys_logininfor` VALUES (43, 'test', '0:0:0:0:0:0:0:1', '内网IP', 'Chrome 143', 'Windows 10/11', '1', '登录异常: class java.lang.String cannot be cast to class com.star.pivot.system.service.AccountLockService$AccountLockInfo (java.lang.String is in module java.base of loader \'bootstrap\'; com.star.pivot.system.service.AccountLockService$AccountLockInfo is i...', '2026-01-23 18:58:45');
INSERT INTO `sys_logininfor` VALUES (44, 'test', '0:0:0:0:0:0:0:1', '内网IP', 'Chrome 143', 'Windows 10/11', '1', '登录异常: class java.lang.String cannot be cast to class com.star.pivot.system.service.AccountLockService$AccountLockInfo (java.lang.String is in module java.base of loader \'bootstrap\'; com.star.pivot.system.service.AccountLockService$AccountLockInfo is i...', '2026-01-23 18:58:47');
INSERT INTO `sys_logininfor` VALUES (45, 'test', '0:0:0:0:0:0:0:1', '内网IP', 'Chrome 143', 'Windows 10/11', '1', '登录异常: class java.lang.String cannot be cast to class com.star.pivot.system.service.AccountLockService$AccountLockInfo (java.lang.String is in module java.base of loader \'bootstrap\'; com.star.pivot.system.service.AccountLockService$AccountLockInfo is i...', '2026-01-23 18:58:51');
INSERT INTO `sys_logininfor` VALUES (46, 'test', '0:0:0:0:0:0:0:1', '内网IP', 'Chrome 143', 'Windows 10/11', '0', '登录成功', '2026-01-23 18:59:12');
INSERT INTO `sys_logininfor` VALUES (47, 'test', '0:0:0:0:0:0:0:1', '内网IP', 'Chrome 143', 'Windows 10/11', '1', '用户名或密码错误', '2026-01-23 19:05:45');
INSERT INTO `sys_logininfor` VALUES (48, 'test', '0:0:0:0:0:0:0:1', '内网IP', 'Chrome 143', 'Windows 10/11', '1', '用户名或密码错误', '2026-01-23 19:06:12');
INSERT INTO `sys_logininfor` VALUES (49, 'test', '0:0:0:0:0:0:0:1', '内网IP', 'Chrome 143', 'Windows 10/11', '1', '用户名或密码错误', '2026-01-23 19:06:18');
INSERT INTO `sys_logininfor` VALUES (50, 'test', '0:0:0:0:0:0:0:1', '内网IP', 'Chrome 143', 'Windows 10/11', '1', '用户名或密码错误', '2026-01-23 19:06:23');
INSERT INTO `sys_logininfor` VALUES (51, 'test', '0:0:0:0:0:0:0:1', '内网IP', 'Chrome 143', 'Windows 10/11', '1', '用户名或密码错误', '2026-01-23 19:06:34');
INSERT INTO `sys_logininfor` VALUES (52, 'test', '0:0:0:0:0:0:0:1', '内网IP', 'Chrome 143', 'Windows 10/11', '0', '登录成功', '2026-01-23 19:07:34');
INSERT INTO `sys_logininfor` VALUES (53, 'admin', '0:0:0:0:0:0:0:1', '内网IP', 'Chrome 143', 'Windows 10/11', '0', '登录成功', '2026-01-23 21:18:23');
INSERT INTO `sys_logininfor` VALUES (54, 'xinxin', '0:0:0:0:0:0:0:1', '内网IP', 'Chrome 143', 'Windows 10/11', '0', '登录成功', '2026-01-23 23:38:50');
INSERT INTO `sys_logininfor` VALUES (55, 'admin', '0:0:0:0:0:0:0:1', '内网IP', 'Chrome 143', 'Windows 10/11', '0', '登录成功', '2026-01-24 00:20:22');

-- ----------------------------
-- Table structure for sys_menu
-- ----------------------------
DROP TABLE IF EXISTS `sys_menu`;
CREATE TABLE `sys_menu`  (
  `menu_id` bigint(20) NOT NULL AUTO_INCREMENT COMMENT '菜单ID',
  `menu_name` varchar(50) CHARACTER SET utf8mb4 COLLATE utf8mb4_unicode_ci NOT NULL COMMENT '菜单名称',
  `parent_id` bigint(20) NULL DEFAULT 0 COMMENT '父菜单ID',
  `order_num` int(4) NULL DEFAULT 0 COMMENT '显示顺序',
  `path` varchar(200) CHARACTER SET utf8mb4 COLLATE utf8mb4_unicode_ci NULL DEFAULT '' COMMENT '路由地址',
  `component` varchar(255) CHARACTER SET utf8mb4 COLLATE utf8mb4_unicode_ci NULL DEFAULT NULL COMMENT '组件路径',
  `query` varchar(255) CHARACTER SET utf8mb4 COLLATE utf8mb4_unicode_ci NULL DEFAULT NULL COMMENT '路由参数',
  `route_name` varchar(50) CHARACTER SET utf8mb4 COLLATE utf8mb4_unicode_ci NULL DEFAULT '' COMMENT '路由名称',
  `is_frame` int(1) NULL DEFAULT 1 COMMENT '是否为外链（0是 1否）',
  `is_cache` int(1) NULL DEFAULT 0 COMMENT '是否缓存（0缓存 1不缓存）',
  `menu_type` char(1) CHARACTER SET utf8mb4 COLLATE utf8mb4_unicode_ci NULL DEFAULT '' COMMENT '菜单类型（M目录 C菜单 F按钮）',
  `visible` char(1) CHARACTER SET utf8mb4 COLLATE utf8mb4_unicode_ci NULL DEFAULT '0' COMMENT '菜单状态（0显示 1隐藏）',
  `status` char(1) CHARACTER SET utf8mb4 COLLATE utf8mb4_unicode_ci NULL DEFAULT '0' COMMENT '菜单状态（0正常 1停用）',
  `perms` varchar(100) CHARACTER SET utf8mb4 COLLATE utf8mb4_unicode_ci NULL DEFAULT NULL COMMENT '权限标识',
  `icon` varchar(100) CHARACTER SET utf8mb4 COLLATE utf8mb4_unicode_ci NULL DEFAULT '#' COMMENT '菜单图标',
  `create_by` varchar(64) CHARACTER SET utf8mb4 COLLATE utf8mb4_unicode_ci NULL DEFAULT '' COMMENT '创建者',
  `create_time` datetime(0) NULL DEFAULT NULL COMMENT '创建时间',
  `update_by` varchar(64) CHARACTER SET utf8mb4 COLLATE utf8mb4_unicode_ci NULL DEFAULT '' COMMENT '更新者',
  `update_time` datetime(0) NULL DEFAULT NULL COMMENT '更新时间',
  `remark` varchar(500) CHARACTER SET utf8mb4 COLLATE utf8mb4_unicode_ci NULL DEFAULT '' COMMENT '备注',
  PRIMARY KEY (`menu_id`) USING BTREE
) ENGINE = InnoDB AUTO_INCREMENT = 93 CHARACTER SET = utf8mb4 COLLATE = utf8mb4_unicode_ci COMMENT = '菜单权限表' ROW_FORMAT = Dynamic;

-- ----------------------------
-- Records of sys_menu
-- ----------------------------
INSERT INTO `sys_menu` VALUES (1, '仪表盘', 0, 1, '/dashboard', '/index/index', NULL, 'Dashboard', 1, 1, 'M', '0', '0', NULL, 'ri:pie-chart-line', 'system', '2025-12-31 16:34:16', '', NULL, '仪表盘模块');
INSERT INTO `sys_menu` VALUES (2, '系统管理', 0, 2, '/system', '/index/index', NULL, 'System', 1, 1, 'M', '0', '0', NULL, 'uil:setting', 'system', '2025-12-31 16:34:16', '', '2026-01-02 21:36:28', '系统管理模块');
INSERT INTO `sys_menu` VALUES (3, '控制台', 1, 1, 'console', '/dashboard/console', NULL, 'DashboardConsole', 1, 1, 'C', '0', '0', NULL, 'ix:dashboard', 'system', '2025-12-31 16:34:16', '', '2026-01-02 21:49:40', '控制台模块');
INSERT INTO `sys_menu` VALUES (4, '菜单管理', 2, 1, 'menu', '/system/menu', NULL, 'SystemMenu', 1, 1, 'C', '0', '0', 'system:menu:list', 'ep:menu', 'system', '2025-12-31 16:34:16', '', '2026-01-02 21:12:33', '菜单管理模块');
INSERT INTO `sys_menu` VALUES (5, '角色管理', 2, 2, 'role', '/system/role', NULL, 'SystemRole', 1, 1, 'C', '0', '0', 'system:role:list', 'oui:app-users-roles', 'system', '2025-12-31 16:34:16', '', '2026-01-02 21:30:56', '角色管理模块');
INSERT INTO `sys_menu` VALUES (6, '用户管理', 2, 3, 'user', '/system/user', NULL, 'SystemUser', 1, 1, 'C', '0', '0', 'system:user:list', 'mdi:user', 'system', '2025-12-31 16:34:16', '', '2026-01-02 21:31:51', '用户管理模块');
INSERT INTO `sys_menu` VALUES (7, '个人中心', 2, 14, 'user-center', '/system/user-center', NULL, 'SystemUserCenter', 1, 1, 'C', '1', '1', 'system:user-center:list', 'ri:profile-line', 'system', '2025-12-31 16:34:16', 'admin', '2026-01-23 13:48:52', '个人中心模块');
INSERT INTO `sys_menu` VALUES (8, '部门管理', 2, 4, 'dept', '/system/dept', NULL, 'SystemDept', 1, 1, 'C', '0', '0', 'system:dept:list', 'ri:organization-chart', '', '2026-01-02 21:04:34', '', '2026-01-02 21:36:43', '部门管理模块');
INSERT INTO `sys_menu` VALUES (9, '岗位管理', 2, 5, 'post', '/system/post/index', NULL, 'PostManage', 1, 1, 'C', '0', '0', 'system:post:list', 'picon:post', 'xinxin', '2026-01-04 19:23:51', 'xinxin', '2026-01-04 19:25:02', '岗位管理模块');
INSERT INTO `sys_menu` VALUES (12, '字典管理', 2, 6, 'dict', '/system/dict/index', NULL, 'DictManage', 1, 1, 'C', '0', '0', 'system:type:list', 'arcticons:zdict', 'admin', '2026-01-05 12:28:54', 'admin', '2026-01-19 21:37:20', '字典管理模块。有：字典数据   字典类型');
INSERT INTO `sys_menu` VALUES (39, '新增用户', 6, 1, '', '', NULL, '', 1, 1, 'F', '0', '0', 'system:user:add', '#', 'admin', '2026-01-12 16:42:30', 'admin', '2026-01-16 20:42:35', '新增用户按钮');
INSERT INTO `sys_menu` VALUES (40, '修改用户', 6, 3, '', '', NULL, '', 1, 1, 'F', '0', '0', 'system:user:edit', '#', 'admin', '2026-01-12 17:30:37', 'admin', '2026-01-16 20:42:26', '修改用户  按钮');
INSERT INTO `sys_menu` VALUES (41, '删除用户', 6, 4, '', '', NULL, '', 1, 1, 'F', '0', '0', 'system:user:delete', '#', 'admin', '2026-01-12 17:31:11', 'admin', '2026-01-16 20:42:39', '删除用户按钮');
INSERT INTO `sys_menu` VALUES (42, '新增角色', 5, 1, '', '', NULL, '', 1, 1, 'F', '0', '0', 'system:role:add', '#', 'admin', '2026-01-12 17:32:13', '', NULL, '新增角色按钮');
INSERT INTO `sys_menu` VALUES (43, '修改角色', 5, 2, '', '', NULL, '', 1, 1, 'F', '0', '0', 'system:role:edit', '#', 'admin', '2026-01-12 17:32:45', '', NULL, '修改角色按钮');
INSERT INTO `sys_menu` VALUES (44, '删除角色', 5, 3, '', '', NULL, '', 1, 1, 'F', '0', '0', 'system:role:delete', '#', 'admin', '2026-01-12 17:33:14', '', NULL, '删除角色按钮');
INSERT INTO `sys_menu` VALUES (45, '角色查询', 5, 4, '', '', NULL, '', 1, 1, 'F', '0', '0', 'system:role:query', '#', 'admin', '2026-01-12 17:34:57', '', NULL, '角色查询 按钮');
INSERT INTO `sys_menu` VALUES (46, '用户查询', 6, 5, '', '', NULL, '', 1, 1, 'F', '0', '0', 'system:user:query', '#', 'admin', '2026-01-12 17:35:27', 'admin', '2026-01-16 20:42:43', '用户查询按钮');
INSERT INTO `sys_menu` VALUES (47, '部门查询', 8, 1, '', '', NULL, '', 1, 1, 'F', '0', '0', 'system:dept:query', '#', 'admin', '2026-01-12 17:35:58', '', NULL, '部门查询按钮');
INSERT INTO `sys_menu` VALUES (48, '部门新增', 8, 2, '', '', NULL, '', 1, 1, 'F', '0', '0', 'system:dept:add', '#', 'admin', '2026-01-12 17:36:28', '', NULL, '部门新增');
INSERT INTO `sys_menu` VALUES (49, '部门修改', 8, 3, '', '', NULL, '', 1, 1, 'F', '0', '0', 'system:dept:edit', '#', 'admin', '2026-01-12 17:36:49', '', NULL, '部门修改');
INSERT INTO `sys_menu` VALUES (50, '部门删除', 8, 4, '', '', NULL, '', 1, 1, 'F', '0', '0', 'system:dept:delete', '#', 'admin', '2026-01-12 17:37:21', '', NULL, '部门删除');
INSERT INTO `sys_menu` VALUES (51, '岗位查询', 9, 1, '', '', NULL, '', 1, 1, 'F', '0', '0', 'system:post:query', '#', 'admin', '2026-01-12 17:37:47', '', NULL, '岗位查询');
INSERT INTO `sys_menu` VALUES (52, '岗位新增', 9, 2, '', '', NULL, '', 1, 1, 'F', '0', '0', 'system:post:add', '#', 'admin', '2026-01-12 17:38:09', '', NULL, '岗位新增');
INSERT INTO `sys_menu` VALUES (53, '岗位修改', 9, 3, '', '', NULL, '', 1, 1, 'F', '0', '0', 'system:post:edit', '#', 'admin', '2026-01-12 17:38:46', '', NULL, '岗位修改');
INSERT INTO `sys_menu` VALUES (54, '岗位删除', 9, 4, '', '', NULL, '', 1, 1, 'F', '0', '0', 'system:post:delete', '#', 'admin', '2026-01-12 17:39:04', '', NULL, '岗位删除');
INSERT INTO `sys_menu` VALUES (55, '菜单查询', 4, 1, '', '', NULL, '', 1, 1, 'F', '0', '0', 'system:menu:query', '#', 'admin', '2026-01-12 17:39:26', '', NULL, '菜单查询');
INSERT INTO `sys_menu` VALUES (56, '菜单添加', 4, 2, '', '', NULL, '', 1, 1, 'F', '0', '0', 'system:menu:add', '#', 'admin', '2026-01-12 17:39:50', '', NULL, '菜单添加');
INSERT INTO `sys_menu` VALUES (57, '菜单修改', 4, 3, '', '', NULL, '', 1, 1, 'F', '0', '0', 'system:menu:edit', '#', 'admin', '2026-01-12 17:40:05', '', NULL, '菜单修改');
INSERT INTO `sys_menu` VALUES (58, '菜单删除', 4, 4, '', '', NULL, '', 1, 1, 'F', '0', '0', 'system:menu:delete', '#', 'admin', '2026-01-12 17:40:27', '', NULL, '菜单删除');
INSERT INTO `sys_menu` VALUES (59, '修改密码', 6, 6, '', '', NULL, '', 1, 1, 'F', '0', '0', 'system:user:resetPwd', '#', 'admin', '2026-01-16 18:10:55', 'admin', '2026-01-16 20:42:48', '修改密码');
INSERT INTO `sys_menu` VALUES (60, '修改状态', 6, 2, '', '', NULL, '', 1, 1, 'F', '0', '0', 'system:user:changeStatus', '#', 'admin', '2026-01-16 18:11:22', 'admin', '2026-01-16 20:42:31', '修改状态');
INSERT INTO `sys_menu` VALUES (61, '分配数据权限', 5, 5, '', '', NULL, '', 1, 1, 'F', '0', '0', 'system:role:assignDataScope', '#', 'admin', '2026-01-16 19:04:22', 'admin', '2026-01-23 20:57:15', '分配角色');
INSERT INTO `sys_menu` VALUES (62, '字典类型添加', 12, 1, '', '', NULL, '', 1, 1, 'F', '0', '0', 'system:type:add', '#', 'admin', '2026-01-16 19:08:40', 'admin', '2026-01-16 19:33:35', '字典类型添加');
INSERT INTO `sys_menu` VALUES (63, '字典类型修改', 12, 2, '', '', NULL, '', 1, 1, 'F', '0', '0', 'system:type:edit', '#', 'admin', '2026-01-16 19:09:04', 'admin', '2026-01-16 19:33:43', '字典类型修改');
INSERT INTO `sys_menu` VALUES (64, '字典类型删除', 12, 3, '', '', NULL, '', 1, 1, 'F', '0', '0', 'system:type:delete', '#', 'admin', '2026-01-16 19:09:27', 'admin', '2026-01-16 19:33:48', '字典类型删除');
INSERT INTO `sys_menu` VALUES (65, '字典数据', 2, 7, 'data', '/system/dict/dict-data', 'dictType', 'DictData', 1, 1, 'C', '1', '1', 'system:data:list', 'arcticons:js-dict', 'admin', '2026-01-16 19:25:20', 'admin', '2026-01-16 20:41:19', '字典数据');
INSERT INTO `sys_menu` VALUES (66, '字典数据添加', 12, 5, '', '', NULL, '', 1, 1, 'F', '0', '0', 'system:data:add', '#', 'admin', '2026-01-16 19:31:42', '', NULL, '字典数据添加');
INSERT INTO `sys_menu` VALUES (67, '字典数据修改', 12, 6, '', '', NULL, '', 1, 1, 'F', '0', '0', 'system:data:edit', '#', 'admin', '2026-01-16 19:32:19', '', NULL, '字典数据修改');
INSERT INTO `sys_menu` VALUES (68, '字典数据删除', 12, 7, '', '', NULL, '', 1, 1, 'F', '0', '0', 'system:data:delete', '#', 'admin', '2026-01-16 19:32:51', '', NULL, '字典数据删除');
INSERT INTO `sys_menu` VALUES (69, '字典类型查询', 12, 4, '', '', NULL, '', 1, 1, 'F', '0', '0', 'system:type:query', '#', 'admin', '2026-01-19 21:33:21', '', NULL, '字典类型查询');
INSERT INTO `sys_menu` VALUES (70, '字典数据查询', 12, 8, '', '', NULL, '', 1, 1, 'F', '0', '0', 'system:data:query', '#', 'admin', '2026-01-19 21:33:59', '', NULL, '字典数据查询');
INSERT INTO `sys_menu` VALUES (71, '系统工具', 0, 3, '/tools', '', NULL, 'SystemTools', 1, 1, 'M', '0', '0', '', 'clarity:tools-line', 'admin', '2026-01-20 13:08:43', '', NULL, '系统工具');
INSERT INTO `sys_menu` VALUES (72, '代码生成', 71, 1, 'generator', '/tools/generator/index', NULL, 'GenerateTools', 1, 1, 'C', '0', '0', 'tools:generator:list', 'mdi:generator-mobile', 'admin', '2026-01-20 13:15:59', 'admin', '2026-01-20 13:25:42', '代码生成');
INSERT INTO `sys_menu` VALUES (73, '列表查询', 72, 1, '', '', NULL, '', 1, 1, 'F', '0', '0', 'tool:gen:query', '#', 'admin', '2026-01-20 14:56:43', '', NULL, '列表查询');
INSERT INTO `sys_menu` VALUES (74, '日志管理', 2, 8, 'log', '', NULL, 'LogManager', 1, 1, 'M', '0', '0', '', 'mdi:math-log', 'admin', '2026-01-23 13:37:05', 'admin', '2026-01-23 13:47:13', '');
INSERT INTO `sys_menu` VALUES (75, '操作日志', 74, 1, 'oper', '/system/log/oper/index', NULL, 'OperLog', 1, 1, 'C', '0', '0', 'system:log:list', 'icon-park-solid:log', 'admin', '2026-01-23 13:40:41', '', NULL, '操作日志');
INSERT INTO `sys_menu` VALUES (76, '登录日志', 74, 2, 'login', '/system/log/login/index', NULL, 'LoginInfoLog', 1, 1, 'C', '0', '0', 'system:login:list', 'icon-park-solid:log', 'admin', '2026-01-23 13:51:37', '', NULL, '登录日志');
INSERT INTO `sys_menu` VALUES (77, '清空日志', 75, 2, '', '', NULL, '', 1, 1, 'F', '0', '0', 'system:operlog:delete', '#', 'admin', '2026-01-23 13:57:43', '', NULL, '清空日志');
INSERT INTO `sys_menu` VALUES (78, '日志查询', 75, 1, '', '', NULL, '', 1, 1, 'F', '0', '0', 'system:operlog:query', '#', 'admin', '2026-01-23 13:58:02', '', NULL, '日志查询');
INSERT INTO `sys_menu` VALUES (79, '日志查询', 76, 1, '', '', NULL, '', 1, 1, 'F', '0', '0', 'system:logininfor:query', '#', 'admin', '2026-01-23 14:24:26', '', NULL, '日志查询');
INSERT INTO `sys_menu` VALUES (80, '日志删除', 76, 2, '', '', NULL, '', 1, 1, 'F', '0', '0', 'system:logininfor:delete', '#', 'admin', '2026-01-23 14:24:41', '', NULL, '日志删除');
INSERT INTO `sys_menu` VALUES (81, '预览', 72, 2, '', '', NULL, '', 1, 1, 'F', '0', '0', 'tool:gen:preview', '#', 'admin', '2026-01-23 15:53:25', 'admin', '2026-01-23 19:01:40', '预览');
INSERT INTO `sys_menu` VALUES (82, '编辑', 72, 3, '', '', NULL, '', 1, 1, 'F', '0', '0', 'tool:gen:edit', '#', 'admin', '2026-01-23 15:53:47', 'admin', '2026-01-23 19:01:44', '');
INSERT INTO `sys_menu` VALUES (83, '删除', 72, 4, '', '', NULL, '', 1, 1, 'F', '0', '0', 'tool:gen:delete', '#', 'admin', '2026-01-23 15:54:05', 'admin', '2026-01-23 19:01:48', '');
INSERT INTO `sys_menu` VALUES (84, '同步数据库', 72, 5, '', '', NULL, '', 1, 1, 'F', '0', '0', 'tool:gen:sync', '#', 'admin', '2026-01-23 15:55:18', 'admin', '2026-01-23 19:01:52', '同步数据库');
INSERT INTO `sys_menu` VALUES (85, '生成代码', 72, 6, '', '', NULL, '', 1, 1, 'F', '0', '0', 'tool:gen:create', '#', 'admin', '2026-01-23 15:55:59', 'admin', '2026-01-23 19:01:56', '生成代码\n');
INSERT INTO `sys_menu` VALUES (86, '添加', 72, 1, '', '', NULL, '', 1, 1, 'F', '0', '0', 'tool:gen:add', '#', 'admin', '2026-01-23 15:56:17', 'admin', '2026-01-23 19:01:31', '添加');
INSERT INTO `sys_menu` VALUES (87, '解除锁定', 6, 7, '', '', NULL, '', 1, 1, 'F', '0', '0', 'system:user:unLock', '#', 'admin', '2026-01-23 18:49:56', '', NULL, '解除锁定');
INSERT INTO `sys_menu` VALUES (88, '已分配用户', 5, 6, '', '', NULL, '', 1, 1, 'F', '0', '0', 'system:role:allocatedList', '#', 'admin', '2026-01-23 20:55:10', 'admin', '2026-01-23 22:41:41', '已分配用户');
INSERT INTO `sys_menu` VALUES (89, '未分配用户', 5, 7, '', '', NULL, '', 1, 1, 'F', '0', '0', 'system:role:unallocatedList', '#', 'admin', '2026-01-23 22:41:08', '', NULL, '未分配用户');
INSERT INTO `sys_menu` VALUES (90, '分配用户', 5, 7, '', '', NULL, '', 1, 1, 'F', '0', '0', 'system:role:assignUser', '#', 'admin', '2026-01-23 23:18:49', '', NULL, '分配用户：添加用户角色关联表');
INSERT INTO `sys_menu` VALUES (91, '取消授权', 5, 9, '', '', NULL, '', 1, 1, 'F', '0', '0', 'system:role:cancelUser', '#', 'admin', '2026-01-23 23:26:23', '', NULL, '取消授权');
INSERT INTO `sys_menu` VALUES (92, '导入', 72, 8, '', '', NULL, '', 1, 1, 'F', '0', '0', 'tool:gen:import', '#', 'xinxin', '2026-01-24 00:08:41', '', NULL, '导入');

-- ----------------------------
-- Table structure for sys_notice
-- ----------------------------
DROP TABLE IF EXISTS `sys_notice`;
CREATE TABLE `sys_notice`  (
  `notice_id` int(4) NOT NULL AUTO_INCREMENT COMMENT '公告ID',
  `notice_title` varchar(50) CHARACTER SET utf8mb4 COLLATE utf8mb4_unicode_ci NOT NULL COMMENT '公告标题',
  `notice_type` char(1) CHARACTER SET utf8mb4 COLLATE utf8mb4_unicode_ci NOT NULL COMMENT '公告类型（1通知 2公告）',
  `notice_content` longblob NULL COMMENT '公告内容',
  `status` char(1) CHARACTER SET utf8mb4 COLLATE utf8mb4_unicode_ci NULL DEFAULT '0' COMMENT '公告状态（0正常 1关闭）',
  `create_by` varchar(64) CHARACTER SET utf8mb4 COLLATE utf8mb4_unicode_ci NULL DEFAULT '' COMMENT '创建者',
  `create_time` datetime(0) NULL DEFAULT NULL COMMENT '创建时间',
  `update_by` varchar(64) CHARACTER SET utf8mb4 COLLATE utf8mb4_unicode_ci NULL DEFAULT '' COMMENT '更新者',
  `update_time` datetime(0) NULL DEFAULT NULL COMMENT '更新时间',
  `remark` varchar(255) CHARACTER SET utf8mb4 COLLATE utf8mb4_unicode_ci NULL DEFAULT NULL COMMENT '备注',
  PRIMARY KEY (`notice_id`) USING BTREE
) ENGINE = InnoDB AUTO_INCREMENT = 3 CHARACTER SET = utf8mb4 COLLATE = utf8mb4_unicode_ci COMMENT = '通知公告表' ROW_FORMAT = Dynamic;

-- ----------------------------
-- Records of sys_notice
-- ----------------------------
INSERT INTO `sys_notice` VALUES (1, '温馨提醒：2018-07-01 若依新版本发布啦', '2', 0xE696B0E78988E69CACE58685E5AEB9, '0', 'admin', '2025-12-28 13:46:34', '', NULL, '管理员');
INSERT INTO `sys_notice` VALUES (2, '维护通知：2018-07-01 若依系统凌晨维护', '1', 0xE7BBB4E68AA4E58685E5AEB9, '0', 'admin', '2025-12-28 13:46:34', '', NULL, '管理员');

-- ----------------------------
-- Table structure for sys_oper_log
-- ----------------------------
DROP TABLE IF EXISTS `sys_oper_log`;
CREATE TABLE `sys_oper_log`  (
  `oper_id` bigint(20) NOT NULL AUTO_INCREMENT COMMENT '日志主键',
  `title` varchar(50) CHARACTER SET utf8mb4 COLLATE utf8mb4_unicode_ci NULL DEFAULT '' COMMENT '模块标题',
  `business_type` int(2) NULL DEFAULT 0 COMMENT '业务类型（0其它 1新增 2修改 3删除）',
  `method` varchar(200) CHARACTER SET utf8mb4 COLLATE utf8mb4_unicode_ci NULL DEFAULT '' COMMENT '方法名称',
  `request_method` varchar(10) CHARACTER SET utf8mb4 COLLATE utf8mb4_unicode_ci NULL DEFAULT '' COMMENT '请求方式',
  `operator_type` int(1) NULL DEFAULT 0 COMMENT '操作类别（0其它 1后台用户 2手机端用户）',
  `oper_name` varchar(50) CHARACTER SET utf8mb4 COLLATE utf8mb4_unicode_ci NULL DEFAULT '' COMMENT '操作人员',
  `dept_name` varchar(50) CHARACTER SET utf8mb4 COLLATE utf8mb4_unicode_ci NULL DEFAULT '' COMMENT '部门名称',
  `oper_url` varchar(255) CHARACTER SET utf8mb4 COLLATE utf8mb4_unicode_ci NULL DEFAULT '' COMMENT '请求URL',
  `oper_ip` varchar(128) CHARACTER SET utf8mb4 COLLATE utf8mb4_unicode_ci NULL DEFAULT '' COMMENT '主机地址',
  `oper_location` varchar(255) CHARACTER SET utf8mb4 COLLATE utf8mb4_unicode_ci NULL DEFAULT '' COMMENT '操作地点',
  `oper_param` varchar(2000) CHARACTER SET utf8mb4 COLLATE utf8mb4_unicode_ci NULL DEFAULT '' COMMENT '请求参数',
  `json_result` varchar(2000) CHARACTER SET utf8mb4 COLLATE utf8mb4_unicode_ci NULL DEFAULT '' COMMENT '返回参数',
  `status` int(1) NULL DEFAULT 0 COMMENT '操作状态（0正常 1异常）',
  `error_msg` varchar(2000) CHARACTER SET utf8mb4 COLLATE utf8mb4_unicode_ci NULL DEFAULT '' COMMENT '错误消息',
  `oper_time` datetime(0) NULL DEFAULT NULL COMMENT '操作时间',
  `cost_time` bigint(20) NULL DEFAULT 0 COMMENT '消耗时间',
  PRIMARY KEY (`oper_id`) USING BTREE,
  INDEX `idx_sys_oper_log_bt`(`business_type`) USING BTREE,
  INDEX `idx_sys_oper_log_s`(`status`) USING BTREE,
  INDEX `idx_sys_oper_log_ot`(`oper_time`) USING BTREE
) ENGINE = InnoDB AUTO_INCREMENT = 401 CHARACTER SET = utf8mb4 COLLATE = utf8mb4_unicode_ci COMMENT = '操作日志记录' ROW_FORMAT = Dynamic;

-- ----------------------------
-- Records of sys_oper_log
-- ----------------------------
INSERT INTO `sys_oper_log` VALUES (320, '操作日志', 3, 'com.star.pivot.controller.SysOperLogController.clean()', 'DELETE', 1, 'admin', '研发部门', '/api/sys/operlog/clean', '0:0:0:0:0:0:0:1', '', '', '{\"code\":200,\"message\":\"清空成功\",\"data\":null,\"timestamp\":1769167821419}', 0, '', '2026-01-23 19:30:21', 13);
INSERT INTO `sys_oper_log` VALUES (321, '操作日志', 0, 'com.star.pivot.controller.SysOperLogController.pageList()', 'POST', 1, 'admin', '研发部门', '/api/sys/operlog/pageList', '0:0:0:0:0:0:0:1', '', '[{\"pageNum\":1,\"pageSize\":20,\"title\":null,\"businessType\":null,\"operName\":null,\"status\":null,\"startTime\":null,\"endTime\":null}]', 'Result(code=200, message=操作成功, data=PageResponse(total=1, rows=[OperLogVO(operId=320, title=操作日志, businessType=3, method=com.star.pivot.controller.SysOperLogController.clean(), requestMethod=DELETE, operatorType=1, operName=admin, deptName=研发部门, operUrl=/api/sys/operlog/clean, operIp=0:0:0:0:0:0:0:1, operLocation=, operParam=, jsonResult={\"code\":200,\"message\":\"清空成功\",\"data\":null,\"timestamp\":1769167821419}, status=0, errorMsg=, operTime=2026-01-23T19:30:21, costTime=13)], pageNum=1, pageSize=20, pageCount=1), timestamp=1769167821439)', 0, '', '2026-01-23 19:30:21', 4);
INSERT INTO `sys_oper_log` VALUES (322, '操作日志', 0, 'com.star.pivot.controller.SysOperLogController.pageList()', 'POST', 1, 'admin', '研发部门', '/api/sys/operlog/pageList', '0:0:0:0:0:0:0:1', '', '[{\"pageNum\":1,\"pageSize\":20,\"title\":null,\"businessType\":null,\"operName\":null,\"status\":null,\"startTime\":null,\"endTime\":null}]', 'Result(code=200, message=操作成功, data=PageResponse(total=2, rows=[OperLogVO(operId=321, title=操作日志, businessType=0, method=com.star.pivot.controller.SysOperLogController.pageList(), requestMethod=POST, operatorType=1, operName=admin, deptName=研发部门, operUrl=/api/sys/operlog/pageList, operIp=0:0:0:0:0:0:0:1, operLocation=, operParam=[{\"pageNum\":1,\"pageSize\":20,\"title\":null,\"businessType\":null,\"operName\":null,\"status\":null,\"startTime\":null,\"endTime\":null}], jsonResult=Result(code=200, message=操作成功, data=PageResponse(total=1, rows=[OperLogVO(operId=320, title=操作日志, businessType=3, method=com.star.pivot.controller.SysOperLogController.clean(), requestMethod=DELETE, operatorType=1, operName=admin, deptName=研发部门, operUrl=/api/sys/operlog/clean, operIp=0:0:0:0:0:0:0:1, operLocation=, operParam=, jsonResult={\"code\":200,\"message\":\"清空成功\",\"data\":null,\"timestamp\":1769167821419}, status=0, errorMsg=, operTime=2026-01-23T19:30:21, costTime=13)], pageNum=1, pageSize=20, pageCount=1), timestamp=1769167821439), status=0, errorMsg=, operTime=2026-01-23T19:30:21, costTime=4), OperLogVO(operId=320, title=操作日志, businessType=3, method=com.star.pivot.controller.SysOperLogController.clean(), requestMethod=DELETE, operatorType=1, operName=admin, deptName=研发部门, operUrl=/api/sys/operlog/clean, operIp=0:0:0:0:0:0:0:1, operLocation=, operParam=, jsonResult={\"code\":200,\"message\":\"清空成功\",\"data\":null,\"timestamp\":1769167821419}, status=0, errorMsg=, operTime=2026-01-23T19:30:21, costTime=13)], pageNum=1, pageSize=20, pageCount=1), timestamp=1769167824736)', 0, '', '2026-01-23 19:30:25', 4);
INSERT INTO `sys_oper_log` VALUES (323, '用户管理', 0, 'com.star.pivot.controller.SysUserController.pageList()', 'POST', 1, 'admin', '研发部门', '/api/sys/user/pageList', '0:0:0:0:0:0:0:1', '', '[{\"pageNum\":1,\"pageSize\":20,\"userName\":null,\"nickName\":null,\"sex\":null,\"status\":\"0\",\"phonenumber\":null,\"email\":null,\"deptId\":null}]', 'Result(code=200, message=操作成功, data=PageResponse(total=5, rows=[UserVO(userId=102, deptId=107, deptName=运维部门, userName=zhangsan, nickName=张三, userType=00, email=zhangsan@qq.com, phonenumber=18812345678, sex=1, avatar=http://star-pivot.oss-cn-beijing.aliyuncs.com/user/102/avatar_bfe7b78b-3e54-4a14-be8f-85e74c7abbcb.webp?Expires=1769755945&OSSAccessKeyId=LTAI5tG8uSJeTeuRYEY4x3nG&Signature=45TyVskk5t6gF44mLNV7mfoik7M%3D, status=0, loginIp=, loginDate=null, createTime=2026-01-14T18:04:51, remark=张三-普通员工, roleIds=[2], roleNames=[普通角色], postIds=[4], postNames=[普通员工], isLocked=false), UserVO(userId=101, deptId=105, deptName=测试部门, userName=test, nickName=测试用户, userType=00, email=123@qq.com, phonenumber=18825454547, sex=0, avatar=http://star-pivot.oss-cn-beijing.aliyuncs.com/avatar/101.webp?Expires=1769762054&OSSAccessKeyId=LTAI5tG8uSJeTeuRYEY4x3nG&Signature=GvZLy1UTJI%2BY2hN9YuWbFdJRGNo%3D, status=0, loginIp=, loginDate=null, createTime=2026-01-04T16:50:12, remark=测试用户专属, roleIds=[2], roleNames=[普通角色], postIds=[4], postNames=[普通员工], isLocked=false), UserVO(userId=100, deptId=100, deptName=星枢科技, userName=xinxin, nickName=辛鑫, userType=00, email=1092203240@qq.com, phonenumber=18834581124, sex=0, avatar=http://star-pivot.oss-cn-beijing.aliyuncs.com/avatar/100.png?Expires=1769762102&OSSAccessKeyId=LTAI5tG8uSJeTeuRYEY4x3nG&Signature=tDBMV8iyt8CUYADUsTgefkgG3nE%3D, status=0, loginIp=, loginDate=null, createTime=2026-01-04T15:34:36, remark=作者，超级管理员, roleIds=[1], roleNames=[超级管理员], postIds=[1], postNames=[董事长], isLocked=false), UserVO(userId=1, deptId=103, deptName=研发部门, userName=admin, nickName=超级管理员, userType=00, email=admin@163.com, phonenumber=18518712878, sex=0, avatar=http://star-pivot.oss-cn-beijing.aliyuncs.com/user/1/avatar_37095539-08cc-4144-939d-3bfc21544285.png?Expires=1769755973&OSSAccessKeyId=LTAI5tG8uSJeTeu...', 0, '', '2026-01-23 20:01:09', 785);
INSERT INTO `sys_oper_log` VALUES (324, '操作日志', 0, 'com.star.pivot.controller.SysOperLogController.pageList()', 'POST', 1, 'admin', '研发部门', '/api/sys/operlog/pageList', '0:0:0:0:0:0:0:1', '', '[{\"pageNum\":1,\"pageSize\":20,\"title\":null,\"businessType\":null,\"operName\":null,\"status\":null,\"startTime\":null,\"endTime\":null}]', 'Result(code=200, message=操作成功, data=PageResponse(total=4, rows=[OperLogVO(operId=323, title=用户管理, businessType=0, method=com.star.pivot.controller.SysUserController.pageList(), requestMethod=POST, operatorType=1, operName=admin, deptName=研发部门, operUrl=/api/sys/user/pageList, operIp=0:0:0:0:0:0:0:1, operLocation=, operParam=[{\"pageNum\":1,\"pageSize\":20,\"userName\":null,\"nickName\":null,\"sex\":null,\"status\":\"0\",\"phonenumber\":null,\"email\":null,\"deptId\":null}], jsonResult=Result(code=200, message=操作成功, data=PageResponse(total=5, rows=[UserVO(userId=102, deptId=107, deptName=运维部门, userName=zhangsan, nickName=张三, userType=00, email=zhangsan@qq.com, phonenumber=18812345678, sex=1, avatar=http://star-pivot.oss-cn-beijing.aliyuncs.com/user/102/avatar_bfe7b78b-3e54-4a14-be8f-85e74c7abbcb.webp?Expires=1769755945&OSSAccessKeyId=LTAI5tG8uSJeTeuRYEY4x3nG&Signature=45TyVskk5t6gF44mLNV7mfoik7M%3D, status=0, loginIp=, loginDate=null, createTime=2026-01-14T18:04:51, remark=张三-普通员工, roleIds=[2], roleNames=[普通角色], postIds=[4], postNames=[普通员工], isLocked=false), UserVO(userId=101, deptId=105, deptName=测试部门, userName=test, nickName=测试用户, userType=00, email=123@qq.com, phonenumber=18825454547, sex=0, avatar=http://star-pivot.oss-cn-beijing.aliyuncs.com/avatar/101.webp?Expires=1769762054&OSSAccessKeyId=LTAI5tG8uSJeTeuRYEY4x3nG&Signature=GvZLy1UTJI%2BY2hN9YuWbFdJRGNo%3D, status=0, loginIp=, loginDate=null, createTime=2026-01-04T16:50:12, remark=测试用户专属, roleIds=[2], roleNames=[普通角色], postIds=[4], postNames=[普通员工], isLocked=false), UserVO(userId=100, deptId=100, deptName=星枢科技, userName=xinxin, nickName=辛鑫, userType=00, email=1092203240@qq.com, phonenumber=18834581124, sex=0, avatar=http://star-pivot.oss-cn-beijing.aliyuncs.com/avatar/100.png?Expires=1769762102&OSSAccessKeyId=LTAI5tG8uSJeTeuRYEY4x3nG&Signature=tDBMV8iyt8CUYADUsTgefkgG3nE%3D, status=0, loginIp=, ...', 0, '', '2026-01-23 20:01:15', 15);
INSERT INTO `sys_oper_log` VALUES (325, '操作日志', 0, 'com.star.pivot.controller.SysOperLogController.pageList()', 'POST', 1, 'admin', '研发部门', '/api/sys/operlog/pageList', '0:0:0:0:0:0:0:1', '', '[{\"pageNum\":1,\"pageSize\":20,\"title\":null,\"businessType\":null,\"operName\":null,\"status\":null,\"startTime\":null,\"endTime\":null}]', 'Result(code=200, message=操作成功, data=PageResponse(total=5, rows=[OperLogVO(operId=324, title=操作日志, businessType=0, method=com.star.pivot.controller.SysOperLogController.pageList(), requestMethod=POST, operatorType=1, operName=admin, deptName=研发部门, operUrl=/api/sys/operlog/pageList, operIp=0:0:0:0:0:0:0:1, operLocation=, operParam=[{\"pageNum\":1,\"pageSize\":20,\"title\":null,\"businessType\":null,\"operName\":null,\"status\":null,\"startTime\":null,\"endTime\":null}], jsonResult=Result(code=200, message=操作成功, data=PageResponse(total=4, rows=[OperLogVO(operId=323, title=用户管理, businessType=0, method=com.star.pivot.controller.SysUserController.pageList(), requestMethod=POST, operatorType=1, operName=admin, deptName=研发部门, operUrl=/api/sys/user/pageList, operIp=0:0:0:0:0:0:0:1, operLocation=, operParam=[{\"pageNum\":1,\"pageSize\":20,\"userName\":null,\"nickName\":null,\"sex\":null,\"status\":\"0\",\"phonenumber\":null,\"email\":null,\"deptId\":null}], jsonResult=Result(code=200, message=操作成功, data=PageResponse(total=5, rows=[UserVO(userId=102, deptId=107, deptName=运维部门, userName=zhangsan, nickName=张三, userType=00, email=zhangsan@qq.com, phonenumber=18812345678, sex=1, avatar=http://star-pivot.oss-cn-beijing.aliyuncs.com/user/102/avatar_bfe7b78b-3e54-4a14-be8f-85e74c7abbcb.webp?Expires=1769755945&OSSAccessKeyId=LTAI5tG8uSJeTeuRYEY4x3nG&Signature=45TyVskk5t6gF44mLNV7mfoik7M%3D, status=0, loginIp=, loginDate=null, createTime=2026-01-14T18:04:51, remark=张三-普通员工, roleIds=[2], roleNames=[普通角色], postIds=[4], postNames=[普通员工], isLocked=false), UserVO(userId=101, deptId=105, deptName=测试部门, userName=test, nickName=测试用户, userType=00, email=123@qq.com, phonenumber=18825454547, sex=0, avatar=http://star-pivot.oss-cn-beijing.aliyuncs.com/avatar/101.webp?Expires=1769762054&OSSAccessKeyId=LTAI5tG8uSJeTeuRYEY4x3nG&Signature=GvZLy1UTJI%2BY2hN9YuWbFdJRGNo%3D, status=0, loginIp=, loginDate=null, createTim...', 0, '', '2026-01-23 20:01:27', 4);
INSERT INTO `sys_oper_log` VALUES (326, '登录日志', 0, 'com.star.pivot.controller.SysLogininforController.pageList()', 'POST', 1, 'admin', '研发部门', '/api/sys/logininfor/pageList', '0:0:0:0:0:0:0:1', '', '[{\"pageNum\":1,\"pageSize\":20,\"userName\":null,\"ipaddr\":null,\"status\":null,\"startTime\":null,\"endTime\":null}]', 'Result(code=200, message=操作成功, data=PageResponse(total=43, rows=[LogininforVO(infoId=52, userName=test, ipaddr=0:0:0:0:0:0:0:1, loginLocation=内网IP, browser=Chrome 143, os=Windows 10/11, status=0, msg=登录成功, loginTime=2026-01-23T19:07:34), LogininforVO(infoId=51, userName=test, ipaddr=0:0:0:0:0:0:0:1, loginLocation=内网IP, browser=Chrome 143, os=Windows 10/11, status=1, msg=用户名或密码错误, loginTime=2026-01-23T19:06:34), LogininforVO(infoId=50, userName=test, ipaddr=0:0:0:0:0:0:0:1, loginLocation=内网IP, browser=Chrome 143, os=Windows 10/11, status=1, msg=用户名或密码错误, loginTime=2026-01-23T19:06:23), LogininforVO(infoId=49, userName=test, ipaddr=0:0:0:0:0:0:0:1, loginLocation=内网IP, browser=Chrome 143, os=Windows 10/11, status=1, msg=用户名或密码错误, loginTime=2026-01-23T19:06:18), LogininforVO(infoId=48, userName=test, ipaddr=0:0:0:0:0:0:0:1, loginLocation=内网IP, browser=Chrome 143, os=Windows 10/11, status=1, msg=用户名或密码错误, loginTime=2026-01-23T19:06:12), LogininforVO(infoId=47, userName=test, ipaddr=0:0:0:0:0:0:0:1, loginLocation=内网IP, browser=Chrome 143, os=Windows 10/11, status=1, msg=用户名或密码错误, loginTime=2026-01-23T19:05:45), LogininforVO(infoId=46, userName=test, ipaddr=0:0:0:0:0:0:0:1, loginLocation=内网IP, browser=Chrome 143, os=Windows 10/11, status=0, msg=登录成功, loginTime=2026-01-23T18:59:12), LogininforVO(infoId=45, userName=test, ipaddr=0:0:0:0:0:0:0:1, loginLocation=内网IP, browser=Chrome 143, os=Windows 10/11, status=1, msg=登录异常: class java.lang.String cannot be cast to class com.star.pivot.system.service.AccountLockService$AccountLockInfo (java.lang.String is in module java.base of loader \'bootstrap\'; com.star.pivot.system.service.AccountLockService$AccountLockInfo is i..., loginTime=2026-01-23T18:58:51), LogininforVO(infoId=44, userName=test, ipaddr=0:0:0:0:0:0:0:1, loginLocation=内网IP, browser=Chrome 143, os=Windows 10/11, st...', 0, '', '2026-01-23 20:01:36', 15);
INSERT INTO `sys_oper_log` VALUES (327, '用户管理', 0, 'com.star.pivot.controller.SysUserController.pageList()', 'POST', 1, 'admin', '研发部门', '/api/sys/user/pageList', '0:0:0:0:0:0:0:1', '', '[{\"pageNum\":1,\"pageSize\":20,\"userName\":null,\"nickName\":null,\"sex\":null,\"status\":\"0\",\"phonenumber\":null,\"email\":null,\"deptId\":null}]', 'Result(code=200, message=操作成功, data=PageResponse(total=5, rows=[UserVO(userId=102, deptId=107, deptName=运维部门, userName=zhangsan, nickName=张三, userType=00, email=zhangsan@qq.com, phonenumber=18812345678, sex=1, avatar=http://star-pivot.oss-cn-beijing.aliyuncs.com/user/102/avatar_bfe7b78b-3e54-4a14-be8f-85e74c7abbcb.webp?Expires=1769755945&OSSAccessKeyId=LTAI5tG8uSJeTeuRYEY4x3nG&Signature=45TyVskk5t6gF44mLNV7mfoik7M%3D, status=0, loginIp=, loginDate=null, createTime=2026-01-14T18:04:51, remark=张三-普通员工, roleIds=[2], roleNames=[普通角色], postIds=[4], postNames=[普通员工], isLocked=false), UserVO(userId=101, deptId=105, deptName=测试部门, userName=test, nickName=测试用户, userType=00, email=123@qq.com, phonenumber=18825454547, sex=0, avatar=http://star-pivot.oss-cn-beijing.aliyuncs.com/avatar/101.webp?Expires=1769762054&OSSAccessKeyId=LTAI5tG8uSJeTeuRYEY4x3nG&Signature=GvZLy1UTJI%2BY2hN9YuWbFdJRGNo%3D, status=0, loginIp=, loginDate=null, createTime=2026-01-04T16:50:12, remark=测试用户专属, roleIds=[2], roleNames=[普通角色], postIds=[4], postNames=[普通员工], isLocked=false), UserVO(userId=100, deptId=100, deptName=星枢科技, userName=xinxin, nickName=辛鑫, userType=00, email=1092203240@qq.com, phonenumber=18834581124, sex=0, avatar=http://star-pivot.oss-cn-beijing.aliyuncs.com/avatar/100.png?Expires=1769762102&OSSAccessKeyId=LTAI5tG8uSJeTeuRYEY4x3nG&Signature=tDBMV8iyt8CUYADUsTgefkgG3nE%3D, status=0, loginIp=, loginDate=null, createTime=2026-01-04T15:34:36, remark=作者，超级管理员, roleIds=[1], roleNames=[超级管理员], postIds=[1], postNames=[董事长], isLocked=false), UserVO(userId=1, deptId=103, deptName=研发部门, userName=admin, nickName=超级管理员, userType=00, email=admin@163.com, phonenumber=18518712878, sex=0, avatar=http://star-pivot.oss-cn-beijing.aliyuncs.com/user/1/avatar_37095539-08cc-4144-939d-3bfc21544285.png?Expires=1769755973&OSSAccessKeyId=LTAI5tG8uSJeTeu...', 0, '', '2026-01-23 20:04:49', 15);
INSERT INTO `sys_oper_log` VALUES (328, '操作日志', 0, 'com.star.pivot.controller.SysOperLogController.pageList()', 'POST', 1, 'admin', '研发部门', '/api/sys/operlog/pageList', '0:0:0:0:0:0:0:1', '', '[{\"pageNum\":1,\"pageSize\":20,\"title\":null,\"businessType\":null,\"operName\":null,\"status\":null,\"startTime\":null,\"endTime\":null}]', 'Result(code=200, message=操作成功, data=PageResponse(total=8, rows=[OperLogVO(operId=327, title=用户管理, businessType=0, method=com.star.pivot.controller.SysUserController.pageList(), requestMethod=POST, operatorType=1, operName=admin, deptName=研发部门, operUrl=/api/sys/user/pageList, operIp=0:0:0:0:0:0:0:1, operLocation=, operParam=[{\"pageNum\":1,\"pageSize\":20,\"userName\":null,\"nickName\":null,\"sex\":null,\"status\":\"0\",\"phonenumber\":null,\"email\":null,\"deptId\":null}], jsonResult=Result(code=200, message=操作成功, data=PageResponse(total=5, rows=[UserVO(userId=102, deptId=107, deptName=运维部门, userName=zhangsan, nickName=张三, userType=00, email=zhangsan@qq.com, phonenumber=18812345678, sex=1, avatar=http://star-pivot.oss-cn-beijing.aliyuncs.com/user/102/avatar_bfe7b78b-3e54-4a14-be8f-85e74c7abbcb.webp?Expires=1769755945&OSSAccessKeyId=LTAI5tG8uSJeTeuRYEY4x3nG&Signature=45TyVskk5t6gF44mLNV7mfoik7M%3D, status=0, loginIp=, loginDate=null, createTime=2026-01-14T18:04:51, remark=张三-普通员工, roleIds=[2], roleNames=[普通角色], postIds=[4], postNames=[普通员工], isLocked=false), UserVO(userId=101, deptId=105, deptName=测试部门, userName=test, nickName=测试用户, userType=00, email=123@qq.com, phonenumber=18825454547, sex=0, avatar=http://star-pivot.oss-cn-beijing.aliyuncs.com/avatar/101.webp?Expires=1769762054&OSSAccessKeyId=LTAI5tG8uSJeTeuRYEY4x3nG&Signature=GvZLy1UTJI%2BY2hN9YuWbFdJRGNo%3D, status=0, loginIp=, loginDate=null, createTime=2026-01-04T16:50:12, remark=测试用户专属, roleIds=[2], roleNames=[普通角色], postIds=[4], postNames=[普通员工], isLocked=false), UserVO(userId=100, deptId=100, deptName=星枢科技, userName=xinxin, nickName=辛鑫, userType=00, email=1092203240@qq.com, phonenumber=18834581124, sex=0, avatar=http://star-pivot.oss-cn-beijing.aliyuncs.com/avatar/100.png?Expires=1769762102&OSSAccessKeyId=LTAI5tG8uSJeTeuRYEY4x3nG&Signature=tDBMV8iyt8CUYADUsTgefkgG3nE%3D, status=0, loginIp=, ...', 0, '', '2026-01-23 20:04:53', 11);
INSERT INTO `sys_oper_log` VALUES (329, '登录日志', 0, 'com.star.pivot.controller.SysLogininforController.pageList()', 'POST', 1, 'admin', '研发部门', '/api/sys/logininfor/pageList', '0:0:0:0:0:0:0:1', '', '[{\"pageNum\":1,\"pageSize\":20,\"userName\":null,\"ipaddr\":null,\"status\":null,\"startTime\":null,\"endTime\":null}]', 'Result(code=200, message=操作成功, data=PageResponse(total=43, rows=[LogininforVO(infoId=52, userName=test, ipaddr=0:0:0:0:0:0:0:1, loginLocation=内网IP, browser=Chrome 143, os=Windows 10/11, status=0, msg=登录成功, loginTime=2026-01-23T19:07:34), LogininforVO(infoId=51, userName=test, ipaddr=0:0:0:0:0:0:0:1, loginLocation=内网IP, browser=Chrome 143, os=Windows 10/11, status=1, msg=用户名或密码错误, loginTime=2026-01-23T19:06:34), LogininforVO(infoId=50, userName=test, ipaddr=0:0:0:0:0:0:0:1, loginLocation=内网IP, browser=Chrome 143, os=Windows 10/11, status=1, msg=用户名或密码错误, loginTime=2026-01-23T19:06:23), LogininforVO(infoId=49, userName=test, ipaddr=0:0:0:0:0:0:0:1, loginLocation=内网IP, browser=Chrome 143, os=Windows 10/11, status=1, msg=用户名或密码错误, loginTime=2026-01-23T19:06:18), LogininforVO(infoId=48, userName=test, ipaddr=0:0:0:0:0:0:0:1, loginLocation=内网IP, browser=Chrome 143, os=Windows 10/11, status=1, msg=用户名或密码错误, loginTime=2026-01-23T19:06:12), LogininforVO(infoId=47, userName=test, ipaddr=0:0:0:0:0:0:0:1, loginLocation=内网IP, browser=Chrome 143, os=Windows 10/11, status=1, msg=用户名或密码错误, loginTime=2026-01-23T19:05:45), LogininforVO(infoId=46, userName=test, ipaddr=0:0:0:0:0:0:0:1, loginLocation=内网IP, browser=Chrome 143, os=Windows 10/11, status=0, msg=登录成功, loginTime=2026-01-23T18:59:12), LogininforVO(infoId=45, userName=test, ipaddr=0:0:0:0:0:0:0:1, loginLocation=内网IP, browser=Chrome 143, os=Windows 10/11, status=1, msg=登录异常: class java.lang.String cannot be cast to class com.star.pivot.system.service.AccountLockService$AccountLockInfo (java.lang.String is in module java.base of loader \'bootstrap\'; com.star.pivot.system.service.AccountLockService$AccountLockInfo is i..., loginTime=2026-01-23T18:58:51), LogininforVO(infoId=44, userName=test, ipaddr=0:0:0:0:0:0:0:1, loginLocation=内网IP, browser=Chrome 143, os=Windows 10/11, st...', 0, '', '2026-01-23 20:04:54', 4);
INSERT INTO `sys_oper_log` VALUES (330, '操作日志', 0, 'com.star.pivot.controller.SysOperLogController.pageList()', 'POST', 1, 'admin', '研发部门', '/api/sys/operlog/pageList', '0:0:0:0:0:0:0:1', '', '[{\"pageNum\":1,\"pageSize\":20,\"title\":null,\"businessType\":null,\"operName\":null,\"status\":null,\"startTime\":null,\"endTime\":null}]', 'Result(code=200, message=操作成功, data=PageResponse(total=10, rows=[OperLogVO(operId=329, title=登录日志, businessType=0, method=com.star.pivot.controller.SysLogininforController.pageList(), requestMethod=POST, operatorType=1, operName=admin, deptName=研发部门, operUrl=/api/sys/logininfor/pageList, operIp=0:0:0:0:0:0:0:1, operLocation=, operParam=[{\"pageNum\":1,\"pageSize\":20,\"userName\":null,\"ipaddr\":null,\"status\":null,\"startTime\":null,\"endTime\":null}], jsonResult=Result(code=200, message=操作成功, data=PageResponse(total=43, rows=[LogininforVO(infoId=52, userName=test, ipaddr=0:0:0:0:0:0:0:1, loginLocation=内网IP, browser=Chrome 143, os=Windows 10/11, status=0, msg=登录成功, loginTime=2026-01-23T19:07:34), LogininforVO(infoId=51, userName=test, ipaddr=0:0:0:0:0:0:0:1, loginLocation=内网IP, browser=Chrome 143, os=Windows 10/11, status=1, msg=用户名或密码错误, loginTime=2026-01-23T19:06:34), LogininforVO(infoId=50, userName=test, ipaddr=0:0:0:0:0:0:0:1, loginLocation=内网IP, browser=Chrome 143, os=Windows 10/11, status=1, msg=用户名或密码错误, loginTime=2026-01-23T19:06:23), LogininforVO(infoId=49, userName=test, ipaddr=0:0:0:0:0:0:0:1, loginLocation=内网IP, browser=Chrome 143, os=Windows 10/11, status=1, msg=用户名或密码错误, loginTime=2026-01-23T19:06:18), LogininforVO(infoId=48, userName=test, ipaddr=0:0:0:0:0:0:0:1, loginLocation=内网IP, browser=Chrome 143, os=Windows 10/11, status=1, msg=用户名或密码错误, loginTime=2026-01-23T19:06:12), LogininforVO(infoId=47, userName=test, ipaddr=0:0:0:0:0:0:0:1, loginLocation=内网IP, browser=Chrome 143, os=Windows 10/11, status=1, msg=用户名或密码错误, loginTime=2026-01-23T19:05:45), LogininforVO(infoId=46, userName=test, ipaddr=0:0:0:0:0:0:0:1, loginLocation=内网IP, browser=Chrome 143, os=Windows 10/11, status=0, msg=登录成功, loginTime=2026-01-23T18:59:12), LogininforVO(infoId=45, userName=test, ipaddr=0:0:0:0:0:0:0:1, loginLocation=内...', 0, '', '2026-01-23 20:04:57', 5);
INSERT INTO `sys_oper_log` VALUES (331, '用户管理', 0, 'com.star.pivot.controller.SysUserController.pageList()', 'POST', 1, 'admin', '研发部门', '/api/sys/user/pageList', '0:0:0:0:0:0:0:1', '', '[{\"pageNum\":1,\"pageSize\":20,\"userName\":null,\"nickName\":null,\"sex\":null,\"status\":\"0\",\"phonenumber\":null,\"email\":null,\"deptId\":null}]', 'Result(code=200, message=操作成功, data=PageResponse(total=5, rows=[UserVO(userId=102, deptId=107, deptName=运维部门, userName=zhangsan, nickName=张三, userType=00, email=zhangsan@qq.com, phonenumber=18812345678, sex=1, avatar=http://star-pivot.oss-cn-beijing.aliyuncs.com/user/102/avatar_bfe7b78b-3e54-4a14-be8f-85e74c7abbcb.webp?Expires=1769755945&OSSAccessKeyId=LTAI5tG8uSJeTeuRYEY4x3nG&Signature=45TyVskk5t6gF44mLNV7mfoik7M%3D, status=0, loginIp=, loginDate=null, createTime=2026-01-14T18:04:51, remark=张三-普通员工, roleIds=[2], roleNames=[普通角色], postIds=[4], postNames=[普通员工], isLocked=false), UserVO(userId=101, deptId=105, deptName=测试部门, userName=test, nickName=测试用户, userType=00, email=123@qq.com, phonenumber=18825454547, sex=0, avatar=http://star-pivot.oss-cn-beijing.aliyuncs.com/avatar/101.webp?Expires=1769762054&OSSAccessKeyId=LTAI5tG8uSJeTeuRYEY4x3nG&Signature=GvZLy1UTJI%2BY2hN9YuWbFdJRGNo%3D, status=0, loginIp=, loginDate=null, createTime=2026-01-04T16:50:12, remark=测试用户专属, roleIds=[2], roleNames=[普通角色], postIds=[4], postNames=[普通员工], isLocked=false), UserVO(userId=100, deptId=100, deptName=星枢科技, userName=xinxin, nickName=辛鑫, userType=00, email=1092203240@qq.com, phonenumber=18834581124, sex=0, avatar=http://star-pivot.oss-cn-beijing.aliyuncs.com/avatar/100.png?Expires=1769762102&OSSAccessKeyId=LTAI5tG8uSJeTeuRYEY4x3nG&Signature=tDBMV8iyt8CUYADUsTgefkgG3nE%3D, status=0, loginIp=, loginDate=null, createTime=2026-01-04T15:34:36, remark=作者，超级管理员, roleIds=[1], roleNames=[超级管理员], postIds=[1], postNames=[董事长], isLocked=false), UserVO(userId=1, deptId=103, deptName=研发部门, userName=admin, nickName=超级管理员, userType=00, email=admin@163.com, phonenumber=18518712878, sex=0, avatar=http://star-pivot.oss-cn-beijing.aliyuncs.com/user/1/avatar_37095539-08cc-4144-939d-3bfc21544285.png?Expires=1769755973&OSSAccessKeyId=LTAI5tG8uSJeTeu...', 0, '', '2026-01-23 20:09:30', 18);
INSERT INTO `sys_oper_log` VALUES (332, '操作日志', 0, 'com.star.pivot.controller.SysOperLogController.pageList()', 'POST', 1, 'admin', '研发部门', '/api/sys/operlog/pageList', '0:0:0:0:0:0:0:1', '', '[{\"pageNum\":1,\"pageSize\":20,\"title\":null,\"businessType\":null,\"operName\":null,\"status\":null,\"startTime\":null,\"endTime\":null}]', 'Result(code=200, message=操作成功, data=PageResponse(total=12, rows=[OperLogVO(operId=331, title=用户管理, businessType=0, method=com.star.pivot.controller.SysUserController.pageList(), requestMethod=POST, operatorType=1, operName=admin, deptName=研发部门, operUrl=/api/sys/user/pageList, operIp=0:0:0:0:0:0:0:1, operLocation=, operParam=[{\"pageNum\":1,\"pageSize\":20,\"userName\":null,\"nickName\":null,\"sex\":null,\"status\":\"0\",\"phonenumber\":null,\"email\":null,\"deptId\":null}], jsonResult=Result(code=200, message=操作成功, data=PageResponse(total=5, rows=[UserVO(userId=102, deptId=107, deptName=运维部门, userName=zhangsan, nickName=张三, userType=00, email=zhangsan@qq.com, phonenumber=18812345678, sex=1, avatar=http://star-pivot.oss-cn-beijing.aliyuncs.com/user/102/avatar_bfe7b78b-3e54-4a14-be8f-85e74c7abbcb.webp?Expires=1769755945&OSSAccessKeyId=LTAI5tG8uSJeTeuRYEY4x3nG&Signature=45TyVskk5t6gF44mLNV7mfoik7M%3D, status=0, loginIp=, loginDate=null, createTime=2026-01-14T18:04:51, remark=张三-普通员工, roleIds=[2], roleNames=[普通角色], postIds=[4], postNames=[普通员工], isLocked=false), UserVO(userId=101, deptId=105, deptName=测试部门, userName=test, nickName=测试用户, userType=00, email=123@qq.com, phonenumber=18825454547, sex=0, avatar=http://star-pivot.oss-cn-beijing.aliyuncs.com/avatar/101.webp?Expires=1769762054&OSSAccessKeyId=LTAI5tG8uSJeTeuRYEY4x3nG&Signature=GvZLy1UTJI%2BY2hN9YuWbFdJRGNo%3D, status=0, loginIp=, loginDate=null, createTime=2026-01-04T16:50:12, remark=测试用户专属, roleIds=[2], roleNames=[普通角色], postIds=[4], postNames=[普通员工], isLocked=false), UserVO(userId=100, deptId=100, deptName=星枢科技, userName=xinxin, nickName=辛鑫, userType=00, email=1092203240@qq.com, phonenumber=18834581124, sex=0, avatar=http://star-pivot.oss-cn-beijing.aliyuncs.com/avatar/100.png?Expires=1769762102&OSSAccessKeyId=LTAI5tG8uSJeTeuRYEY4x3nG&Signature=tDBMV8iyt8CUYADUsTgefkgG3nE%3D, status=0, loginIp=,...', 0, '', '2026-01-23 20:09:35', 7);
INSERT INTO `sys_oper_log` VALUES (333, '登录日志', 0, 'com.star.pivot.controller.SysLogininforController.pageList()', 'POST', 1, 'admin', '研发部门', '/api/sys/logininfor/pageList', '0:0:0:0:0:0:0:1', '', '[{\"pageNum\":1,\"pageSize\":20,\"userName\":null,\"ipaddr\":null,\"status\":null,\"startTime\":null,\"endTime\":null}]', 'Result(code=200, message=操作成功, data=PageResponse(total=43, rows=[LogininforVO(infoId=52, userName=test, ipaddr=0:0:0:0:0:0:0:1, loginLocation=内网IP, browser=Chrome 143, os=Windows 10/11, status=0, msg=登录成功, loginTime=2026-01-23T19:07:34), LogininforVO(infoId=51, userName=test, ipaddr=0:0:0:0:0:0:0:1, loginLocation=内网IP, browser=Chrome 143, os=Windows 10/11, status=1, msg=用户名或密码错误, loginTime=2026-01-23T19:06:34), LogininforVO(infoId=50, userName=test, ipaddr=0:0:0:0:0:0:0:1, loginLocation=内网IP, browser=Chrome 143, os=Windows 10/11, status=1, msg=用户名或密码错误, loginTime=2026-01-23T19:06:23), LogininforVO(infoId=49, userName=test, ipaddr=0:0:0:0:0:0:0:1, loginLocation=内网IP, browser=Chrome 143, os=Windows 10/11, status=1, msg=用户名或密码错误, loginTime=2026-01-23T19:06:18), LogininforVO(infoId=48, userName=test, ipaddr=0:0:0:0:0:0:0:1, loginLocation=内网IP, browser=Chrome 143, os=Windows 10/11, status=1, msg=用户名或密码错误, loginTime=2026-01-23T19:06:12), LogininforVO(infoId=47, userName=test, ipaddr=0:0:0:0:0:0:0:1, loginLocation=内网IP, browser=Chrome 143, os=Windows 10/11, status=1, msg=用户名或密码错误, loginTime=2026-01-23T19:05:45), LogininforVO(infoId=46, userName=test, ipaddr=0:0:0:0:0:0:0:1, loginLocation=内网IP, browser=Chrome 143, os=Windows 10/11, status=0, msg=登录成功, loginTime=2026-01-23T18:59:12), LogininforVO(infoId=45, userName=test, ipaddr=0:0:0:0:0:0:0:1, loginLocation=内网IP, browser=Chrome 143, os=Windows 10/11, status=1, msg=登录异常: class java.lang.String cannot be cast to class com.star.pivot.system.service.AccountLockService$AccountLockInfo (java.lang.String is in module java.base of loader \'bootstrap\'; com.star.pivot.system.service.AccountLockService$AccountLockInfo is i..., loginTime=2026-01-23T18:58:51), LogininforVO(infoId=44, userName=test, ipaddr=0:0:0:0:0:0:0:1, loginLocation=内网IP, browser=Chrome 143, os=Windows 10/11, st...', 0, '', '2026-01-23 20:09:36', 6);
INSERT INTO `sys_oper_log` VALUES (334, '用户登出', 0, 'com.star.pivot.controller.AuthController.logout()', 'POST', 1, 'test', '测试部门', '/api/auth/logout', '0:0:0:0:0:0:0:1', '', '[\"Bearer eyJhbGciOiJIUzI1NiJ9.eyJ1c2VySWQiOjEwMSwidXNlcm5hbWUiOiJ0ZXN0Iiwic3ViIjoidGVzdCIsImlhdCI6MTc2OTE2NjQ1NCwiZXhwIjoxNzY5MjUyODU0fQ.iAZNyKxh0dJW9DMKWhnifZtyYlkk2k_f_9A9E8EkjfA\"]', '{\"code\":200,\"message\":\"登出成功\",\"data\":null,\"timestamp\":1769174294976}', 0, '', '2026-01-23 21:18:15', 1136);
INSERT INTO `sys_oper_log` VALUES (335, '用户登录', 0, 'com.star.pivot.controller.AuthController.login()', 'POST', 0, '未知', '', '/api/auth/login', '0:0:0:0:0:0:0:1', '', '[{\"username\":\"admin\",\"password\":\"******\",\"captchaProof\":\"K6tPemeNA3yzNaec2lrgU4CnTPaXF9ZYm8p4Xt48w0I\"}]', '{\"code\":200,\"message\":\"登录成功\",\"data\":{\"token\":\"eyJhbGciOiJIUzI1NiJ9.eyJ1c2VySWQiOjEsInVzZXJuYW1lIjoiYWRtaW4iLCJzdWIiOiJhZG1pbiIsImlhdCI6MTc2OTE3NDMwMywiZXhwIjoxNzY5MjYwNzAzfQ.EAO0w5Qo0HBuglpw8-XMphua9tuviD-Cua8CJ4l9O4w\",\"username\":\"admin\",\"nickname\":\"超级管理员\",\"refreshToken\":\"5905b4d6c1644340858d7878ac54b0a8\"},\"timestamp\":1769174303133}', 0, '', '2026-01-23 21:18:23', 809);
INSERT INTO `sys_oper_log` VALUES (336, '用户管理', 0, 'com.star.pivot.controller.SysUserController.pageList()', 'POST', 1, 'admin', '研发部门', '/api/sys/user/pageList', '0:0:0:0:0:0:0:1', '', '[{\"pageNum\":1,\"pageSize\":10,\"userName\":null,\"nickName\":null,\"sex\":null,\"status\":null,\"phonenumber\":null,\"email\":null,\"roleId\":null,\"deptId\":null}]', 'Result(code=200, message=操作成功, data=PageResponse(total=5, rows=[UserVO(userId=102, deptId=107, deptName=运维部门, userName=zhangsan, nickName=张三, userType=00, email=zhangsan@qq.com, phonenumber=18812345678, sex=1, avatar=http://star-pivot.oss-cn-beijing.aliyuncs.com/user/102/avatar_bfe7b78b-3e54-4a14-be8f-85e74c7abbcb.webp?Expires=1769755945&OSSAccessKeyId=LTAI5tG8uSJeTeuRYEY4x3nG&Signature=45TyVskk5t6gF44mLNV7mfoik7M%3D, status=0, loginIp=, loginDate=null, createTime=2026-01-14T18:04:51, remark=张三-普通员工, roleIds=[2], roleNames=[普通角色], postIds=[4], postNames=[普通员工], isLocked=false), UserVO(userId=101, deptId=105, deptName=测试部门, userName=test, nickName=测试用户, userType=00, email=123@qq.com, phonenumber=18825454547, sex=0, avatar=http://star-pivot.oss-cn-beijing.aliyuncs.com/avatar/101.webp?Expires=1769762054&OSSAccessKeyId=LTAI5tG8uSJeTeuRYEY4x3nG&Signature=GvZLy1UTJI%2BY2hN9YuWbFdJRGNo%3D, status=0, loginIp=, loginDate=null, createTime=2026-01-04T16:50:12, remark=测试用户专属, roleIds=[2], roleNames=[普通角色], postIds=[4], postNames=[普通员工], isLocked=false), UserVO(userId=100, deptId=100, deptName=星枢科技, userName=xinxin, nickName=辛鑫, userType=00, email=1092203240@qq.com, phonenumber=18834581124, sex=0, avatar=http://star-pivot.oss-cn-beijing.aliyuncs.com/avatar/100.png?Expires=1769762102&OSSAccessKeyId=LTAI5tG8uSJeTeuRYEY4x3nG&Signature=tDBMV8iyt8CUYADUsTgefkgG3nE%3D, status=0, loginIp=, loginDate=null, createTime=2026-01-04T15:34:36, remark=作者，超级管理员, roleIds=[1], roleNames=[超级管理员], postIds=[1], postNames=[董事长], isLocked=false), UserVO(userId=1, deptId=103, deptName=研发部门, userName=admin, nickName=超级管理员, userType=00, email=admin@163.com, phonenumber=18518712878, sex=0, avatar=http://star-pivot.oss-cn-beijing.aliyuncs.com/user/1/avatar_37095539-08cc-4144-939d-3bfc21544285.png?Expires=1769755973&OSSAccessKeyId=LTAI5tG8uSJeTeu...', 0, '', '2026-01-23 22:10:02', 818);
INSERT INTO `sys_oper_log` VALUES (337, '用户管理', 0, 'com.star.pivot.controller.SysUserController.pageList()', 'POST', 1, 'admin', '研发部门', '/api/sys/user/pageList', '0:0:0:0:0:0:0:1', '', '[{\"pageNum\":1,\"pageSize\":10,\"userName\":null,\"nickName\":null,\"sex\":null,\"status\":null,\"phonenumber\":null,\"email\":null,\"roleId\":null,\"deptId\":null}]', 'Result(code=200, message=操作成功, data=PageResponse(total=5, rows=[UserVO(userId=102, deptId=107, deptName=运维部门, userName=zhangsan, nickName=张三, userType=00, email=zhangsan@qq.com, phonenumber=18812345678, sex=1, avatar=http://star-pivot.oss-cn-beijing.aliyuncs.com/user/102/avatar_bfe7b78b-3e54-4a14-be8f-85e74c7abbcb.webp?Expires=1769755945&OSSAccessKeyId=LTAI5tG8uSJeTeuRYEY4x3nG&Signature=45TyVskk5t6gF44mLNV7mfoik7M%3D, status=0, loginIp=, loginDate=null, createTime=2026-01-14T18:04:51, remark=张三-普通员工, roleIds=[2], roleNames=[普通角色], postIds=[4], postNames=[普通员工], isLocked=false), UserVO(userId=101, deptId=105, deptName=测试部门, userName=test, nickName=测试用户, userType=00, email=123@qq.com, phonenumber=18825454547, sex=0, avatar=http://star-pivot.oss-cn-beijing.aliyuncs.com/avatar/101.webp?Expires=1769762054&OSSAccessKeyId=LTAI5tG8uSJeTeuRYEY4x3nG&Signature=GvZLy1UTJI%2BY2hN9YuWbFdJRGNo%3D, status=0, loginIp=, loginDate=null, createTime=2026-01-04T16:50:12, remark=测试用户专属, roleIds=[2], roleNames=[普通角色], postIds=[4], postNames=[普通员工], isLocked=false), UserVO(userId=100, deptId=100, deptName=星枢科技, userName=xinxin, nickName=辛鑫, userType=00, email=1092203240@qq.com, phonenumber=18834581124, sex=0, avatar=http://star-pivot.oss-cn-beijing.aliyuncs.com/avatar/100.png?Expires=1769762102&OSSAccessKeyId=LTAI5tG8uSJeTeuRYEY4x3nG&Signature=tDBMV8iyt8CUYADUsTgefkgG3nE%3D, status=0, loginIp=, loginDate=null, createTime=2026-01-04T15:34:36, remark=作者，超级管理员, roleIds=[1], roleNames=[超级管理员], postIds=[1], postNames=[董事长], isLocked=false), UserVO(userId=1, deptId=103, deptName=研发部门, userName=admin, nickName=超级管理员, userType=00, email=admin@163.com, phonenumber=18518712878, sex=0, avatar=http://star-pivot.oss-cn-beijing.aliyuncs.com/user/1/avatar_37095539-08cc-4144-939d-3bfc21544285.png?Expires=1769755973&OSSAccessKeyId=LTAI5tG8uSJeTeu...', 0, '', '2026-01-23 22:10:21', 10);
INSERT INTO `sys_oper_log` VALUES (338, '用户管理', 0, 'com.star.pivot.controller.SysUserController.pageList()', 'POST', 1, 'admin', '研发部门', '/api/sys/user/pageList', '0:0:0:0:0:0:0:1', '', '[{\"pageNum\":1,\"pageSize\":10,\"userName\":null,\"nickName\":null,\"sex\":null,\"status\":null,\"phonenumber\":null,\"email\":null,\"roleId\":null,\"deptId\":null}]', 'Result(code=200, message=操作成功, data=PageResponse(total=5, rows=[UserVO(userId=102, deptId=107, deptName=运维部门, userName=zhangsan, nickName=张三, userType=00, email=zhangsan@qq.com, phonenumber=18812345678, sex=1, avatar=http://star-pivot.oss-cn-beijing.aliyuncs.com/user/102/avatar_bfe7b78b-3e54-4a14-be8f-85e74c7abbcb.webp?Expires=1769755945&OSSAccessKeyId=LTAI5tG8uSJeTeuRYEY4x3nG&Signature=45TyVskk5t6gF44mLNV7mfoik7M%3D, status=0, loginIp=, loginDate=null, createTime=2026-01-14T18:04:51, remark=张三-普通员工, roleIds=[2], roleNames=[普通角色], postIds=[4], postNames=[普通员工], isLocked=false), UserVO(userId=101, deptId=105, deptName=测试部门, userName=test, nickName=测试用户, userType=00, email=123@qq.com, phonenumber=18825454547, sex=0, avatar=http://star-pivot.oss-cn-beijing.aliyuncs.com/avatar/101.webp?Expires=1769762054&OSSAccessKeyId=LTAI5tG8uSJeTeuRYEY4x3nG&Signature=GvZLy1UTJI%2BY2hN9YuWbFdJRGNo%3D, status=0, loginIp=, loginDate=null, createTime=2026-01-04T16:50:12, remark=测试用户专属, roleIds=[2], roleNames=[普通角色], postIds=[4], postNames=[普通员工], isLocked=false), UserVO(userId=100, deptId=100, deptName=星枢科技, userName=xinxin, nickName=辛鑫, userType=00, email=1092203240@qq.com, phonenumber=18834581124, sex=0, avatar=http://star-pivot.oss-cn-beijing.aliyuncs.com/avatar/100.png?Expires=1769762102&OSSAccessKeyId=LTAI5tG8uSJeTeuRYEY4x3nG&Signature=tDBMV8iyt8CUYADUsTgefkgG3nE%3D, status=0, loginIp=, loginDate=null, createTime=2026-01-04T15:34:36, remark=作者，超级管理员, roleIds=[1], roleNames=[超级管理员], postIds=[1], postNames=[董事长], isLocked=false), UserVO(userId=1, deptId=103, deptName=研发部门, userName=admin, nickName=超级管理员, userType=00, email=admin@163.com, phonenumber=18518712878, sex=0, avatar=http://star-pivot.oss-cn-beijing.aliyuncs.com/user/1/avatar_37095539-08cc-4144-939d-3bfc21544285.png?Expires=1769755973&OSSAccessKeyId=LTAI5tG8uSJeTeu...', 0, '', '2026-01-23 22:12:08', 15);
INSERT INTO `sys_oper_log` VALUES (339, '用户管理', 0, 'com.star.pivot.controller.SysUserController.pageList()', 'POST', 1, 'admin', '研发部门', '/api/sys/user/pageList', '0:0:0:0:0:0:0:1', '', '[{\"pageNum\":1,\"pageSize\":10,\"userName\":null,\"nickName\":null,\"sex\":null,\"status\":null,\"phonenumber\":null,\"email\":null,\"roleId\":null,\"deptId\":null}]', 'Result(code=200, message=操作成功, data=PageResponse(total=5, rows=[UserVO(userId=102, deptId=107, deptName=运维部门, userName=zhangsan, nickName=张三, userType=00, email=zhangsan@qq.com, phonenumber=18812345678, sex=1, avatar=http://star-pivot.oss-cn-beijing.aliyuncs.com/user/102/avatar_bfe7b78b-3e54-4a14-be8f-85e74c7abbcb.webp?Expires=1769755945&OSSAccessKeyId=LTAI5tG8uSJeTeuRYEY4x3nG&Signature=45TyVskk5t6gF44mLNV7mfoik7M%3D, status=0, loginIp=, loginDate=null, createTime=2026-01-14T18:04:51, remark=张三-普通员工, roleIds=[2], roleNames=[普通角色], postIds=[4], postNames=[普通员工], isLocked=false), UserVO(userId=101, deptId=105, deptName=测试部门, userName=test, nickName=测试用户, userType=00, email=123@qq.com, phonenumber=18825454547, sex=0, avatar=http://star-pivot.oss-cn-beijing.aliyuncs.com/avatar/101.webp?Expires=1769762054&OSSAccessKeyId=LTAI5tG8uSJeTeuRYEY4x3nG&Signature=GvZLy1UTJI%2BY2hN9YuWbFdJRGNo%3D, status=0, loginIp=, loginDate=null, createTime=2026-01-04T16:50:12, remark=测试用户专属, roleIds=[2], roleNames=[普通角色], postIds=[4], postNames=[普通员工], isLocked=false), UserVO(userId=100, deptId=100, deptName=星枢科技, userName=xinxin, nickName=辛鑫, userType=00, email=1092203240@qq.com, phonenumber=18834581124, sex=0, avatar=http://star-pivot.oss-cn-beijing.aliyuncs.com/avatar/100.png?Expires=1769762102&OSSAccessKeyId=LTAI5tG8uSJeTeuRYEY4x3nG&Signature=tDBMV8iyt8CUYADUsTgefkgG3nE%3D, status=0, loginIp=, loginDate=null, createTime=2026-01-04T15:34:36, remark=作者，超级管理员, roleIds=[1], roleNames=[超级管理员], postIds=[1], postNames=[董事长], isLocked=false), UserVO(userId=1, deptId=103, deptName=研发部门, userName=admin, nickName=超级管理员, userType=00, email=admin@163.com, phonenumber=18518712878, sex=0, avatar=http://star-pivot.oss-cn-beijing.aliyuncs.com/user/1/avatar_37095539-08cc-4144-939d-3bfc21544285.png?Expires=1769755973&OSSAccessKeyId=LTAI5tG8uSJeTeu...', 0, '', '2026-01-23 22:13:47', 14);
INSERT INTO `sys_oper_log` VALUES (340, '用户管理', 0, 'com.star.pivot.controller.SysUserController.pageList()', 'POST', 1, 'admin', '研发部门', '/api/sys/user/pageList', '0:0:0:0:0:0:0:1', '', '[{\"pageNum\":1,\"pageSize\":10,\"userName\":null,\"nickName\":null,\"sex\":null,\"status\":null,\"phonenumber\":null,\"email\":null,\"roleId\":null,\"deptId\":null}]', 'Result(code=200, message=操作成功, data=PageResponse(total=5, rows=[UserVO(userId=102, deptId=107, deptName=运维部门, userName=zhangsan, nickName=张三, userType=00, email=zhangsan@qq.com, phonenumber=18812345678, sex=1, avatar=http://star-pivot.oss-cn-beijing.aliyuncs.com/user/102/avatar_bfe7b78b-3e54-4a14-be8f-85e74c7abbcb.webp?Expires=1769755945&OSSAccessKeyId=LTAI5tG8uSJeTeuRYEY4x3nG&Signature=45TyVskk5t6gF44mLNV7mfoik7M%3D, status=0, loginIp=, loginDate=null, createTime=2026-01-14T18:04:51, remark=张三-普通员工, roleIds=[2], roleNames=[普通角色], postIds=[4], postNames=[普通员工], isLocked=false), UserVO(userId=101, deptId=105, deptName=测试部门, userName=test, nickName=测试用户, userType=00, email=123@qq.com, phonenumber=18825454547, sex=0, avatar=http://star-pivot.oss-cn-beijing.aliyuncs.com/avatar/101.webp?Expires=1769762054&OSSAccessKeyId=LTAI5tG8uSJeTeuRYEY4x3nG&Signature=GvZLy1UTJI%2BY2hN9YuWbFdJRGNo%3D, status=0, loginIp=, loginDate=null, createTime=2026-01-04T16:50:12, remark=测试用户专属, roleIds=[2], roleNames=[普通角色], postIds=[4], postNames=[普通员工], isLocked=false), UserVO(userId=100, deptId=100, deptName=星枢科技, userName=xinxin, nickName=辛鑫, userType=00, email=1092203240@qq.com, phonenumber=18834581124, sex=0, avatar=http://star-pivot.oss-cn-beijing.aliyuncs.com/avatar/100.png?Expires=1769762102&OSSAccessKeyId=LTAI5tG8uSJeTeuRYEY4x3nG&Signature=tDBMV8iyt8CUYADUsTgefkgG3nE%3D, status=0, loginIp=, loginDate=null, createTime=2026-01-04T15:34:36, remark=作者，超级管理员, roleIds=[1], roleNames=[超级管理员], postIds=[1], postNames=[董事长], isLocked=false), UserVO(userId=1, deptId=103, deptName=研发部门, userName=admin, nickName=超级管理员, userType=00, email=admin@163.com, phonenumber=18518712878, sex=0, avatar=http://star-pivot.oss-cn-beijing.aliyuncs.com/user/1/avatar_37095539-08cc-4144-939d-3bfc21544285.png?Expires=1769755973&OSSAccessKeyId=LTAI5tG8uSJeTeu...', 0, '', '2026-01-23 22:13:53', 15);
INSERT INTO `sys_oper_log` VALUES (341, '用户管理', 0, 'com.star.pivot.controller.SysUserController.pageList()', 'POST', 1, 'admin', '研发部门', '/api/sys/user/pageList', '0:0:0:0:0:0:0:1', '', '[{\"pageNum\":1,\"pageSize\":10,\"userName\":null,\"nickName\":null,\"sex\":null,\"status\":null,\"phonenumber\":null,\"email\":null,\"roleId\":null,\"deptId\":null}]', 'Result(code=200, message=操作成功, data=PageResponse(total=5, rows=[UserVO(userId=102, deptId=107, deptName=运维部门, userName=zhangsan, nickName=张三, userType=00, email=zhangsan@qq.com, phonenumber=18812345678, sex=1, avatar=http://star-pivot.oss-cn-beijing.aliyuncs.com/user/102/avatar_bfe7b78b-3e54-4a14-be8f-85e74c7abbcb.webp?Expires=1769755945&OSSAccessKeyId=LTAI5tG8uSJeTeuRYEY4x3nG&Signature=45TyVskk5t6gF44mLNV7mfoik7M%3D, status=0, loginIp=, loginDate=null, createTime=2026-01-14T18:04:51, remark=张三-普通员工, roleIds=[2], roleNames=[普通角色], postIds=[4], postNames=[普通员工], isLocked=false), UserVO(userId=101, deptId=105, deptName=测试部门, userName=test, nickName=测试用户, userType=00, email=123@qq.com, phonenumber=18825454547, sex=0, avatar=http://star-pivot.oss-cn-beijing.aliyuncs.com/avatar/101.webp?Expires=1769762054&OSSAccessKeyId=LTAI5tG8uSJeTeuRYEY4x3nG&Signature=GvZLy1UTJI%2BY2hN9YuWbFdJRGNo%3D, status=0, loginIp=, loginDate=null, createTime=2026-01-04T16:50:12, remark=测试用户专属, roleIds=[2], roleNames=[普通角色], postIds=[4], postNames=[普通员工], isLocked=false), UserVO(userId=100, deptId=100, deptName=星枢科技, userName=xinxin, nickName=辛鑫, userType=00, email=1092203240@qq.com, phonenumber=18834581124, sex=0, avatar=http://star-pivot.oss-cn-beijing.aliyuncs.com/avatar/100.png?Expires=1769762102&OSSAccessKeyId=LTAI5tG8uSJeTeuRYEY4x3nG&Signature=tDBMV8iyt8CUYADUsTgefkgG3nE%3D, status=0, loginIp=, loginDate=null, createTime=2026-01-04T15:34:36, remark=作者，超级管理员, roleIds=[1], roleNames=[超级管理员], postIds=[1], postNames=[董事长], isLocked=false), UserVO(userId=1, deptId=103, deptName=研发部门, userName=admin, nickName=超级管理员, userType=00, email=admin@163.com, phonenumber=18518712878, sex=0, avatar=http://star-pivot.oss-cn-beijing.aliyuncs.com/user/1/avatar_37095539-08cc-4144-939d-3bfc21544285.png?Expires=1769755973&OSSAccessKeyId=LTAI5tG8uSJeTeu...', 0, '', '2026-01-23 22:14:00', 12);
INSERT INTO `sys_oper_log` VALUES (342, '用户管理', 0, 'com.star.pivot.controller.SysUserController.pageList()', 'POST', 1, 'admin', '研发部门', '/api/sys/user/pageList', '0:0:0:0:0:0:0:1', '', '[{\"pageNum\":1,\"pageSize\":10,\"userName\":null,\"nickName\":null,\"sex\":null,\"status\":null,\"phonenumber\":null,\"email\":null,\"roleId\":null,\"deptId\":null}]', 'Result(code=200, message=操作成功, data=PageResponse(total=5, rows=[UserVO(userId=102, deptId=107, deptName=运维部门, userName=zhangsan, nickName=张三, userType=00, email=zhangsan@qq.com, phonenumber=18812345678, sex=1, avatar=http://star-pivot.oss-cn-beijing.aliyuncs.com/user/102/avatar_bfe7b78b-3e54-4a14-be8f-85e74c7abbcb.webp?Expires=1769755945&OSSAccessKeyId=LTAI5tG8uSJeTeuRYEY4x3nG&Signature=45TyVskk5t6gF44mLNV7mfoik7M%3D, status=0, loginIp=, loginDate=null, createTime=2026-01-14T18:04:51, remark=张三-普通员工, roleIds=[2], roleNames=[普通角色], postIds=[4], postNames=[普通员工], isLocked=false), UserVO(userId=101, deptId=105, deptName=测试部门, userName=test, nickName=测试用户, userType=00, email=123@qq.com, phonenumber=18825454547, sex=0, avatar=http://star-pivot.oss-cn-beijing.aliyuncs.com/avatar/101.webp?Expires=1769762054&OSSAccessKeyId=LTAI5tG8uSJeTeuRYEY4x3nG&Signature=GvZLy1UTJI%2BY2hN9YuWbFdJRGNo%3D, status=0, loginIp=, loginDate=null, createTime=2026-01-04T16:50:12, remark=测试用户专属, roleIds=[2], roleNames=[普通角色], postIds=[4], postNames=[普通员工], isLocked=false), UserVO(userId=100, deptId=100, deptName=星枢科技, userName=xinxin, nickName=辛鑫, userType=00, email=1092203240@qq.com, phonenumber=18834581124, sex=0, avatar=http://star-pivot.oss-cn-beijing.aliyuncs.com/avatar/100.png?Expires=1769762102&OSSAccessKeyId=LTAI5tG8uSJeTeuRYEY4x3nG&Signature=tDBMV8iyt8CUYADUsTgefkgG3nE%3D, status=0, loginIp=, loginDate=null, createTime=2026-01-04T15:34:36, remark=作者，超级管理员, roleIds=[1], roleNames=[超级管理员], postIds=[1], postNames=[董事长], isLocked=false), UserVO(userId=1, deptId=103, deptName=研发部门, userName=admin, nickName=超级管理员, userType=00, email=admin@163.com, phonenumber=18518712878, sex=0, avatar=http://star-pivot.oss-cn-beijing.aliyuncs.com/user/1/avatar_37095539-08cc-4144-939d-3bfc21544285.png?Expires=1769755973&OSSAccessKeyId=LTAI5tG8uSJeTeu...', 0, '', '2026-01-23 22:18:48', 11);
INSERT INTO `sys_oper_log` VALUES (343, '用户管理', 0, 'com.star.pivot.controller.SysUserController.pageList()', 'POST', 1, 'admin', '研发部门', '/api/sys/user/pageList', '0:0:0:0:0:0:0:1', '', '[{\"pageNum\":1,\"pageSize\":10,\"userName\":null,\"nickName\":null,\"sex\":null,\"status\":null,\"phonenumber\":null,\"email\":null,\"roleId\":null,\"deptId\":null}]', 'Result(code=200, message=操作成功, data=PageResponse(total=5, rows=[UserVO(userId=102, deptId=107, deptName=运维部门, userName=zhangsan, nickName=张三, userType=00, email=zhangsan@qq.com, phonenumber=18812345678, sex=1, avatar=http://star-pivot.oss-cn-beijing.aliyuncs.com/user/102/avatar_bfe7b78b-3e54-4a14-be8f-85e74c7abbcb.webp?Expires=1769755945&OSSAccessKeyId=LTAI5tG8uSJeTeuRYEY4x3nG&Signature=45TyVskk5t6gF44mLNV7mfoik7M%3D, status=0, loginIp=, loginDate=null, createTime=2026-01-14T18:04:51, remark=张三-普通员工, roleIds=[2], roleNames=[普通角色], postIds=[4], postNames=[普通员工], isLocked=false), UserVO(userId=101, deptId=105, deptName=测试部门, userName=test, nickName=测试用户, userType=00, email=123@qq.com, phonenumber=18825454547, sex=0, avatar=http://star-pivot.oss-cn-beijing.aliyuncs.com/avatar/101.webp?Expires=1769762054&OSSAccessKeyId=LTAI5tG8uSJeTeuRYEY4x3nG&Signature=GvZLy1UTJI%2BY2hN9YuWbFdJRGNo%3D, status=0, loginIp=, loginDate=null, createTime=2026-01-04T16:50:12, remark=测试用户专属, roleIds=[2], roleNames=[普通角色], postIds=[4], postNames=[普通员工], isLocked=false), UserVO(userId=100, deptId=100, deptName=星枢科技, userName=xinxin, nickName=辛鑫, userType=00, email=1092203240@qq.com, phonenumber=18834581124, sex=0, avatar=http://star-pivot.oss-cn-beijing.aliyuncs.com/avatar/100.png?Expires=1769762102&OSSAccessKeyId=LTAI5tG8uSJeTeuRYEY4x3nG&Signature=tDBMV8iyt8CUYADUsTgefkgG3nE%3D, status=0, loginIp=, loginDate=null, createTime=2026-01-04T15:34:36, remark=作者，超级管理员, roleIds=[1], roleNames=[超级管理员], postIds=[1], postNames=[董事长], isLocked=false), UserVO(userId=1, deptId=103, deptName=研发部门, userName=admin, nickName=超级管理员, userType=00, email=admin@163.com, phonenumber=18518712878, sex=0, avatar=http://star-pivot.oss-cn-beijing.aliyuncs.com/user/1/avatar_37095539-08cc-4144-939d-3bfc21544285.png?Expires=1769755973&OSSAccessKeyId=LTAI5tG8uSJeTeu...', 0, '', '2026-01-23 22:23:37', 832);
INSERT INTO `sys_oper_log` VALUES (344, '用户登出', 0, 'com.star.pivot.controller.AuthController.logout()', 'POST', 1, 'admin', '研发部门', '/api/auth/logout', '0:0:0:0:0:0:0:1', '', '[\"Bearer eyJhbGciOiJIUzI1NiJ9.eyJ1c2VySWQiOjEsInVzZXJuYW1lIjoiYWRtaW4iLCJzdWIiOiJhZG1pbiIsImlhdCI6MTc2OTE3NDMwMywiZXhwIjoxNzY5MjYwNzAzfQ.EAO0w5Qo0HBuglpw8-XMphua9tuviD-Cua8CJ4l9O4w\"]', '{\"code\":200,\"message\":\"登出成功\",\"data\":null,\"timestamp\":1769182715567}', 0, '', '2026-01-23 23:38:36', 860);
INSERT INTO `sys_oper_log` VALUES (345, '用户登录', 0, 'com.star.pivot.controller.AuthController.login()', 'POST', 0, '未知', '', '/api/auth/login', '0:0:0:0:0:0:0:1', '', '[{\"username\":\"xinxin\",\"password\":\"******\",\"captchaProof\":\"zFdPedyc-OPNOvoHXBr4PwvZdCeC-YFPu5s5cEM4vmE\"}]', '{\"code\":200,\"message\":\"登录成功\",\"data\":{\"token\":\"eyJhbGciOiJIUzI1NiJ9.eyJ1c2VySWQiOjEwMCwidXNlcm5hbWUiOiJ4aW54aW4iLCJzdWIiOiJ4aW54aW4iLCJpYXQiOjE3NjkxODI3MzAsImV4cCI6MTc2OTI2OTEzMH0.6mmzGjpQ6oM_4U-Hs3Qhj8m_Yk2BFRC2G3HXHrhiQsw\",\"username\":\"xinxin\",\"nickname\":\"辛鑫\",\"refreshToken\":\"2ff89f0500934697b6e5151e23bf9541\"},\"timestamp\":1769182730080}', 0, '', '2026-01-23 23:38:50', 817);
INSERT INTO `sys_oper_log` VALUES (346, '用户管理', 0, 'com.star.pivot.controller.SysUserController.pageList()', 'POST', 1, 'xinxin', '星枢科技', '/api/sys/user/pageList', '0:0:0:0:0:0:0:1', '', '[{\"pageNum\":1,\"pageSize\":20,\"userName\":null,\"nickName\":null,\"sex\":null,\"status\":\"0\",\"phonenumber\":null,\"email\":null,\"roleId\":null,\"deptId\":null}]', 'Result(code=200, message=操作成功, data=PageResponse(total=5, rows=[UserVO(userId=102, deptId=107, deptName=运维部门, userName=zhangsan, nickName=张三, userType=00, email=zhangsan@qq.com, phonenumber=18812345678, sex=1, avatar=http://star-pivot.oss-cn-beijing.aliyuncs.com/user/102/avatar_bfe7b78b-3e54-4a14-be8f-85e74c7abbcb.webp?Expires=1769755945&OSSAccessKeyId=LTAI5tG8uSJeTeuRYEY4x3nG&Signature=45TyVskk5t6gF44mLNV7mfoik7M%3D, status=0, loginIp=, loginDate=null, createTime=2026-01-14T18:04:51, remark=张三-普通员工, roleIds=[2], roleNames=[普通角色], postIds=[4], postNames=[普通员工], isLocked=false), UserVO(userId=101, deptId=105, deptName=测试部门, userName=test, nickName=测试用户, userType=00, email=123@qq.com, phonenumber=18825454547, sex=0, avatar=http://star-pivot.oss-cn-beijing.aliyuncs.com/avatar/101.webp?Expires=1769762054&OSSAccessKeyId=LTAI5tG8uSJeTeuRYEY4x3nG&Signature=GvZLy1UTJI%2BY2hN9YuWbFdJRGNo%3D, status=0, loginIp=, loginDate=null, createTime=2026-01-04T16:50:12, remark=测试用户专属, roleIds=[2, 100], roleNames=[普通角色, 测试专属], postIds=[4], postNames=[普通员工], isLocked=false), UserVO(userId=100, deptId=100, deptName=星枢科技, userName=xinxin, nickName=辛鑫, userType=00, email=1092203240@qq.com, phonenumber=18834581124, sex=0, avatar=http://star-pivot.oss-cn-beijing.aliyuncs.com/avatar/100.png?Expires=1769762102&OSSAccessKeyId=LTAI5tG8uSJeTeuRYEY4x3nG&Signature=tDBMV8iyt8CUYADUsTgefkgG3nE%3D, status=0, loginIp=, loginDate=null, createTime=2026-01-04T15:34:36, remark=作者，超级管理员, roleIds=[1, 100], roleNames=[超级管理员, 测试专属], postIds=[1], postNames=[董事长], isLocked=false), UserVO(userId=1, deptId=103, deptName=研发部门, userName=admin, nickName=超级管理员, userType=00, email=admin@163.com, phonenumber=18518712878, sex=0, avatar=http://star-pivot.oss-cn-beijing.aliyuncs.com/user/1/avatar_37095539-08cc-4144-939d-3bfc21544285.png?Expires=176...', 0, '', '2026-01-23 23:39:12', 34);
INSERT INTO `sys_oper_log` VALUES (347, '用户管理', 0, 'com.star.pivot.controller.SysUserController.getUserById()', 'GET', 1, 'xinxin', '星枢科技', '/api/sys/user/100', '0:0:0:0:0:0:0:1', '', '[100]', 'Result(code=200, message=操作成功, data=UserVO(userId=100, deptId=100, deptName=星枢科技, userName=xinxin, nickName=辛鑫, userType=00, email=1092203240@qq.com, phonenumber=18834581124, sex=0, avatar=http://star-pivot.oss-cn-beijing.aliyuncs.com/avatar/100.png?Expires=1769762102&OSSAccessKeyId=LTAI5tG8uSJeTeuRYEY4x3nG&Signature=tDBMV8iyt8CUYADUsTgefkgG3nE%3D, status=0, loginIp=, loginDate=null, createTime=2026-01-04T15:34:36, remark=作者，超级管理员, roleIds=[1, 100], roleNames=[超级管理员, 测试专属], postIds=[1], postNames=[董事长], isLocked=false), timestamp=1769182754383)', 0, '', '2026-01-23 23:39:14', 11);
INSERT INTO `sys_oper_log` VALUES (348, '用户管理', 0, 'com.star.pivot.controller.SysUserController.pageList()', 'POST', 1, 'xinxin', '星枢科技', '/api/sys/user/pageList', '0:0:0:0:0:0:0:1', '', '[{\"pageNum\":1,\"pageSize\":20,\"userName\":null,\"nickName\":null,\"sex\":null,\"status\":\"0\",\"phonenumber\":null,\"email\":null,\"roleId\":null,\"deptId\":null}]', 'Result(code=200, message=操作成功, data=PageResponse(total=5, rows=[UserVO(userId=102, deptId=107, deptName=运维部门, userName=zhangsan, nickName=张三, userType=00, email=zhangsan@qq.com, phonenumber=18812345678, sex=1, avatar=http://star-pivot.oss-cn-beijing.aliyuncs.com/user/102/avatar_bfe7b78b-3e54-4a14-be8f-85e74c7abbcb.webp?Expires=1769755945&OSSAccessKeyId=LTAI5tG8uSJeTeuRYEY4x3nG&Signature=45TyVskk5t6gF44mLNV7mfoik7M%3D, status=0, loginIp=, loginDate=null, createTime=2026-01-14T18:04:51, remark=张三-普通员工, roleIds=[2], roleNames=[普通角色], postIds=[4], postNames=[普通员工], isLocked=false), UserVO(userId=101, deptId=105, deptName=测试部门, userName=test, nickName=测试用户, userType=00, email=123@qq.com, phonenumber=18825454547, sex=0, avatar=http://star-pivot.oss-cn-beijing.aliyuncs.com/avatar/101.webp?Expires=1769762054&OSSAccessKeyId=LTAI5tG8uSJeTeuRYEY4x3nG&Signature=GvZLy1UTJI%2BY2hN9YuWbFdJRGNo%3D, status=0, loginIp=, loginDate=null, createTime=2026-01-04T16:50:12, remark=测试用户专属, roleIds=[2, 100], roleNames=[普通角色, 测试专属], postIds=[4], postNames=[普通员工], isLocked=false), UserVO(userId=100, deptId=100, deptName=星枢科技, userName=xinxin, nickName=辛鑫, userType=00, email=1092203240@qq.com, phonenumber=18834581124, sex=0, avatar=http://star-pivot.oss-cn-beijing.aliyuncs.com/avatar/100.png?Expires=1769762102&OSSAccessKeyId=LTAI5tG8uSJeTeuRYEY4x3nG&Signature=tDBMV8iyt8CUYADUsTgefkgG3nE%3D, status=0, loginIp=, loginDate=null, createTime=2026-01-04T15:34:36, remark=作者，超级管理员, roleIds=[1, 100], roleNames=[超级管理员, 测试专属], postIds=[1], postNames=[董事长], isLocked=false), UserVO(userId=1, deptId=103, deptName=研发部门, userName=admin, nickName=超级管理员, userType=00, email=admin@163.com, phonenumber=18518712878, sex=0, avatar=http://star-pivot.oss-cn-beijing.aliyuncs.com/user/1/avatar_37095539-08cc-4144-939d-3bfc21544285.png?Expires=176...', 0, '', '2026-01-23 23:39:28', 10);
INSERT INTO `sys_oper_log` VALUES (349, '用户管理', 0, 'com.star.pivot.controller.SysUserController.pageList()', 'POST', 1, 'xinxin', '星枢科技', '/api/sys/user/pageList', '0:0:0:0:0:0:0:1', '', '[{\"pageNum\":1,\"pageSize\":20,\"userName\":null,\"nickName\":null,\"sex\":null,\"status\":\"0\",\"phonenumber\":null,\"email\":null,\"roleId\":null,\"deptId\":null}]', 'Result(code=200, message=操作成功, data=PageResponse(total=5, rows=[UserVO(userId=102, deptId=107, deptName=运维部门, userName=zhangsan, nickName=张三, userType=00, email=zhangsan@qq.com, phonenumber=18812345678, sex=1, avatar=http://star-pivot.oss-cn-beijing.aliyuncs.com/user/102/avatar_bfe7b78b-3e54-4a14-be8f-85e74c7abbcb.webp?Expires=1769755945&OSSAccessKeyId=LTAI5tG8uSJeTeuRYEY4x3nG&Signature=45TyVskk5t6gF44mLNV7mfoik7M%3D, status=0, loginIp=, loginDate=null, createTime=2026-01-14T18:04:51, remark=张三-普通员工, roleIds=[2], roleNames=[普通角色], postIds=[4], postNames=[普通员工], isLocked=false), UserVO(userId=101, deptId=105, deptName=测试部门, userName=test, nickName=测试用户, userType=00, email=123@qq.com, phonenumber=18825454547, sex=0, avatar=http://star-pivot.oss-cn-beijing.aliyuncs.com/avatar/101.webp?Expires=1769762054&OSSAccessKeyId=LTAI5tG8uSJeTeuRYEY4x3nG&Signature=GvZLy1UTJI%2BY2hN9YuWbFdJRGNo%3D, status=0, loginIp=, loginDate=null, createTime=2026-01-04T16:50:12, remark=测试用户专属, roleIds=[2, 100], roleNames=[普通角色, 测试专属], postIds=[4], postNames=[普通员工], isLocked=false), UserVO(userId=100, deptId=100, deptName=星枢科技, userName=xinxin, nickName=辛鑫, userType=00, email=1092203240@qq.com, phonenumber=18834581124, sex=0, avatar=http://star-pivot.oss-cn-beijing.aliyuncs.com/avatar/100.png?Expires=1769762102&OSSAccessKeyId=LTAI5tG8uSJeTeuRYEY4x3nG&Signature=tDBMV8iyt8CUYADUsTgefkgG3nE%3D, status=0, loginIp=, loginDate=null, createTime=2026-01-04T15:34:36, remark=作者，超级管理员, roleIds=[1, 100], roleNames=[超级管理员, 测试专属], postIds=[1], postNames=[董事长], isLocked=false), UserVO(userId=1, deptId=103, deptName=研发部门, userName=admin, nickName=超级管理员, userType=00, email=admin@163.com, phonenumber=18518712878, sex=0, avatar=http://star-pivot.oss-cn-beijing.aliyuncs.com/user/1/avatar_37095539-08cc-4144-939d-3bfc21544285.png?Expires=176...', 0, '', '2026-01-23 23:39:29', 13);
INSERT INTO `sys_oper_log` VALUES (350, '用户管理', 0, 'com.star.pivot.controller.SysUserController.pageList()', 'POST', 1, 'xinxin', '星枢科技', '/api/sys/user/pageList', '0:0:0:0:0:0:0:1', '', '[{\"pageNum\":1,\"pageSize\":20,\"userName\":null,\"nickName\":null,\"sex\":null,\"status\":\"0\",\"phonenumber\":null,\"email\":null,\"roleId\":null,\"deptId\":null}]', 'Result(code=200, message=操作成功, data=PageResponse(total=5, rows=[UserVO(userId=102, deptId=107, deptName=运维部门, userName=zhangsan, nickName=张三, userType=00, email=zhangsan@qq.com, phonenumber=18812345678, sex=1, avatar=http://star-pivot.oss-cn-beijing.aliyuncs.com/user/102/avatar_bfe7b78b-3e54-4a14-be8f-85e74c7abbcb.webp?Expires=1769755945&OSSAccessKeyId=LTAI5tG8uSJeTeuRYEY4x3nG&Signature=45TyVskk5t6gF44mLNV7mfoik7M%3D, status=0, loginIp=, loginDate=null, createTime=2026-01-14T18:04:51, remark=张三-普通员工, roleIds=[2], roleNames=[普通角色], postIds=[4], postNames=[普通员工], isLocked=false), UserVO(userId=101, deptId=105, deptName=测试部门, userName=test, nickName=测试用户, userType=00, email=123@qq.com, phonenumber=18825454547, sex=0, avatar=http://star-pivot.oss-cn-beijing.aliyuncs.com/avatar/101.webp?Expires=1769762054&OSSAccessKeyId=LTAI5tG8uSJeTeuRYEY4x3nG&Signature=GvZLy1UTJI%2BY2hN9YuWbFdJRGNo%3D, status=0, loginIp=, loginDate=null, createTime=2026-01-04T16:50:12, remark=测试用户专属, roleIds=[2, 100], roleNames=[普通角色, 测试专属], postIds=[4], postNames=[普通员工], isLocked=false), UserVO(userId=100, deptId=100, deptName=星枢科技, userName=xinxin, nickName=辛鑫, userType=00, email=1092203240@qq.com, phonenumber=18834581124, sex=0, avatar=http://star-pivot.oss-cn-beijing.aliyuncs.com/avatar/100.png?Expires=1769762102&OSSAccessKeyId=LTAI5tG8uSJeTeuRYEY4x3nG&Signature=tDBMV8iyt8CUYADUsTgefkgG3nE%3D, status=0, loginIp=, loginDate=null, createTime=2026-01-04T15:34:36, remark=作者，超级管理员, roleIds=[1, 100], roleNames=[超级管理员, 测试专属], postIds=[1], postNames=[董事长], isLocked=false), UserVO(userId=1, deptId=103, deptName=研发部门, userName=admin, nickName=超级管理员, userType=00, email=admin@163.com, phonenumber=18518712878, sex=0, avatar=http://star-pivot.oss-cn-beijing.aliyuncs.com/user/1/avatar_37095539-08cc-4144-939d-3bfc21544285.png?Expires=176...', 0, '', '2026-01-23 23:39:30', 12);
INSERT INTO `sys_oper_log` VALUES (351, '用户管理', 0, 'com.star.pivot.controller.SysUserController.pageList()', 'POST', 1, 'xinxin', '星枢科技', '/api/sys/user/pageList', '0:0:0:0:0:0:0:1', '', '[{\"pageNum\":1,\"pageSize\":20,\"userName\":null,\"nickName\":null,\"sex\":null,\"status\":\"0\",\"phonenumber\":null,\"email\":null,\"roleId\":null,\"deptId\":null}]', 'Result(code=200, message=操作成功, data=PageResponse(total=5, rows=[UserVO(userId=102, deptId=107, deptName=运维部门, userName=zhangsan, nickName=张三, userType=00, email=zhangsan@qq.com, phonenumber=18812345678, sex=1, avatar=http://star-pivot.oss-cn-beijing.aliyuncs.com/user/102/avatar_bfe7b78b-3e54-4a14-be8f-85e74c7abbcb.webp?Expires=1769755945&OSSAccessKeyId=LTAI5tG8uSJeTeuRYEY4x3nG&Signature=45TyVskk5t6gF44mLNV7mfoik7M%3D, status=0, loginIp=, loginDate=null, createTime=2026-01-14T18:04:51, remark=张三-普通员工, roleIds=[2], roleNames=[普通角色], postIds=[4], postNames=[普通员工], isLocked=false), UserVO(userId=101, deptId=105, deptName=测试部门, userName=test, nickName=测试用户, userType=00, email=123@qq.com, phonenumber=18825454547, sex=0, avatar=http://star-pivot.oss-cn-beijing.aliyuncs.com/avatar/101.webp?Expires=1769762054&OSSAccessKeyId=LTAI5tG8uSJeTeuRYEY4x3nG&Signature=GvZLy1UTJI%2BY2hN9YuWbFdJRGNo%3D, status=0, loginIp=, loginDate=null, createTime=2026-01-04T16:50:12, remark=测试用户专属, roleIds=[2, 100], roleNames=[普通角色, 测试专属], postIds=[4], postNames=[普通员工], isLocked=false), UserVO(userId=100, deptId=100, deptName=星枢科技, userName=xinxin, nickName=辛鑫, userType=00, email=1092203240@qq.com, phonenumber=18834581124, sex=0, avatar=http://star-pivot.oss-cn-beijing.aliyuncs.com/avatar/100.png?Expires=1769762102&OSSAccessKeyId=LTAI5tG8uSJeTeuRYEY4x3nG&Signature=tDBMV8iyt8CUYADUsTgefkgG3nE%3D, status=0, loginIp=, loginDate=null, createTime=2026-01-04T15:34:36, remark=作者，超级管理员, roleIds=[1, 100], roleNames=[超级管理员, 测试专属], postIds=[1], postNames=[董事长], isLocked=false), UserVO(userId=1, deptId=103, deptName=研发部门, userName=admin, nickName=超级管理员, userType=00, email=admin@163.com, phonenumber=18518712878, sex=0, avatar=http://star-pivot.oss-cn-beijing.aliyuncs.com/user/1/avatar_37095539-08cc-4144-939d-3bfc21544285.png?Expires=176...', 0, '', '2026-01-23 23:39:31', 11);
INSERT INTO `sys_oper_log` VALUES (352, '用户管理', 0, 'com.star.pivot.controller.SysUserController.pageList()', 'POST', 1, 'xinxin', '星枢科技', '/api/sys/user/pageList', '0:0:0:0:0:0:0:1', '', '[{\"pageNum\":1,\"pageSize\":20,\"userName\":null,\"nickName\":null,\"sex\":null,\"status\":\"0\",\"phonenumber\":null,\"email\":null,\"roleId\":null,\"deptId\":null}]', 'Result(code=200, message=操作成功, data=PageResponse(total=5, rows=[UserVO(userId=102, deptId=107, deptName=运维部门, userName=zhangsan, nickName=张三, userType=00, email=zhangsan@qq.com, phonenumber=18812345678, sex=1, avatar=http://star-pivot.oss-cn-beijing.aliyuncs.com/user/102/avatar_bfe7b78b-3e54-4a14-be8f-85e74c7abbcb.webp?Expires=1769755945&OSSAccessKeyId=LTAI5tG8uSJeTeuRYEY4x3nG&Signature=45TyVskk5t6gF44mLNV7mfoik7M%3D, status=0, loginIp=, loginDate=null, createTime=2026-01-14T18:04:51, remark=张三-普通员工, roleIds=[2], roleNames=[普通角色], postIds=[4], postNames=[普通员工], isLocked=false), UserVO(userId=101, deptId=105, deptName=测试部门, userName=test, nickName=测试用户, userType=00, email=123@qq.com, phonenumber=18825454547, sex=0, avatar=http://star-pivot.oss-cn-beijing.aliyuncs.com/avatar/101.webp?Expires=1769762054&OSSAccessKeyId=LTAI5tG8uSJeTeuRYEY4x3nG&Signature=GvZLy1UTJI%2BY2hN9YuWbFdJRGNo%3D, status=0, loginIp=, loginDate=null, createTime=2026-01-04T16:50:12, remark=测试用户专属, roleIds=[2, 100], roleNames=[普通角色, 测试专属], postIds=[4], postNames=[普通员工], isLocked=false), UserVO(userId=100, deptId=100, deptName=星枢科技, userName=xinxin, nickName=辛鑫, userType=00, email=1092203240@qq.com, phonenumber=18834581124, sex=0, avatar=http://star-pivot.oss-cn-beijing.aliyuncs.com/avatar/100.png?Expires=1769762102&OSSAccessKeyId=LTAI5tG8uSJeTeuRYEY4x3nG&Signature=tDBMV8iyt8CUYADUsTgefkgG3nE%3D, status=0, loginIp=, loginDate=null, createTime=2026-01-04T15:34:36, remark=作者，超级管理员, roleIds=[1, 100], roleNames=[超级管理员, 测试专属], postIds=[1], postNames=[董事长], isLocked=false), UserVO(userId=1, deptId=103, deptName=研发部门, userName=admin, nickName=超级管理员, userType=00, email=admin@163.com, phonenumber=18518712878, sex=0, avatar=http://star-pivot.oss-cn-beijing.aliyuncs.com/user/1/avatar_37095539-08cc-4144-939d-3bfc21544285.png?Expires=176...', 0, '', '2026-01-23 23:39:39', 11);
INSERT INTO `sys_oper_log` VALUES (353, '用户管理', 0, 'com.star.pivot.controller.SysUserController.pageList()', 'POST', 1, 'xinxin', '星枢科技', '/api/sys/user/pageList', '0:0:0:0:0:0:0:1', '', '[{\"pageNum\":1,\"pageSize\":20,\"userName\":null,\"nickName\":null,\"sex\":null,\"status\":\"0\",\"phonenumber\":null,\"email\":null,\"roleId\":null,\"deptId\":null}]', 'Result(code=200, message=操作成功, data=PageResponse(total=5, rows=[UserVO(userId=102, deptId=107, deptName=运维部门, userName=zhangsan, nickName=张三, userType=00, email=zhangsan@qq.com, phonenumber=18812345678, sex=1, avatar=http://star-pivot.oss-cn-beijing.aliyuncs.com/user/102/avatar_bfe7b78b-3e54-4a14-be8f-85e74c7abbcb.webp?Expires=1769755945&OSSAccessKeyId=LTAI5tG8uSJeTeuRYEY4x3nG&Signature=45TyVskk5t6gF44mLNV7mfoik7M%3D, status=0, loginIp=, loginDate=null, createTime=2026-01-14T18:04:51, remark=张三-普通员工, roleIds=[2], roleNames=[普通角色], postIds=[4], postNames=[普通员工], isLocked=false), UserVO(userId=101, deptId=105, deptName=测试部门, userName=test, nickName=测试用户, userType=00, email=123@qq.com, phonenumber=18825454547, sex=0, avatar=http://star-pivot.oss-cn-beijing.aliyuncs.com/avatar/101.webp?Expires=1769762054&OSSAccessKeyId=LTAI5tG8uSJeTeuRYEY4x3nG&Signature=GvZLy1UTJI%2BY2hN9YuWbFdJRGNo%3D, status=0, loginIp=, loginDate=null, createTime=2026-01-04T16:50:12, remark=测试用户专属, roleIds=[2, 100], roleNames=[普通角色, 测试专属], postIds=[4], postNames=[普通员工], isLocked=false), UserVO(userId=100, deptId=100, deptName=星枢科技, userName=xinxin, nickName=辛鑫, userType=00, email=1092203240@qq.com, phonenumber=18834581124, sex=0, avatar=http://star-pivot.oss-cn-beijing.aliyuncs.com/avatar/100.png?Expires=1769762102&OSSAccessKeyId=LTAI5tG8uSJeTeuRYEY4x3nG&Signature=tDBMV8iyt8CUYADUsTgefkgG3nE%3D, status=0, loginIp=, loginDate=null, createTime=2026-01-04T15:34:36, remark=作者，超级管理员, roleIds=[1, 100], roleNames=[超级管理员, 测试专属], postIds=[1], postNames=[董事长], isLocked=false), UserVO(userId=1, deptId=103, deptName=研发部门, userName=admin, nickName=超级管理员, userType=00, email=admin@163.com, phonenumber=18518712878, sex=0, avatar=http://star-pivot.oss-cn-beijing.aliyuncs.com/user/1/avatar_37095539-08cc-4144-939d-3bfc21544285.png?Expires=176...', 0, '', '2026-01-23 23:53:18', 14);
INSERT INTO `sys_oper_log` VALUES (354, '用户管理', 0, 'com.star.pivot.controller.SysUserController.pageList()', 'POST', 1, 'xinxin', '星枢科技', '/api/sys/user/pageList', '0:0:0:0:0:0:0:1', '', '[{\"pageNum\":1,\"pageSize\":20,\"userName\":null,\"nickName\":null,\"sex\":null,\"status\":\"0\",\"phonenumber\":null,\"email\":null,\"roleId\":null,\"deptId\":null}]', 'Result(code=200, message=操作成功, data=PageResponse(total=5, rows=[UserVO(userId=102, deptId=107, deptName=运维部门, userName=zhangsan, nickName=张三, userType=00, email=zhangsan@qq.com, phonenumber=18812345678, sex=1, avatar=http://star-pivot.oss-cn-beijing.aliyuncs.com/user/102/avatar_bfe7b78b-3e54-4a14-be8f-85e74c7abbcb.webp?Expires=1769755945&OSSAccessKeyId=LTAI5tG8uSJeTeuRYEY4x3nG&Signature=45TyVskk5t6gF44mLNV7mfoik7M%3D, status=0, loginIp=, loginDate=null, createTime=2026-01-14T18:04:51, remark=张三-普通员工, roleIds=[2], roleNames=[普通角色], postIds=[4], postNames=[普通员工], isLocked=false), UserVO(userId=101, deptId=105, deptName=测试部门, userName=test, nickName=测试用户, userType=00, email=123@qq.com, phonenumber=18825454547, sex=0, avatar=http://star-pivot.oss-cn-beijing.aliyuncs.com/avatar/101.webp?Expires=1769762054&OSSAccessKeyId=LTAI5tG8uSJeTeuRYEY4x3nG&Signature=GvZLy1UTJI%2BY2hN9YuWbFdJRGNo%3D, status=0, loginIp=, loginDate=null, createTime=2026-01-04T16:50:12, remark=测试用户专属, roleIds=[2, 100], roleNames=[普通角色, 测试专属], postIds=[4], postNames=[普通员工], isLocked=false), UserVO(userId=100, deptId=100, deptName=星枢科技, userName=xinxin, nickName=辛鑫, userType=00, email=1092203240@qq.com, phonenumber=18834581124, sex=0, avatar=http://star-pivot.oss-cn-beijing.aliyuncs.com/avatar/100.png?Expires=1769762102&OSSAccessKeyId=LTAI5tG8uSJeTeuRYEY4x3nG&Signature=tDBMV8iyt8CUYADUsTgefkgG3nE%3D, status=0, loginIp=, loginDate=null, createTime=2026-01-04T15:34:36, remark=作者，超级管理员, roleIds=[1, 100], roleNames=[超级管理员, 测试专属], postIds=[1], postNames=[董事长], isLocked=false), UserVO(userId=1, deptId=103, deptName=研发部门, userName=admin, nickName=超级管理员, userType=00, email=admin@163.com, phonenumber=18518712878, sex=0, avatar=http://star-pivot.oss-cn-beijing.aliyuncs.com/user/1/avatar_37095539-08cc-4144-939d-3bfc21544285.png?Expires=176...', 0, '', '2026-01-23 23:53:20', 13);
INSERT INTO `sys_oper_log` VALUES (355, '用户管理', 0, 'com.star.pivot.controller.SysUserController.pageList()', 'POST', 1, 'xinxin', '星枢科技', '/api/sys/user/pageList', '0:0:0:0:0:0:0:1', '', '[{\"pageNum\":1,\"pageSize\":20,\"userName\":null,\"nickName\":null,\"sex\":null,\"status\":\"0\",\"phonenumber\":null,\"email\":null,\"roleId\":null,\"deptId\":null}]', 'Result(code=200, message=操作成功, data=PageResponse(total=5, rows=[UserVO(userId=102, deptId=107, deptName=运维部门, userName=zhangsan, nickName=张三, userType=00, email=zhangsan@qq.com, phonenumber=18812345678, sex=1, avatar=http://star-pivot.oss-cn-beijing.aliyuncs.com/user/102/avatar_bfe7b78b-3e54-4a14-be8f-85e74c7abbcb.webp?Expires=1769755945&OSSAccessKeyId=LTAI5tG8uSJeTeuRYEY4x3nG&Signature=45TyVskk5t6gF44mLNV7mfoik7M%3D, status=0, loginIp=, loginDate=null, createTime=2026-01-14T18:04:51, remark=张三-普通员工, roleIds=[2], roleNames=[普通角色], postIds=[4], postNames=[普通员工], isLocked=false), UserVO(userId=101, deptId=105, deptName=测试部门, userName=test, nickName=测试用户, userType=00, email=123@qq.com, phonenumber=18825454547, sex=0, avatar=http://star-pivot.oss-cn-beijing.aliyuncs.com/avatar/101.webp?Expires=1769762054&OSSAccessKeyId=LTAI5tG8uSJeTeuRYEY4x3nG&Signature=GvZLy1UTJI%2BY2hN9YuWbFdJRGNo%3D, status=0, loginIp=, loginDate=null, createTime=2026-01-04T16:50:12, remark=测试用户专属, roleIds=[2, 100], roleNames=[普通角色, 测试专属], postIds=[4], postNames=[普通员工], isLocked=false), UserVO(userId=100, deptId=100, deptName=星枢科技, userName=xinxin, nickName=辛鑫, userType=00, email=1092203240@qq.com, phonenumber=18834581124, sex=0, avatar=http://star-pivot.oss-cn-beijing.aliyuncs.com/avatar/100.png?Expires=1769762102&OSSAccessKeyId=LTAI5tG8uSJeTeuRYEY4x3nG&Signature=tDBMV8iyt8CUYADUsTgefkgG3nE%3D, status=0, loginIp=, loginDate=null, createTime=2026-01-04T15:34:36, remark=作者，超级管理员, roleIds=[1, 100], roleNames=[超级管理员, 测试专属], postIds=[1], postNames=[董事长], isLocked=false), UserVO(userId=1, deptId=103, deptName=研发部门, userName=admin, nickName=超级管理员, userType=00, email=admin@163.com, phonenumber=18518712878, sex=0, avatar=http://star-pivot.oss-cn-beijing.aliyuncs.com/user/1/avatar_37095539-08cc-4144-939d-3bfc21544285.png?Expires=176...', 0, '', '2026-01-23 23:53:23', 13);
INSERT INTO `sys_oper_log` VALUES (356, '用户管理', 0, 'com.star.pivot.controller.SysUserController.pageList()', 'POST', 1, 'xinxin', '星枢科技', '/api/sys/user/pageList', '0:0:0:0:0:0:0:1', '', '[{\"pageNum\":1,\"pageSize\":20,\"userName\":null,\"nickName\":null,\"sex\":null,\"status\":\"0\",\"phonenumber\":null,\"email\":null,\"roleId\":null,\"deptId\":null}]', 'Result(code=200, message=操作成功, data=PageResponse(total=5, rows=[UserVO(userId=102, deptId=107, deptName=运维部门, userName=zhangsan, nickName=张三, userType=00, email=zhangsan@qq.com, phonenumber=18812345678, sex=1, avatar=http://star-pivot.oss-cn-beijing.aliyuncs.com/user/102/avatar_bfe7b78b-3e54-4a14-be8f-85e74c7abbcb.webp?Expires=1769755945&OSSAccessKeyId=LTAI5tG8uSJeTeuRYEY4x3nG&Signature=45TyVskk5t6gF44mLNV7mfoik7M%3D, status=0, loginIp=, loginDate=null, createTime=2026-01-14T18:04:51, remark=张三-普通员工, roleIds=[2], roleNames=[普通角色], postIds=[4], postNames=[普通员工], isLocked=false), UserVO(userId=101, deptId=105, deptName=测试部门, userName=test, nickName=测试用户, userType=00, email=123@qq.com, phonenumber=18825454547, sex=0, avatar=http://star-pivot.oss-cn-beijing.aliyuncs.com/avatar/101.webp?Expires=1769762054&OSSAccessKeyId=LTAI5tG8uSJeTeuRYEY4x3nG&Signature=GvZLy1UTJI%2BY2hN9YuWbFdJRGNo%3D, status=0, loginIp=, loginDate=null, createTime=2026-01-04T16:50:12, remark=测试用户专属, roleIds=[2, 100], roleNames=[普通角色, 测试专属], postIds=[4], postNames=[普通员工], isLocked=false), UserVO(userId=100, deptId=100, deptName=星枢科技, userName=xinxin, nickName=辛鑫, userType=00, email=1092203240@qq.com, phonenumber=18834581124, sex=0, avatar=http://star-pivot.oss-cn-beijing.aliyuncs.com/avatar/100.png?Expires=1769762102&OSSAccessKeyId=LTAI5tG8uSJeTeuRYEY4x3nG&Signature=tDBMV8iyt8CUYADUsTgefkgG3nE%3D, status=0, loginIp=, loginDate=null, createTime=2026-01-04T15:34:36, remark=作者，超级管理员, roleIds=[1, 100], roleNames=[超级管理员, 测试专属], postIds=[1], postNames=[董事长], isLocked=false), UserVO(userId=1, deptId=103, deptName=研发部门, userName=admin, nickName=超级管理员, userType=00, email=admin@163.com, phonenumber=18518712878, sex=0, avatar=http://star-pivot.oss-cn-beijing.aliyuncs.com/user/1/avatar_37095539-08cc-4144-939d-3bfc21544285.png?Expires=176...', 0, '', '2026-01-23 23:53:25', 16);
INSERT INTO `sys_oper_log` VALUES (357, '用户管理', 0, 'com.star.pivot.controller.SysUserController.pageList()', 'POST', 1, 'xinxin', '星枢科技', '/api/sys/user/pageList', '0:0:0:0:0:0:0:1', '', '[{\"pageNum\":1,\"pageSize\":20,\"userName\":null,\"nickName\":null,\"sex\":null,\"status\":\"0\",\"phonenumber\":null,\"email\":null,\"roleId\":null,\"deptId\":null}]', 'Result(code=200, message=操作成功, data=PageResponse(total=5, rows=[UserVO(userId=102, deptId=107, deptName=运维部门, userName=zhangsan, nickName=张三, userType=00, email=zhangsan@qq.com, phonenumber=18812345678, sex=1, avatar=http://star-pivot.oss-cn-beijing.aliyuncs.com/user/102/avatar_bfe7b78b-3e54-4a14-be8f-85e74c7abbcb.webp?Expires=1769755945&OSSAccessKeyId=LTAI5tG8uSJeTeuRYEY4x3nG&Signature=45TyVskk5t6gF44mLNV7mfoik7M%3D, status=0, loginIp=, loginDate=null, createTime=2026-01-14T18:04:51, remark=张三-普通员工, roleIds=[2], roleNames=[普通角色], postIds=[4], postNames=[普通员工], isLocked=false), UserVO(userId=101, deptId=105, deptName=测试部门, userName=test, nickName=测试用户, userType=00, email=123@qq.com, phonenumber=18825454547, sex=0, avatar=http://star-pivot.oss-cn-beijing.aliyuncs.com/avatar/101.webp?Expires=1769762054&OSSAccessKeyId=LTAI5tG8uSJeTeuRYEY4x3nG&Signature=GvZLy1UTJI%2BY2hN9YuWbFdJRGNo%3D, status=0, loginIp=, loginDate=null, createTime=2026-01-04T16:50:12, remark=测试用户专属, roleIds=[2, 100], roleNames=[普通角色, 测试专属], postIds=[4], postNames=[普通员工], isLocked=false), UserVO(userId=100, deptId=100, deptName=星枢科技, userName=xinxin, nickName=辛鑫, userType=00, email=1092203240@qq.com, phonenumber=18834581124, sex=0, avatar=http://star-pivot.oss-cn-beijing.aliyuncs.com/avatar/100.png?Expires=1769762102&OSSAccessKeyId=LTAI5tG8uSJeTeuRYEY4x3nG&Signature=tDBMV8iyt8CUYADUsTgefkgG3nE%3D, status=0, loginIp=, loginDate=null, createTime=2026-01-04T15:34:36, remark=作者，超级管理员, roleIds=[1, 100], roleNames=[超级管理员, 测试专属], postIds=[1], postNames=[董事长], isLocked=false), UserVO(userId=1, deptId=103, deptName=研发部门, userName=admin, nickName=超级管理员, userType=00, email=admin@163.com, phonenumber=18518712878, sex=0, avatar=http://star-pivot.oss-cn-beijing.aliyuncs.com/user/1/avatar_37095539-08cc-4144-939d-3bfc21544285.png?Expires=176...', 0, '', '2026-01-23 23:53:27', 11);
INSERT INTO `sys_oper_log` VALUES (358, '用户管理', 0, 'com.star.pivot.controller.SysUserController.pageList()', 'POST', 1, 'xinxin', '星枢科技', '/api/sys/user/pageList', '0:0:0:0:0:0:0:1', '', '[{\"pageNum\":1,\"pageSize\":20,\"userName\":null,\"nickName\":null,\"sex\":null,\"status\":\"0\",\"phonenumber\":null,\"email\":null,\"roleId\":null,\"deptId\":null}]', 'Result(code=200, message=操作成功, data=PageResponse(total=5, rows=[UserVO(userId=102, deptId=107, deptName=运维部门, userName=zhangsan, nickName=张三, userType=00, email=zhangsan@qq.com, phonenumber=18812345678, sex=1, avatar=http://star-pivot.oss-cn-beijing.aliyuncs.com/user/102/avatar_bfe7b78b-3e54-4a14-be8f-85e74c7abbcb.webp?Expires=1769755945&OSSAccessKeyId=LTAI5tG8uSJeTeuRYEY4x3nG&Signature=45TyVskk5t6gF44mLNV7mfoik7M%3D, status=0, loginIp=, loginDate=null, createTime=2026-01-14T18:04:51, remark=张三-普通员工, roleIds=[2], roleNames=[普通角色], postIds=[4], postNames=[普通员工], isLocked=false), UserVO(userId=101, deptId=105, deptName=测试部门, userName=test, nickName=测试用户, userType=00, email=123@qq.com, phonenumber=18825454547, sex=0, avatar=http://star-pivot.oss-cn-beijing.aliyuncs.com/avatar/101.webp?Expires=1769762054&OSSAccessKeyId=LTAI5tG8uSJeTeuRYEY4x3nG&Signature=GvZLy1UTJI%2BY2hN9YuWbFdJRGNo%3D, status=0, loginIp=, loginDate=null, createTime=2026-01-04T16:50:12, remark=测试用户专属, roleIds=[2, 100], roleNames=[普通角色, 测试专属], postIds=[4], postNames=[普通员工], isLocked=false), UserVO(userId=100, deptId=100, deptName=星枢科技, userName=xinxin, nickName=辛鑫, userType=00, email=1092203240@qq.com, phonenumber=18834581124, sex=0, avatar=http://star-pivot.oss-cn-beijing.aliyuncs.com/avatar/100.png?Expires=1769762102&OSSAccessKeyId=LTAI5tG8uSJeTeuRYEY4x3nG&Signature=tDBMV8iyt8CUYADUsTgefkgG3nE%3D, status=0, loginIp=, loginDate=null, createTime=2026-01-04T15:34:36, remark=作者，超级管理员, roleIds=[1, 100], roleNames=[超级管理员, 测试专属], postIds=[1], postNames=[董事长], isLocked=false), UserVO(userId=1, deptId=103, deptName=研发部门, userName=admin, nickName=超级管理员, userType=00, email=admin@163.com, phonenumber=18518712878, sex=0, avatar=http://star-pivot.oss-cn-beijing.aliyuncs.com/user/1/avatar_37095539-08cc-4144-939d-3bfc21544285.png?Expires=176...', 0, '', '2026-01-23 23:53:29', 10);
INSERT INTO `sys_oper_log` VALUES (359, '用户管理', 0, 'com.star.pivot.controller.SysUserController.pageList()', 'POST', 1, 'xinxin', '星枢科技', '/api/sys/user/pageList', '0:0:0:0:0:0:0:1', '', '[{\"pageNum\":1,\"pageSize\":20,\"userName\":null,\"nickName\":null,\"sex\":null,\"status\":\"0\",\"phonenumber\":null,\"email\":null,\"roleId\":null,\"deptId\":null}]', 'Result(code=200, message=操作成功, data=PageResponse(total=5, rows=[UserVO(userId=102, deptId=107, deptName=运维部门, userName=zhangsan, nickName=张三, userType=00, email=zhangsan@qq.com, phonenumber=18812345678, sex=1, avatar=http://star-pivot.oss-cn-beijing.aliyuncs.com/user/102/avatar_bfe7b78b-3e54-4a14-be8f-85e74c7abbcb.webp?Expires=1769755945&OSSAccessKeyId=LTAI5tG8uSJeTeuRYEY4x3nG&Signature=45TyVskk5t6gF44mLNV7mfoik7M%3D, status=0, loginIp=, loginDate=null, createTime=2026-01-14T18:04:51, remark=张三-普通员工, roleIds=[2], roleNames=[普通角色], postIds=[4], postNames=[普通员工], isLocked=false), UserVO(userId=101, deptId=105, deptName=测试部门, userName=test, nickName=测试用户, userType=00, email=123@qq.com, phonenumber=18825454547, sex=0, avatar=http://star-pivot.oss-cn-beijing.aliyuncs.com/avatar/101.webp?Expires=1769762054&OSSAccessKeyId=LTAI5tG8uSJeTeuRYEY4x3nG&Signature=GvZLy1UTJI%2BY2hN9YuWbFdJRGNo%3D, status=0, loginIp=, loginDate=null, createTime=2026-01-04T16:50:12, remark=测试用户专属, roleIds=[2, 100], roleNames=[普通角色, 测试专属], postIds=[4], postNames=[普通员工], isLocked=false), UserVO(userId=100, deptId=100, deptName=星枢科技, userName=xinxin, nickName=辛鑫, userType=00, email=1092203240@qq.com, phonenumber=18834581124, sex=0, avatar=http://star-pivot.oss-cn-beijing.aliyuncs.com/avatar/100.png?Expires=1769762102&OSSAccessKeyId=LTAI5tG8uSJeTeuRYEY4x3nG&Signature=tDBMV8iyt8CUYADUsTgefkgG3nE%3D, status=0, loginIp=, loginDate=null, createTime=2026-01-04T15:34:36, remark=作者，超级管理员, roleIds=[1, 100], roleNames=[超级管理员, 测试专属], postIds=[1], postNames=[董事长], isLocked=false), UserVO(userId=1, deptId=103, deptName=研发部门, userName=admin, nickName=超级管理员, userType=00, email=admin@163.com, phonenumber=18518712878, sex=0, avatar=http://star-pivot.oss-cn-beijing.aliyuncs.com/user/1/avatar_37095539-08cc-4144-939d-3bfc21544285.png?Expires=176...', 0, '', '2026-01-23 23:53:33', 11);
INSERT INTO `sys_oper_log` VALUES (360, '用户管理', 0, 'com.star.pivot.controller.SysUserController.pageList()', 'POST', 1, 'xinxin', '星枢科技', '/api/sys/user/pageList', '0:0:0:0:0:0:0:1', '', '[{\"pageNum\":1,\"pageSize\":20,\"userName\":null,\"nickName\":null,\"sex\":null,\"status\":\"0\",\"phonenumber\":null,\"email\":null,\"roleId\":null,\"deptId\":null}]', 'Result(code=200, message=操作成功, data=PageResponse(total=5, rows=[UserVO(userId=102, deptId=107, deptName=运维部门, userName=zhangsan, nickName=张三, userType=00, email=zhangsan@qq.com, phonenumber=18812345678, sex=1, avatar=http://star-pivot.oss-cn-beijing.aliyuncs.com/user/102/avatar_bfe7b78b-3e54-4a14-be8f-85e74c7abbcb.webp?Expires=1769755945&OSSAccessKeyId=LTAI5tG8uSJeTeuRYEY4x3nG&Signature=45TyVskk5t6gF44mLNV7mfoik7M%3D, status=0, loginIp=, loginDate=null, createTime=2026-01-14T18:04:51, remark=张三-普通员工, roleIds=[2], roleNames=[普通角色], postIds=[4], postNames=[普通员工], isLocked=false), UserVO(userId=101, deptId=105, deptName=测试部门, userName=test, nickName=测试用户, userType=00, email=123@qq.com, phonenumber=18825454547, sex=0, avatar=http://star-pivot.oss-cn-beijing.aliyuncs.com/avatar/101.webp?Expires=1769762054&OSSAccessKeyId=LTAI5tG8uSJeTeuRYEY4x3nG&Signature=GvZLy1UTJI%2BY2hN9YuWbFdJRGNo%3D, status=0, loginIp=, loginDate=null, createTime=2026-01-04T16:50:12, remark=测试用户专属, roleIds=[2, 100], roleNames=[普通角色, 测试专属], postIds=[4], postNames=[普通员工], isLocked=false), UserVO(userId=100, deptId=100, deptName=星枢科技, userName=xinxin, nickName=辛鑫, userType=00, email=1092203240@qq.com, phonenumber=18834581124, sex=0, avatar=http://star-pivot.oss-cn-beijing.aliyuncs.com/avatar/100.png?Expires=1769762102&OSSAccessKeyId=LTAI5tG8uSJeTeuRYEY4x3nG&Signature=tDBMV8iyt8CUYADUsTgefkgG3nE%3D, status=0, loginIp=, loginDate=null, createTime=2026-01-04T15:34:36, remark=作者，超级管理员, roleIds=[1, 100], roleNames=[超级管理员, 测试专属], postIds=[1], postNames=[董事长], isLocked=false), UserVO(userId=1, deptId=103, deptName=研发部门, userName=admin, nickName=超级管理员, userType=00, email=admin@163.com, phonenumber=18518712878, sex=0, avatar=http://star-pivot.oss-cn-beijing.aliyuncs.com/user/1/avatar_37095539-08cc-4144-939d-3bfc21544285.png?Expires=176...', 0, '', '2026-01-23 23:53:40', 11);
INSERT INTO `sys_oper_log` VALUES (361, '用户管理', 0, 'com.star.pivot.controller.SysUserController.pageList()', 'POST', 1, 'xinxin', '星枢科技', '/api/sys/user/pageList', '0:0:0:0:0:0:0:1', '', '[{\"pageNum\":1,\"pageSize\":20,\"userName\":null,\"nickName\":null,\"sex\":null,\"status\":\"0\",\"phonenumber\":null,\"email\":null,\"roleId\":null,\"deptId\":null}]', 'Result(code=200, message=操作成功, data=PageResponse(total=5, rows=[UserVO(userId=102, deptId=107, deptName=运维部门, userName=zhangsan, nickName=张三, userType=00, email=zhangsan@qq.com, phonenumber=18812345678, sex=1, avatar=http://star-pivot.oss-cn-beijing.aliyuncs.com/user/102/avatar_bfe7b78b-3e54-4a14-be8f-85e74c7abbcb.webp?Expires=1769755945&OSSAccessKeyId=LTAI5tG8uSJeTeuRYEY4x3nG&Signature=45TyVskk5t6gF44mLNV7mfoik7M%3D, status=0, loginIp=, loginDate=null, createTime=2026-01-14T18:04:51, remark=张三-普通员工, roleIds=[2], roleNames=[普通角色], postIds=[4], postNames=[普通员工], isLocked=false), UserVO(userId=101, deptId=105, deptName=测试部门, userName=test, nickName=测试用户, userType=00, email=123@qq.com, phonenumber=18825454547, sex=0, avatar=http://star-pivot.oss-cn-beijing.aliyuncs.com/avatar/101.webp?Expires=1769762054&OSSAccessKeyId=LTAI5tG8uSJeTeuRYEY4x3nG&Signature=GvZLy1UTJI%2BY2hN9YuWbFdJRGNo%3D, status=0, loginIp=, loginDate=null, createTime=2026-01-04T16:50:12, remark=测试用户专属, roleIds=[2, 100], roleNames=[普通角色, 测试专属], postIds=[4], postNames=[普通员工], isLocked=false), UserVO(userId=100, deptId=100, deptName=星枢科技, userName=xinxin, nickName=辛鑫, userType=00, email=1092203240@qq.com, phonenumber=18834581124, sex=0, avatar=http://star-pivot.oss-cn-beijing.aliyuncs.com/avatar/100.png?Expires=1769762102&OSSAccessKeyId=LTAI5tG8uSJeTeuRYEY4x3nG&Signature=tDBMV8iyt8CUYADUsTgefkgG3nE%3D, status=0, loginIp=, loginDate=null, createTime=2026-01-04T15:34:36, remark=作者，超级管理员, roleIds=[1, 100], roleNames=[超级管理员, 测试专属], postIds=[1], postNames=[董事长], isLocked=false), UserVO(userId=1, deptId=103, deptName=研发部门, userName=admin, nickName=超级管理员, userType=00, email=admin@163.com, phonenumber=18518712878, sex=0, avatar=http://star-pivot.oss-cn-beijing.aliyuncs.com/user/1/avatar_37095539-08cc-4144-939d-3bfc21544285.png?Expires=176...', 0, '', '2026-01-23 23:53:43', 11);
INSERT INTO `sys_oper_log` VALUES (362, '用户管理', 0, 'com.star.pivot.controller.SysUserController.pageList()', 'POST', 1, 'xinxin', '星枢科技', '/api/sys/user/pageList', '0:0:0:0:0:0:0:1', '', '[{\"pageNum\":1,\"pageSize\":20,\"userName\":null,\"nickName\":null,\"sex\":null,\"status\":\"0\",\"phonenumber\":null,\"email\":null,\"roleId\":null,\"deptId\":null}]', 'Result(code=200, message=操作成功, data=PageResponse(total=5, rows=[UserVO(userId=102, deptId=107, deptName=运维部门, userName=zhangsan, nickName=张三, userType=00, email=zhangsan@qq.com, phonenumber=18812345678, sex=1, avatar=http://star-pivot.oss-cn-beijing.aliyuncs.com/user/102/avatar_bfe7b78b-3e54-4a14-be8f-85e74c7abbcb.webp?Expires=1769755945&OSSAccessKeyId=LTAI5tG8uSJeTeuRYEY4x3nG&Signature=45TyVskk5t6gF44mLNV7mfoik7M%3D, status=0, loginIp=, loginDate=null, createTime=2026-01-14T18:04:51, remark=张三-普通员工, roleIds=[2], roleNames=[普通角色], postIds=[4], postNames=[普通员工], isLocked=false), UserVO(userId=101, deptId=105, deptName=测试部门, userName=test, nickName=测试用户, userType=00, email=123@qq.com, phonenumber=18825454547, sex=0, avatar=http://star-pivot.oss-cn-beijing.aliyuncs.com/avatar/101.webp?Expires=1769762054&OSSAccessKeyId=LTAI5tG8uSJeTeuRYEY4x3nG&Signature=GvZLy1UTJI%2BY2hN9YuWbFdJRGNo%3D, status=0, loginIp=, loginDate=null, createTime=2026-01-04T16:50:12, remark=测试用户专属, roleIds=[2, 100], roleNames=[普通角色, 测试专属], postIds=[4], postNames=[普通员工], isLocked=false), UserVO(userId=100, deptId=100, deptName=星枢科技, userName=xinxin, nickName=辛鑫, userType=00, email=1092203240@qq.com, phonenumber=18834581124, sex=0, avatar=http://star-pivot.oss-cn-beijing.aliyuncs.com/avatar/100.png?Expires=1769762102&OSSAccessKeyId=LTAI5tG8uSJeTeuRYEY4x3nG&Signature=tDBMV8iyt8CUYADUsTgefkgG3nE%3D, status=0, loginIp=, loginDate=null, createTime=2026-01-04T15:34:36, remark=作者，超级管理员, roleIds=[1, 100], roleNames=[超级管理员, 测试专属], postIds=[1], postNames=[董事长], isLocked=false), UserVO(userId=1, deptId=103, deptName=研发部门, userName=admin, nickName=超级管理员, userType=00, email=admin@163.com, phonenumber=18518712878, sex=0, avatar=http://star-pivot.oss-cn-beijing.aliyuncs.com/user/1/avatar_37095539-08cc-4144-939d-3bfc21544285.png?Expires=176...', 0, '', '2026-01-23 23:53:45', 12);
INSERT INTO `sys_oper_log` VALUES (363, '用户管理', 0, 'com.star.pivot.controller.SysUserController.pageList()', 'POST', 1, 'xinxin', '星枢科技', '/api/sys/user/pageList', '0:0:0:0:0:0:0:1', '', '[{\"pageNum\":1,\"pageSize\":20,\"userName\":null,\"nickName\":null,\"sex\":null,\"status\":\"0\",\"phonenumber\":null,\"email\":null,\"roleId\":null,\"deptId\":null}]', 'Result(code=200, message=操作成功, data=PageResponse(total=5, rows=[UserVO(userId=102, deptId=107, deptName=运维部门, userName=zhangsan, nickName=张三, userType=00, email=zhangsan@qq.com, phonenumber=18812345678, sex=1, avatar=http://star-pivot.oss-cn-beijing.aliyuncs.com/user/102/avatar_bfe7b78b-3e54-4a14-be8f-85e74c7abbcb.webp?Expires=1769755945&OSSAccessKeyId=LTAI5tG8uSJeTeuRYEY4x3nG&Signature=45TyVskk5t6gF44mLNV7mfoik7M%3D, status=0, loginIp=, loginDate=null, createTime=2026-01-14T18:04:51, remark=张三-普通员工, roleIds=[2], roleNames=[普通角色], postIds=[4], postNames=[普通员工], isLocked=false), UserVO(userId=101, deptId=105, deptName=测试部门, userName=test, nickName=测试用户, userType=00, email=123@qq.com, phonenumber=18825454547, sex=0, avatar=http://star-pivot.oss-cn-beijing.aliyuncs.com/avatar/101.webp?Expires=1769762054&OSSAccessKeyId=LTAI5tG8uSJeTeuRYEY4x3nG&Signature=GvZLy1UTJI%2BY2hN9YuWbFdJRGNo%3D, status=0, loginIp=, loginDate=null, createTime=2026-01-04T16:50:12, remark=测试用户专属, roleIds=[2, 100], roleNames=[普通角色, 测试专属], postIds=[4], postNames=[普通员工], isLocked=false), UserVO(userId=100, deptId=100, deptName=星枢科技, userName=xinxin, nickName=辛鑫, userType=00, email=1092203240@qq.com, phonenumber=18834581124, sex=0, avatar=http://star-pivot.oss-cn-beijing.aliyuncs.com/avatar/100.png?Expires=1769762102&OSSAccessKeyId=LTAI5tG8uSJeTeuRYEY4x3nG&Signature=tDBMV8iyt8CUYADUsTgefkgG3nE%3D, status=0, loginIp=, loginDate=null, createTime=2026-01-04T15:34:36, remark=作者，超级管理员, roleIds=[1, 100], roleNames=[超级管理员, 测试专属], postIds=[1], postNames=[董事长], isLocked=false), UserVO(userId=1, deptId=103, deptName=研发部门, userName=admin, nickName=超级管理员, userType=00, email=admin@163.com, phonenumber=18518712878, sex=0, avatar=http://star-pivot.oss-cn-beijing.aliyuncs.com/user/1/avatar_37095539-08cc-4144-939d-3bfc21544285.png?Expires=176...', 0, '', '2026-01-23 23:53:47', 14);
INSERT INTO `sys_oper_log` VALUES (364, '用户管理', 0, 'com.star.pivot.controller.SysUserController.pageList()', 'POST', 1, 'xinxin', '星枢科技', '/api/sys/user/pageList', '0:0:0:0:0:0:0:1', '', '[{\"pageNum\":1,\"pageSize\":20,\"userName\":null,\"nickName\":null,\"sex\":null,\"status\":\"0\",\"phonenumber\":null,\"email\":null,\"roleId\":null,\"deptId\":null}]', 'Result(code=200, message=操作成功, data=PageResponse(total=5, rows=[UserVO(userId=102, deptId=107, deptName=运维部门, userName=zhangsan, nickName=张三, userType=00, email=zhangsan@qq.com, phonenumber=18812345678, sex=1, avatar=http://star-pivot.oss-cn-beijing.aliyuncs.com/user/102/avatar_bfe7b78b-3e54-4a14-be8f-85e74c7abbcb.webp?Expires=1769755945&OSSAccessKeyId=LTAI5tG8uSJeTeuRYEY4x3nG&Signature=45TyVskk5t6gF44mLNV7mfoik7M%3D, status=0, loginIp=, loginDate=null, createTime=2026-01-14T18:04:51, remark=张三-普通员工, roleIds=[2], roleNames=[普通角色], postIds=[4], postNames=[普通员工], isLocked=false), UserVO(userId=101, deptId=105, deptName=测试部门, userName=test, nickName=测试用户, userType=00, email=123@qq.com, phonenumber=18825454547, sex=0, avatar=http://star-pivot.oss-cn-beijing.aliyuncs.com/avatar/101.webp?Expires=1769762054&OSSAccessKeyId=LTAI5tG8uSJeTeuRYEY4x3nG&Signature=GvZLy1UTJI%2BY2hN9YuWbFdJRGNo%3D, status=0, loginIp=, loginDate=null, createTime=2026-01-04T16:50:12, remark=测试用户专属, roleIds=[2, 100], roleNames=[普通角色, 测试专属], postIds=[4], postNames=[普通员工], isLocked=false), UserVO(userId=100, deptId=100, deptName=星枢科技, userName=xinxin, nickName=辛鑫, userType=00, email=1092203240@qq.com, phonenumber=18834581124, sex=0, avatar=http://star-pivot.oss-cn-beijing.aliyuncs.com/avatar/100.png?Expires=1769762102&OSSAccessKeyId=LTAI5tG8uSJeTeuRYEY4x3nG&Signature=tDBMV8iyt8CUYADUsTgefkgG3nE%3D, status=0, loginIp=, loginDate=null, createTime=2026-01-04T15:34:36, remark=作者，超级管理员, roleIds=[1, 100], roleNames=[超级管理员, 测试专属], postIds=[1], postNames=[董事长], isLocked=false), UserVO(userId=1, deptId=103, deptName=研发部门, userName=admin, nickName=超级管理员, userType=00, email=admin@163.com, phonenumber=18518712878, sex=0, avatar=http://star-pivot.oss-cn-beijing.aliyuncs.com/user/1/avatar_37095539-08cc-4144-939d-3bfc21544285.png?Expires=176...', 0, '', '2026-01-23 23:53:49', 10);
INSERT INTO `sys_oper_log` VALUES (365, '用户管理', 0, 'com.star.pivot.controller.SysUserController.pageList()', 'POST', 1, 'xinxin', '星枢科技', '/api/sys/user/pageList', '0:0:0:0:0:0:0:1', '', '[{\"pageNum\":1,\"pageSize\":20,\"userName\":null,\"nickName\":null,\"sex\":null,\"status\":\"0\",\"phonenumber\":null,\"email\":null,\"roleId\":null,\"deptId\":null}]', 'Result(code=200, message=操作成功, data=PageResponse(total=5, rows=[UserVO(userId=102, deptId=107, deptName=运维部门, userName=zhangsan, nickName=张三, userType=00, email=zhangsan@qq.com, phonenumber=18812345678, sex=1, avatar=http://star-pivot.oss-cn-beijing.aliyuncs.com/user/102/avatar_bfe7b78b-3e54-4a14-be8f-85e74c7abbcb.webp?Expires=1769755945&OSSAccessKeyId=LTAI5tG8uSJeTeuRYEY4x3nG&Signature=45TyVskk5t6gF44mLNV7mfoik7M%3D, status=0, loginIp=, loginDate=null, createTime=2026-01-14T18:04:51, remark=张三-普通员工, roleIds=[2], roleNames=[普通角色], postIds=[4], postNames=[普通员工], isLocked=false), UserVO(userId=101, deptId=105, deptName=测试部门, userName=test, nickName=测试用户, userType=00, email=123@qq.com, phonenumber=18825454547, sex=0, avatar=http://star-pivot.oss-cn-beijing.aliyuncs.com/avatar/101.webp?Expires=1769762054&OSSAccessKeyId=LTAI5tG8uSJeTeuRYEY4x3nG&Signature=GvZLy1UTJI%2BY2hN9YuWbFdJRGNo%3D, status=0, loginIp=, loginDate=null, createTime=2026-01-04T16:50:12, remark=测试用户专属, roleIds=[2, 100], roleNames=[普通角色, 测试专属], postIds=[4], postNames=[普通员工], isLocked=false), UserVO(userId=100, deptId=100, deptName=星枢科技, userName=xinxin, nickName=辛鑫, userType=00, email=1092203240@qq.com, phonenumber=18834581124, sex=0, avatar=http://star-pivot.oss-cn-beijing.aliyuncs.com/avatar/100.png?Expires=1769762102&OSSAccessKeyId=LTAI5tG8uSJeTeuRYEY4x3nG&Signature=tDBMV8iyt8CUYADUsTgefkgG3nE%3D, status=0, loginIp=, loginDate=null, createTime=2026-01-04T15:34:36, remark=作者，超级管理员, roleIds=[1, 100], roleNames=[超级管理员, 测试专属], postIds=[1], postNames=[董事长], isLocked=false), UserVO(userId=1, deptId=103, deptName=研发部门, userName=admin, nickName=超级管理员, userType=00, email=admin@163.com, phonenumber=18518712878, sex=0, avatar=http://star-pivot.oss-cn-beijing.aliyuncs.com/user/1/avatar_37095539-08cc-4144-939d-3bfc21544285.png?Expires=176...', 0, '', '2026-01-23 23:53:52', 10);
INSERT INTO `sys_oper_log` VALUES (366, '用户管理', 0, 'com.star.pivot.controller.SysUserController.pageList()', 'POST', 1, 'xinxin', '星枢科技', '/api/sys/user/pageList', '0:0:0:0:0:0:0:1', '', '[{\"pageNum\":1,\"pageSize\":20,\"userName\":null,\"nickName\":null,\"sex\":null,\"status\":\"0\",\"phonenumber\":null,\"email\":null,\"roleId\":null,\"deptId\":null}]', 'Result(code=200, message=操作成功, data=PageResponse(total=5, rows=[UserVO(userId=102, deptId=107, deptName=运维部门, userName=zhangsan, nickName=张三, userType=00, email=zhangsan@qq.com, phonenumber=18812345678, sex=1, avatar=http://star-pivot.oss-cn-beijing.aliyuncs.com/user/102/avatar_bfe7b78b-3e54-4a14-be8f-85e74c7abbcb.webp?Expires=1769755945&OSSAccessKeyId=LTAI5tG8uSJeTeuRYEY4x3nG&Signature=45TyVskk5t6gF44mLNV7mfoik7M%3D, status=0, loginIp=, loginDate=null, createTime=2026-01-14T18:04:51, remark=张三-普通员工, roleIds=[2], roleNames=[普通角色], postIds=[4], postNames=[普通员工], isLocked=false), UserVO(userId=101, deptId=105, deptName=测试部门, userName=test, nickName=测试用户, userType=00, email=123@qq.com, phonenumber=18825454547, sex=0, avatar=http://star-pivot.oss-cn-beijing.aliyuncs.com/avatar/101.webp?Expires=1769762054&OSSAccessKeyId=LTAI5tG8uSJeTeuRYEY4x3nG&Signature=GvZLy1UTJI%2BY2hN9YuWbFdJRGNo%3D, status=0, loginIp=, loginDate=null, createTime=2026-01-04T16:50:12, remark=测试用户专属, roleIds=[2, 100], roleNames=[普通角色, 测试专属], postIds=[4], postNames=[普通员工], isLocked=false), UserVO(userId=100, deptId=100, deptName=星枢科技, userName=xinxin, nickName=辛鑫, userType=00, email=1092203240@qq.com, phonenumber=18834581124, sex=0, avatar=http://star-pivot.oss-cn-beijing.aliyuncs.com/avatar/100.png?Expires=1769762102&OSSAccessKeyId=LTAI5tG8uSJeTeuRYEY4x3nG&Signature=tDBMV8iyt8CUYADUsTgefkgG3nE%3D, status=0, loginIp=, loginDate=null, createTime=2026-01-04T15:34:36, remark=作者，超级管理员, roleIds=[1, 100], roleNames=[超级管理员, 测试专属], postIds=[1], postNames=[董事长], isLocked=false), UserVO(userId=1, deptId=103, deptName=研发部门, userName=admin, nickName=超级管理员, userType=00, email=admin@163.com, phonenumber=18518712878, sex=0, avatar=http://star-pivot.oss-cn-beijing.aliyuncs.com/user/1/avatar_37095539-08cc-4144-939d-3bfc21544285.png?Expires=176...', 0, '', '2026-01-23 23:53:56', 11);
INSERT INTO `sys_oper_log` VALUES (367, '用户管理', 0, 'com.star.pivot.controller.SysUserController.pageList()', 'POST', 1, 'xinxin', '星枢科技', '/api/sys/user/pageList', '0:0:0:0:0:0:0:1', '', '[{\"pageNum\":1,\"pageSize\":20,\"userName\":null,\"nickName\":null,\"sex\":null,\"status\":\"0\",\"phonenumber\":null,\"email\":null,\"roleId\":null,\"deptId\":null}]', 'Result(code=200, message=操作成功, data=PageResponse(total=5, rows=[UserVO(userId=102, deptId=107, deptName=运维部门, userName=zhangsan, nickName=张三, userType=00, email=zhangsan@qq.com, phonenumber=18812345678, sex=1, avatar=http://star-pivot.oss-cn-beijing.aliyuncs.com/user/102/avatar_bfe7b78b-3e54-4a14-be8f-85e74c7abbcb.webp?Expires=1769755945&OSSAccessKeyId=LTAI5tG8uSJeTeuRYEY4x3nG&Signature=45TyVskk5t6gF44mLNV7mfoik7M%3D, status=0, loginIp=, loginDate=null, createTime=2026-01-14T18:04:51, remark=张三-普通员工, roleIds=[2], roleNames=[普通角色], postIds=[4], postNames=[普通员工], isLocked=false), UserVO(userId=101, deptId=105, deptName=测试部门, userName=test, nickName=测试用户, userType=00, email=123@qq.com, phonenumber=18825454547, sex=0, avatar=http://star-pivot.oss-cn-beijing.aliyuncs.com/avatar/101.webp?Expires=1769762054&OSSAccessKeyId=LTAI5tG8uSJeTeuRYEY4x3nG&Signature=GvZLy1UTJI%2BY2hN9YuWbFdJRGNo%3D, status=0, loginIp=, loginDate=null, createTime=2026-01-04T16:50:12, remark=测试用户专属, roleIds=[2, 100], roleNames=[普通角色, 测试专属], postIds=[4], postNames=[普通员工], isLocked=false), UserVO(userId=100, deptId=100, deptName=星枢科技, userName=xinxin, nickName=辛鑫, userType=00, email=1092203240@qq.com, phonenumber=18834581124, sex=0, avatar=http://star-pivot.oss-cn-beijing.aliyuncs.com/avatar/100.png?Expires=1769762102&OSSAccessKeyId=LTAI5tG8uSJeTeuRYEY4x3nG&Signature=tDBMV8iyt8CUYADUsTgefkgG3nE%3D, status=0, loginIp=, loginDate=null, createTime=2026-01-04T15:34:36, remark=作者，超级管理员, roleIds=[1, 100], roleNames=[超级管理员, 测试专属], postIds=[1], postNames=[董事长], isLocked=false), UserVO(userId=1, deptId=103, deptName=研发部门, userName=admin, nickName=超级管理员, userType=00, email=admin@163.com, phonenumber=18518712878, sex=0, avatar=http://star-pivot.oss-cn-beijing.aliyuncs.com/user/1/avatar_37095539-08cc-4144-939d-3bfc21544285.png?Expires=176...', 0, '', '2026-01-24 00:19:15', 1010);
INSERT INTO `sys_oper_log` VALUES (368, '用户管理', 0, 'com.star.pivot.controller.SysUserController.pageList()', 'POST', 1, 'xinxin', '星枢科技', '/api/sys/user/pageList', '0:0:0:0:0:0:0:1', '', '[{\"pageNum\":1,\"pageSize\":20,\"userName\":null,\"nickName\":null,\"sex\":null,\"status\":\"0\",\"phonenumber\":null,\"email\":null,\"roleId\":null,\"deptId\":null}]', 'Result(code=200, message=操作成功, data=PageResponse(total=5, rows=[UserVO(userId=102, deptId=107, deptName=运维部门, userName=zhangsan, nickName=张三, userType=00, email=zhangsan@qq.com, phonenumber=18812345678, sex=1, avatar=http://star-pivot.oss-cn-beijing.aliyuncs.com/user/102/avatar_bfe7b78b-3e54-4a14-be8f-85e74c7abbcb.webp?Expires=1769755945&OSSAccessKeyId=LTAI5tG8uSJeTeuRYEY4x3nG&Signature=45TyVskk5t6gF44mLNV7mfoik7M%3D, status=0, loginIp=, loginDate=null, createTime=2026-01-14T18:04:51, remark=张三-普通员工, roleIds=[2], roleNames=[普通角色], postIds=[4], postNames=[普通员工], isLocked=false), UserVO(userId=101, deptId=105, deptName=测试部门, userName=test, nickName=测试用户, userType=00, email=123@qq.com, phonenumber=18825454547, sex=0, avatar=http://star-pivot.oss-cn-beijing.aliyuncs.com/avatar/101.webp?Expires=1769762054&OSSAccessKeyId=LTAI5tG8uSJeTeuRYEY4x3nG&Signature=GvZLy1UTJI%2BY2hN9YuWbFdJRGNo%3D, status=0, loginIp=, loginDate=null, createTime=2026-01-04T16:50:12, remark=测试用户专属, roleIds=[2, 100], roleNames=[普通角色, 测试专属], postIds=[4], postNames=[普通员工], isLocked=false), UserVO(userId=100, deptId=100, deptName=星枢科技, userName=xinxin, nickName=辛鑫, userType=00, email=1092203240@qq.com, phonenumber=18834581124, sex=0, avatar=http://star-pivot.oss-cn-beijing.aliyuncs.com/avatar/100.png?Expires=1769762102&OSSAccessKeyId=LTAI5tG8uSJeTeuRYEY4x3nG&Signature=tDBMV8iyt8CUYADUsTgefkgG3nE%3D, status=0, loginIp=, loginDate=null, createTime=2026-01-04T15:34:36, remark=作者，超级管理员, roleIds=[1, 100], roleNames=[超级管理员, 测试专属], postIds=[1], postNames=[董事长], isLocked=false), UserVO(userId=1, deptId=103, deptName=研发部门, userName=admin, nickName=超级管理员, userType=00, email=admin@163.com, phonenumber=18518712878, sex=0, avatar=http://star-pivot.oss-cn-beijing.aliyuncs.com/user/1/avatar_37095539-08cc-4144-939d-3bfc21544285.png?Expires=176...', 0, '', '2026-01-24 00:19:17', 22);
INSERT INTO `sys_oper_log` VALUES (369, '用户管理', 0, 'com.star.pivot.controller.SysUserController.pageList()', 'POST', 1, 'xinxin', '星枢科技', '/api/sys/user/pageList', '0:0:0:0:0:0:0:1', '', '[{\"pageNum\":1,\"pageSize\":20,\"userName\":null,\"nickName\":null,\"sex\":null,\"status\":\"0\",\"phonenumber\":null,\"email\":null,\"roleId\":null,\"deptId\":100}]', 'Result(code=200, message=操作成功, data=PageResponse(total=1, rows=[UserVO(userId=100, deptId=100, deptName=星枢科技, userName=xinxin, nickName=辛鑫, userType=00, email=1092203240@qq.com, phonenumber=18834581124, sex=0, avatar=http://star-pivot.oss-cn-beijing.aliyuncs.com/avatar/100.png?Expires=1769762102&OSSAccessKeyId=LTAI5tG8uSJeTeuRYEY4x3nG&Signature=tDBMV8iyt8CUYADUsTgefkgG3nE%3D, status=0, loginIp=, loginDate=null, createTime=2026-01-04T15:34:36, remark=作者，超级管理员, roleIds=[1, 100], roleNames=[超级管理员, 测试专属], postIds=[1], postNames=[董事长], isLocked=false)], pageNum=1, pageSize=20, pageCount=1), timestamp=1769185157694)', 0, '', '2026-01-24 00:19:18', 12);
INSERT INTO `sys_oper_log` VALUES (370, '用户管理', 0, 'com.star.pivot.controller.SysUserController.pageList()', 'POST', 1, 'xinxin', '星枢科技', '/api/sys/user/pageList', '0:0:0:0:0:0:0:1', '', '[{\"pageNum\":1,\"pageSize\":20,\"userName\":null,\"nickName\":null,\"sex\":null,\"status\":\"0\",\"phonenumber\":null,\"email\":null,\"roleId\":null,\"deptId\":100}]', 'Result(code=200, message=操作成功, data=PageResponse(total=1, rows=[UserVO(userId=100, deptId=100, deptName=星枢科技, userName=xinxin, nickName=辛鑫, userType=00, email=1092203240@qq.com, phonenumber=18834581124, sex=0, avatar=http://star-pivot.oss-cn-beijing.aliyuncs.com/avatar/100.png?Expires=1769762102&OSSAccessKeyId=LTAI5tG8uSJeTeuRYEY4x3nG&Signature=tDBMV8iyt8CUYADUsTgefkgG3nE%3D, status=0, loginIp=, loginDate=null, createTime=2026-01-04T15:34:36, remark=作者，超级管理员, roleIds=[1, 100], roleNames=[超级管理员, 测试专属], postIds=[1], postNames=[董事长], isLocked=false)], pageNum=1, pageSize=20, pageCount=1), timestamp=1769185159628)', 0, '', '2026-01-24 00:19:20', 18);
INSERT INTO `sys_oper_log` VALUES (371, '用户管理', 0, 'com.star.pivot.controller.SysUserController.pageList()', 'POST', 1, 'xinxin', '星枢科技', '/api/sys/user/pageList', '0:0:0:0:0:0:0:1', '', '[{\"pageNum\":1,\"pageSize\":20,\"userName\":null,\"nickName\":null,\"sex\":null,\"status\":\"0\",\"phonenumber\":null,\"email\":null,\"roleId\":null,\"deptId\":100}]', 'Result(code=200, message=操作成功, data=PageResponse(total=1, rows=[UserVO(userId=100, deptId=100, deptName=星枢科技, userName=xinxin, nickName=辛鑫, userType=00, email=1092203240@qq.com, phonenumber=18834581124, sex=0, avatar=http://star-pivot.oss-cn-beijing.aliyuncs.com/avatar/100.png?Expires=1769762102&OSSAccessKeyId=LTAI5tG8uSJeTeuRYEY4x3nG&Signature=tDBMV8iyt8CUYADUsTgefkgG3nE%3D, status=0, loginIp=, loginDate=null, createTime=2026-01-04T15:34:36, remark=作者，超级管理员, roleIds=[1, 100], roleNames=[超级管理员, 测试专属], postIds=[1], postNames=[董事长], isLocked=false)], pageNum=1, pageSize=20, pageCount=1), timestamp=1769185160167)', 0, '', '2026-01-24 00:19:20', 12);
INSERT INTO `sys_oper_log` VALUES (372, '用户管理', 0, 'com.star.pivot.controller.SysUserController.pageList()', 'POST', 1, 'xinxin', '星枢科技', '/api/sys/user/pageList', '0:0:0:0:0:0:0:1', '', '[{\"pageNum\":1,\"pageSize\":20,\"userName\":null,\"nickName\":null,\"sex\":null,\"status\":\"0\",\"phonenumber\":null,\"email\":null,\"roleId\":null,\"deptId\":101}]', '{\"code\":200,\"message\":\"操作成功\",\"data\":{\"total\":0,\"rows\":[],\"pageNum\":1,\"pageSize\":20,\"pageCount\":0},\"timestamp\":1769185165634}', 0, '', '2026-01-24 00:19:26', 2);
INSERT INTO `sys_oper_log` VALUES (373, '用户管理', 0, 'com.star.pivot.controller.SysUserController.pageList()', 'POST', 1, 'xinxin', '星枢科技', '/api/sys/user/pageList', '0:0:0:0:0:0:0:1', '', '[{\"pageNum\":1,\"pageSize\":20,\"userName\":null,\"nickName\":null,\"sex\":null,\"status\":\"0\",\"phonenumber\":null,\"email\":null,\"roleId\":null,\"deptId\":103}]', 'Result(code=200, message=操作成功, data=PageResponse(total=1, rows=[UserVO(userId=1, deptId=103, deptName=研发部门, userName=admin, nickName=超级管理员, userType=00, email=admin@163.com, phonenumber=18518712878, sex=0, avatar=http://star-pivot.oss-cn-beijing.aliyuncs.com/user/1/avatar_37095539-08cc-4144-939d-3bfc21544285.png?Expires=1769755973&OSSAccessKeyId=LTAI5tG8uSJeTeuRYEY4x3nG&Signature=GBduTIFnse2SvajNx39DIjiKpQs%3D, status=0, loginIp=0:0:0:0:0:0:0:1, loginDate=2025-12-29T22:16:38, createTime=2025-12-28T13:46:34, remark=超级管理员, roleIds=[1], roleNames=[超级管理员], postIds=[1], postNames=[董事长], isLocked=false)], pageNum=1, pageSize=20, pageCount=1), timestamp=1769185166759)', 0, '', '2026-01-24 00:19:27', 16);
INSERT INTO `sys_oper_log` VALUES (374, '用户管理', 0, 'com.star.pivot.controller.SysUserController.pageList()', 'POST', 1, 'xinxin', '星枢科技', '/api/sys/user/pageList', '0:0:0:0:0:0:0:1', '', '[{\"pageNum\":1,\"pageSize\":20,\"userName\":null,\"nickName\":null,\"sex\":null,\"status\":\"0\",\"phonenumber\":null,\"email\":null,\"roleId\":null,\"deptId\":104}]', '{\"code\":200,\"message\":\"操作成功\",\"data\":{\"total\":0,\"rows\":[],\"pageNum\":1,\"pageSize\":20,\"pageCount\":0},\"timestamp\":1769185167125}', 0, '', '2026-01-24 00:19:27', 0);
INSERT INTO `sys_oper_log` VALUES (375, '用户管理', 0, 'com.star.pivot.controller.SysUserController.pageList()', 'POST', 1, 'xinxin', '星枢科技', '/api/sys/user/pageList', '0:0:0:0:0:0:0:1', '', '[{\"pageNum\":1,\"pageSize\":20,\"userName\":null,\"nickName\":null,\"sex\":null,\"status\":\"0\",\"phonenumber\":null,\"email\":null,\"roleId\":null,\"deptId\":105}]', 'Result(code=200, message=操作成功, data=PageResponse(total=2, rows=[UserVO(userId=101, deptId=105, deptName=测试部门, userName=test, nickName=测试用户, userType=00, email=123@qq.com, phonenumber=18825454547, sex=0, avatar=http://star-pivot.oss-cn-beijing.aliyuncs.com/avatar/101.webp?Expires=1769762054&OSSAccessKeyId=LTAI5tG8uSJeTeuRYEY4x3nG&Signature=GvZLy1UTJI%2BY2hN9YuWbFdJRGNo%3D, status=0, loginIp=, loginDate=null, createTime=2026-01-04T16:50:12, remark=测试用户专属, roleIds=[2, 100], roleNames=[普通角色, 测试专属], postIds=[4], postNames=[普通员工], isLocked=false), UserVO(userId=2, deptId=105, deptName=测试部门, userName=user, nickName=用户管理员, userType=00, email=user@qq.com, phonenumber=15666666666, sex=1, avatar=http://star-pivot.oss-cn-beijing.aliyuncs.com/user/2/avatar_e69f4419-e074-46d5-8f21-9fe3d9ee3d11.webp?Expires=1769755975&OSSAccessKeyId=LTAI5tG8uSJeTeuRYEY4x3nG&Signature=aWBPH6OmGOIeDUT%2BTy6fiwewNl4%3D, status=0, loginIp=0:0:0:0:0:0:0:1, loginDate=2025-12-29T22:08:54, createTime=2025-12-28T13:46:34, remark=测试员--用户管理员, roleIds=[2], roleNames=[普通角色], postIds=[2], postNames=[项目经理], isLocked=false)], pageNum=1, pageSize=20, pageCount=1), timestamp=1769185167520)', 0, '', '2026-01-24 00:19:28', 13);
INSERT INTO `sys_oper_log` VALUES (376, '用户管理', 0, 'com.star.pivot.controller.SysUserController.pageList()', 'POST', 1, 'xinxin', '星枢科技', '/api/sys/user/pageList', '0:0:0:0:0:0:0:1', '', '[{\"pageNum\":1,\"pageSize\":20,\"userName\":null,\"nickName\":null,\"sex\":null,\"status\":\"0\",\"phonenumber\":null,\"email\":null,\"roleId\":null,\"deptId\":106}]', '{\"code\":200,\"message\":\"操作成功\",\"data\":{\"total\":0,\"rows\":[],\"pageNum\":1,\"pageSize\":20,\"pageCount\":0},\"timestamp\":1769185167858}', 0, '', '2026-01-24 00:19:28', 12);
INSERT INTO `sys_oper_log` VALUES (377, '用户管理', 0, 'com.star.pivot.controller.SysUserController.pageList()', 'POST', 1, 'xinxin', '星枢科技', '/api/sys/user/pageList', '0:0:0:0:0:0:0:1', '', '[{\"pageNum\":1,\"pageSize\":20,\"userName\":null,\"nickName\":null,\"sex\":null,\"status\":\"0\",\"phonenumber\":null,\"email\":null,\"roleId\":null,\"deptId\":107}]', 'Result(code=200, message=操作成功, data=PageResponse(total=1, rows=[UserVO(userId=102, deptId=107, deptName=运维部门, userName=zhangsan, nickName=张三, userType=00, email=zhangsan@qq.com, phonenumber=18812345678, sex=1, avatar=http://star-pivot.oss-cn-beijing.aliyuncs.com/user/102/avatar_bfe7b78b-3e54-4a14-be8f-85e74c7abbcb.webp?Expires=1769755945&OSSAccessKeyId=LTAI5tG8uSJeTeuRYEY4x3nG&Signature=45TyVskk5t6gF44mLNV7mfoik7M%3D, status=0, loginIp=, loginDate=null, createTime=2026-01-14T18:04:51, remark=张三-普通员工, roleIds=[2], roleNames=[普通角色], postIds=[4], postNames=[普通员工], isLocked=false)], pageNum=1, pageSize=20, pageCount=1), timestamp=1769185168201)', 0, '', '2026-01-24 00:19:28', 16);
INSERT INTO `sys_oper_log` VALUES (378, '用户管理', 0, 'com.star.pivot.controller.SysUserController.pageList()', 'POST', 1, 'xinxin', '星枢科技', '/api/sys/user/pageList', '0:0:0:0:0:0:0:1', '', '[{\"pageNum\":1,\"pageSize\":20,\"userName\":null,\"nickName\":null,\"sex\":null,\"status\":\"0\",\"phonenumber\":null,\"email\":null,\"roleId\":null,\"deptId\":102}]', '{\"code\":200,\"message\":\"操作成功\",\"data\":{\"total\":0,\"rows\":[],\"pageNum\":1,\"pageSize\":20,\"pageCount\":0},\"timestamp\":1769185168543}', 0, '', '2026-01-24 00:19:29', 6);
INSERT INTO `sys_oper_log` VALUES (379, '用户管理', 0, 'com.star.pivot.controller.SysUserController.pageList()', 'POST', 1, 'xinxin', '星枢科技', '/api/sys/user/pageList', '0:0:0:0:0:0:0:1', '', '[{\"pageNum\":1,\"pageSize\":20,\"userName\":null,\"nickName\":null,\"sex\":null,\"status\":\"0\",\"phonenumber\":null,\"email\":null,\"roleId\":null,\"deptId\":108}]', '{\"code\":200,\"message\":\"操作成功\",\"data\":{\"total\":0,\"rows\":[],\"pageNum\":1,\"pageSize\":20,\"pageCount\":0},\"timestamp\":1769185169888}', 0, '', '2026-01-24 00:19:30', 0);
INSERT INTO `sys_oper_log` VALUES (380, '用户管理', 0, 'com.star.pivot.controller.SysUserController.pageList()', 'POST', 1, 'xinxin', '星枢科技', '/api/sys/user/pageList', '0:0:0:0:0:0:0:1', '', '[{\"pageNum\":1,\"pageSize\":20,\"userName\":null,\"nickName\":null,\"sex\":null,\"status\":\"0\",\"phonenumber\":null,\"email\":null,\"roleId\":null,\"deptId\":109}]', '{\"code\":200,\"message\":\"操作成功\",\"data\":{\"total\":0,\"rows\":[],\"pageNum\":1,\"pageSize\":20,\"pageCount\":0},\"timestamp\":1769185170556}', 0, '', '2026-01-24 00:19:31', 7);
INSERT INTO `sys_oper_log` VALUES (381, '用户管理', 0, 'com.star.pivot.controller.SysUserController.pageList()', 'POST', 1, 'xinxin', '星枢科技', '/api/sys/user/pageList', '0:0:0:0:0:0:0:1', '', '[{\"pageNum\":1,\"pageSize\":20,\"userName\":null,\"nickName\":null,\"sex\":null,\"status\":\"0\",\"phonenumber\":null,\"email\":null,\"roleId\":null,\"deptId\":110}]', '{\"code\":200,\"message\":\"操作成功\",\"data\":{\"total\":0,\"rows\":[],\"pageNum\":1,\"pageSize\":20,\"pageCount\":0},\"timestamp\":1769185170888}', 0, '', '2026-01-24 00:19:31', 6);
INSERT INTO `sys_oper_log` VALUES (382, '用户管理', 0, 'com.star.pivot.controller.SysUserController.pageList()', 'POST', 1, 'xinxin', '星枢科技', '/api/sys/user/pageList', '0:0:0:0:0:0:0:1', '', '[{\"pageNum\":1,\"pageSize\":20,\"userName\":null,\"nickName\":null,\"sex\":null,\"status\":\"0\",\"phonenumber\":null,\"email\":null,\"roleId\":null,\"deptId\":100}]', 'Result(code=200, message=操作成功, data=PageResponse(total=1, rows=[UserVO(userId=100, deptId=100, deptName=星枢科技, userName=xinxin, nickName=辛鑫, userType=00, email=1092203240@qq.com, phonenumber=18834581124, sex=0, avatar=http://star-pivot.oss-cn-beijing.aliyuncs.com/avatar/100.png?Expires=1769762102&OSSAccessKeyId=LTAI5tG8uSJeTeuRYEY4x3nG&Signature=tDBMV8iyt8CUYADUsTgefkgG3nE%3D, status=0, loginIp=, loginDate=null, createTime=2026-01-04T15:34:36, remark=作者，超级管理员, roleIds=[1, 100], roleNames=[超级管理员, 测试专属], postIds=[1], postNames=[董事长], isLocked=false)], pageNum=1, pageSize=20, pageCount=1), timestamp=1769185171682)', 0, '', '2026-01-24 00:19:32', 6);
INSERT INTO `sys_oper_log` VALUES (383, '用户管理', 0, 'com.star.pivot.controller.SysUserController.pageList()', 'POST', 1, 'xinxin', '星枢科技', '/api/sys/user/pageList', '0:0:0:0:0:0:0:1', '', '[{\"pageNum\":1,\"pageSize\":20,\"userName\":null,\"nickName\":null,\"sex\":null,\"status\":\"0\",\"phonenumber\":null,\"email\":null,\"roleId\":null,\"deptId\":null}]', 'Result(code=200, message=操作成功, data=PageResponse(total=5, rows=[UserVO(userId=102, deptId=107, deptName=运维部门, userName=zhangsan, nickName=张三, userType=00, email=zhangsan@qq.com, phonenumber=18812345678, sex=1, avatar=http://star-pivot.oss-cn-beijing.aliyuncs.com/user/102/avatar_bfe7b78b-3e54-4a14-be8f-85e74c7abbcb.webp?Expires=1769755945&OSSAccessKeyId=LTAI5tG8uSJeTeuRYEY4x3nG&Signature=45TyVskk5t6gF44mLNV7mfoik7M%3D, status=0, loginIp=, loginDate=null, createTime=2026-01-14T18:04:51, remark=张三-普通员工, roleIds=[2], roleNames=[普通角色], postIds=[4], postNames=[普通员工], isLocked=false), UserVO(userId=101, deptId=105, deptName=测试部门, userName=test, nickName=测试用户, userType=00, email=123@qq.com, phonenumber=18825454547, sex=0, avatar=http://star-pivot.oss-cn-beijing.aliyuncs.com/avatar/101.webp?Expires=1769762054&OSSAccessKeyId=LTAI5tG8uSJeTeuRYEY4x3nG&Signature=GvZLy1UTJI%2BY2hN9YuWbFdJRGNo%3D, status=0, loginIp=, loginDate=null, createTime=2026-01-04T16:50:12, remark=测试用户专属, roleIds=[2, 100], roleNames=[普通角色, 测试专属], postIds=[4], postNames=[普通员工], isLocked=false), UserVO(userId=100, deptId=100, deptName=星枢科技, userName=xinxin, nickName=辛鑫, userType=00, email=1092203240@qq.com, phonenumber=18834581124, sex=0, avatar=http://star-pivot.oss-cn-beijing.aliyuncs.com/avatar/100.png?Expires=1769762102&OSSAccessKeyId=LTAI5tG8uSJeTeuRYEY4x3nG&Signature=tDBMV8iyt8CUYADUsTgefkgG3nE%3D, status=0, loginIp=, loginDate=null, createTime=2026-01-04T15:34:36, remark=作者，超级管理员, roleIds=[1, 100], roleNames=[超级管理员, 测试专属], postIds=[1], postNames=[董事长], isLocked=false), UserVO(userId=1, deptId=103, deptName=研发部门, userName=admin, nickName=超级管理员, userType=00, email=admin@163.com, phonenumber=18518712878, sex=0, avatar=http://star-pivot.oss-cn-beijing.aliyuncs.com/user/1/avatar_37095539-08cc-4144-939d-3bfc21544285.png?Expires=176...', 0, '', '2026-01-24 00:19:33', 12);
INSERT INTO `sys_oper_log` VALUES (384, '用户管理', 0, 'com.star.pivot.controller.SysUserController.getUserById()', 'GET', 1, 'xinxin', '星枢科技', '/api/sys/user/100', '0:0:0:0:0:0:0:1', '', '[100]', 'Result(code=200, message=操作成功, data=UserVO(userId=100, deptId=100, deptName=星枢科技, userName=xinxin, nickName=辛鑫, userType=00, email=1092203240@qq.com, phonenumber=18834581124, sex=0, avatar=http://star-pivot.oss-cn-beijing.aliyuncs.com/avatar/100.png?Expires=1769762102&OSSAccessKeyId=LTAI5tG8uSJeTeuRYEY4x3nG&Signature=tDBMV8iyt8CUYADUsTgefkgG3nE%3D, status=0, loginIp=, loginDate=null, createTime=2026-01-04T15:34:36, remark=作者，超级管理员, roleIds=[1, 100], roleNames=[超级管理员, 测试专属], postIds=[1], postNames=[董事长], isLocked=false), timestamp=1769185184623)', 0, '', '2026-01-24 00:19:45', 0);
INSERT INTO `sys_oper_log` VALUES (385, '用户管理', 0, 'com.star.pivot.controller.SysUserController.getUserById()', 'GET', 1, 'xinxin', '星枢科技', '/api/sys/user/100', '0:0:0:0:0:0:0:1', '', '[100]', 'Result(code=200, message=操作成功, data=UserVO(userId=100, deptId=100, deptName=星枢科技, userName=xinxin, nickName=辛鑫, userType=00, email=1092203240@qq.com, phonenumber=18834581124, sex=0, avatar=http://star-pivot.oss-cn-beijing.aliyuncs.com/avatar/100.png?Expires=1769762102&OSSAccessKeyId=LTAI5tG8uSJeTeuRYEY4x3nG&Signature=tDBMV8iyt8CUYADUsTgefkgG3nE%3D, status=0, loginIp=, loginDate=null, createTime=2026-01-04T15:34:36, remark=作者，超级管理员, roleIds=[1, 100], roleNames=[超级管理员, 测试专属], postIds=[1], postNames=[董事长], isLocked=false), timestamp=1769185200709)', 0, '', '2026-01-24 00:20:01', 5);
INSERT INTO `sys_oper_log` VALUES (386, '用户登出', 0, 'com.star.pivot.controller.AuthController.logout()', 'POST', 1, 'xinxin', '星枢科技', '/api/auth/logout', '0:0:0:0:0:0:0:1', '', '[\"Bearer eyJhbGciOiJIUzI1NiJ9.eyJ1c2VySWQiOjEwMCwidXNlcm5hbWUiOiJ4aW54aW4iLCJzdWIiOiJ4aW54aW4iLCJpYXQiOjE3NjkxODI3MzAsImV4cCI6MTc2OTI2OTEzMH0.6mmzGjpQ6oM_4U-Hs3Qhj8m_Yk2BFRC2G3HXHrhiQsw\"]', '{\"code\":200,\"message\":\"登出成功\",\"data\":null,\"timestamp\":1769185204646}', 0, '', '2026-01-24 00:20:05', 6);
INSERT INTO `sys_oper_log` VALUES (387, '用户登录', 0, 'com.star.pivot.controller.AuthController.login()', 'POST', 0, '未知', '', '/api/auth/login', '0:0:0:0:0:0:0:1', '', '[{\"username\":\"admin\",\"password\":\"******\",\"captchaProof\":\"j92iWcvNra3YWJGkkQmtyPlMuea-9OZcNmHF7gNfKhs\"}]', '{\"code\":200,\"message\":\"登录成功\",\"data\":{\"token\":\"eyJhbGciOiJIUzI1NiJ9.eyJ1c2VySWQiOjEsInVzZXJuYW1lIjoiYWRtaW4iLCJzdWIiOiJhZG1pbiIsImlhdCI6MTc2OTE4NTIyMSwiZXhwIjoxNzY5MjcxNjIxfQ.y2L37hE_bhklXhvT9qxsmm2S8YizQFaZHu3YFml5fbY\",\"username\":\"admin\",\"nickname\":\"超级管理员\",\"refreshToken\":\"fead35bedb934958a76cf2829c74ad60\"},\"timestamp\":1769185221950}', 0, '', '2026-01-24 00:20:22', 801);
INSERT INTO `sys_oper_log` VALUES (388, '用户管理', 0, 'com.star.pivot.controller.SysUserController.pageList()', 'POST', 1, 'admin', '研发部门', '/api/sys/user/pageList', '0:0:0:0:0:0:0:1', '', '[{\"pageNum\":1,\"pageSize\":20,\"userName\":null,\"nickName\":null,\"sex\":null,\"status\":\"0\",\"phonenumber\":null,\"email\":null,\"roleId\":null,\"deptId\":null}]', 'Result(code=200, message=操作成功, data=PageResponse(total=5, rows=[UserVO(userId=102, deptId=107, deptName=运维部门, userName=zhangsan, nickName=张三, userType=00, email=zhangsan@qq.com, phonenumber=18812345678, sex=1, avatar=http://star-pivot.oss-cn-beijing.aliyuncs.com/user/102/avatar_bfe7b78b-3e54-4a14-be8f-85e74c7abbcb.webp?Expires=1769755945&OSSAccessKeyId=LTAI5tG8uSJeTeuRYEY4x3nG&Signature=45TyVskk5t6gF44mLNV7mfoik7M%3D, status=0, loginIp=, loginDate=null, createTime=2026-01-14T18:04:51, remark=张三-普通员工, roleIds=[2], roleNames=[普通角色], postIds=[4], postNames=[普通员工], isLocked=false), UserVO(userId=101, deptId=105, deptName=测试部门, userName=test, nickName=测试用户, userType=00, email=123@qq.com, phonenumber=18825454547, sex=0, avatar=http://star-pivot.oss-cn-beijing.aliyuncs.com/avatar/101.webp?Expires=1769762054&OSSAccessKeyId=LTAI5tG8uSJeTeuRYEY4x3nG&Signature=GvZLy1UTJI%2BY2hN9YuWbFdJRGNo%3D, status=0, loginIp=, loginDate=null, createTime=2026-01-04T16:50:12, remark=测试用户专属, roleIds=[2, 100], roleNames=[普通角色, 测试专属], postIds=[4], postNames=[普通员工], isLocked=false), UserVO(userId=100, deptId=100, deptName=星枢科技, userName=xinxin, nickName=辛鑫, userType=00, email=1092203240@qq.com, phonenumber=18834581124, sex=0, avatar=http://star-pivot.oss-cn-beijing.aliyuncs.com/avatar/100.png?Expires=1769762102&OSSAccessKeyId=LTAI5tG8uSJeTeuRYEY4x3nG&Signature=tDBMV8iyt8CUYADUsTgefkgG3nE%3D, status=0, loginIp=, loginDate=null, createTime=2026-01-04T15:34:36, remark=作者，超级管理员, roleIds=[1, 100], roleNames=[超级管理员, 测试专属], postIds=[1], postNames=[董事长], isLocked=false), UserVO(userId=1, deptId=103, deptName=研发部门, userName=admin, nickName=超级管理员, userType=00, email=admin@163.com, phonenumber=18518712878, sex=0, avatar=http://star-pivot.oss-cn-beijing.aliyuncs.com/user/1/avatar_37095539-08cc-4144-939d-3bfc21544285.png?Expires=176...', 0, '', '2026-01-24 00:20:25', 14);
INSERT INTO `sys_oper_log` VALUES (389, '用户管理', 0, 'com.star.pivot.controller.SysUserController.pageList()', 'POST', 1, 'admin', '研发部门', '/api/sys/user/pageList', '0:0:0:0:0:0:0:1', '', '[{\"pageNum\":1,\"pageSize\":20,\"userName\":null,\"nickName\":null,\"sex\":null,\"status\":\"0\",\"phonenumber\":null,\"email\":null,\"roleId\":null,\"deptId\":100}]', 'Result(code=200, message=操作成功, data=PageResponse(total=1, rows=[UserVO(userId=100, deptId=100, deptName=星枢科技, userName=xinxin, nickName=辛鑫, userType=00, email=1092203240@qq.com, phonenumber=18834581124, sex=0, avatar=http://star-pivot.oss-cn-beijing.aliyuncs.com/avatar/100.png?Expires=1769762102&OSSAccessKeyId=LTAI5tG8uSJeTeuRYEY4x3nG&Signature=tDBMV8iyt8CUYADUsTgefkgG3nE%3D, status=0, loginIp=, loginDate=null, createTime=2026-01-04T15:34:36, remark=作者，超级管理员, roleIds=[1, 100], roleNames=[超级管理员, 测试专属], postIds=[1], postNames=[董事长], isLocked=false)], pageNum=1, pageSize=20, pageCount=1), timestamp=1769185229241)', 0, '', '2026-01-24 00:20:29', 9);
INSERT INTO `sys_oper_log` VALUES (390, '用户管理', 0, 'com.star.pivot.controller.SysUserController.pageList()', 'POST', 1, 'admin', '研发部门', '/api/sys/user/pageList', '0:0:0:0:0:0:0:1', '', '[{\"pageNum\":1,\"pageSize\":20,\"userName\":null,\"nickName\":null,\"sex\":null,\"status\":\"0\",\"phonenumber\":null,\"email\":null,\"roleId\":null,\"deptId\":101}]', '{\"code\":200,\"message\":\"操作成功\",\"data\":{\"total\":0,\"rows\":[],\"pageNum\":1,\"pageSize\":20,\"pageCount\":0},\"timestamp\":1769185231276}', 0, '', '2026-01-24 00:20:31', 5);
INSERT INTO `sys_oper_log` VALUES (391, '用户管理', 0, 'com.star.pivot.controller.SysUserController.pageList()', 'POST', 1, 'admin', '研发部门', '/api/sys/user/pageList', '0:0:0:0:0:0:0:1', '', '[{\"pageNum\":1,\"pageSize\":20,\"userName\":null,\"nickName\":null,\"sex\":null,\"status\":\"0\",\"phonenumber\":null,\"email\":null,\"roleId\":null,\"deptId\":101}]', '{\"code\":200,\"message\":\"操作成功\",\"data\":{\"total\":0,\"rows\":[],\"pageNum\":1,\"pageSize\":20,\"pageCount\":0},\"timestamp\":1769185233276}', 0, '', '2026-01-24 00:20:33', 0);
INSERT INTO `sys_oper_log` VALUES (392, '用户管理', 0, 'com.star.pivot.controller.SysUserController.pageList()', 'POST', 1, 'admin', '研发部门', '/api/sys/user/pageList', '0:0:0:0:0:0:0:1', '', '[{\"pageNum\":1,\"pageSize\":20,\"userName\":null,\"nickName\":null,\"sex\":null,\"status\":\"0\",\"phonenumber\":null,\"email\":null,\"roleId\":null,\"deptId\":101}]', '{\"code\":200,\"message\":\"操作成功\",\"data\":{\"total\":0,\"rows\":[],\"pageNum\":1,\"pageSize\":20,\"pageCount\":0},\"timestamp\":1769185233798}', 0, '', '2026-01-24 00:20:34', 0);
INSERT INTO `sys_oper_log` VALUES (393, '用户管理', 0, 'com.star.pivot.controller.SysUserController.pageList()', 'POST', 1, 'admin', '研发部门', '/api/sys/user/pageList', '0:0:0:0:0:0:0:1', '', '[{\"pageNum\":1,\"pageSize\":20,\"userName\":null,\"nickName\":null,\"sex\":null,\"status\":\"0\",\"phonenumber\":null,\"email\":null,\"roleId\":null,\"deptId\":101}]', '{\"code\":200,\"message\":\"操作成功\",\"data\":{\"total\":0,\"rows\":[],\"pageNum\":1,\"pageSize\":20,\"pageCount\":0},\"timestamp\":1769185234567}', 0, '', '2026-01-24 00:20:35', 6);
INSERT INTO `sys_oper_log` VALUES (394, '用户管理', 0, 'com.star.pivot.controller.SysUserController.pageList()', 'POST', 1, 'admin', '研发部门', '/api/sys/user/pageList', '0:0:0:0:0:0:0:1', '', '[{\"pageNum\":1,\"pageSize\":20,\"userName\":null,\"nickName\":null,\"sex\":null,\"status\":\"0\",\"phonenumber\":null,\"email\":null,\"roleId\":null,\"deptId\":102}]', '{\"code\":200,\"message\":\"操作成功\",\"data\":{\"total\":0,\"rows\":[],\"pageNum\":1,\"pageSize\":20,\"pageCount\":0},\"timestamp\":1769185235113}', 0, '', '2026-01-24 00:20:35', 6);
INSERT INTO `sys_oper_log` VALUES (395, '用户管理', 0, 'com.star.pivot.controller.SysUserController.pageList()', 'POST', 1, 'admin', '研发部门', '/api/sys/user/pageList', '0:0:0:0:0:0:0:1', '', '[{\"pageNum\":1,\"pageSize\":20,\"userName\":null,\"nickName\":null,\"sex\":null,\"status\":\"0\",\"phonenumber\":null,\"email\":null,\"roleId\":null,\"deptId\":110}]', '{\"code\":200,\"message\":\"操作成功\",\"data\":{\"total\":0,\"rows\":[],\"pageNum\":1,\"pageSize\":20,\"pageCount\":0},\"timestamp\":1769185236231}', 0, '', '2026-01-24 00:20:36', 0);
INSERT INTO `sys_oper_log` VALUES (396, '用户管理', 0, 'com.star.pivot.controller.SysUserController.pageList()', 'POST', 1, 'admin', '研发部门', '/api/sys/user/pageList', '0:0:0:0:0:0:0:1', '', '[{\"pageNum\":1,\"pageSize\":20,\"userName\":null,\"nickName\":null,\"sex\":null,\"status\":\"0\",\"phonenumber\":null,\"email\":null,\"roleId\":null,\"deptId\":100}]', 'Result(code=200, message=操作成功, data=PageResponse(total=1, rows=[UserVO(userId=100, deptId=100, deptName=星枢科技, userName=xinxin, nickName=辛鑫, userType=00, email=1092203240@qq.com, phonenumber=18834581124, sex=0, avatar=http://star-pivot.oss-cn-beijing.aliyuncs.com/avatar/100.png?Expires=1769762102&OSSAccessKeyId=LTAI5tG8uSJeTeuRYEY4x3nG&Signature=tDBMV8iyt8CUYADUsTgefkgG3nE%3D, status=0, loginIp=, loginDate=null, createTime=2026-01-04T15:34:36, remark=作者，超级管理员, roleIds=[1, 100], roleNames=[超级管理员, 测试专属], postIds=[1], postNames=[董事长], isLocked=false)], pageNum=1, pageSize=20, pageCount=1), timestamp=1769185237464)', 0, '', '2026-01-24 00:20:37', 6);
INSERT INTO `sys_oper_log` VALUES (397, '用户管理', 0, 'com.star.pivot.controller.SysUserController.pageList()', 'POST', 1, 'admin', '研发部门', '/api/sys/user/pageList', '0:0:0:0:0:0:0:1', '', '[{\"pageNum\":1,\"pageSize\":20,\"userName\":null,\"nickName\":null,\"sex\":null,\"status\":\"0\",\"phonenumber\":null,\"email\":null,\"roleId\":null,\"deptId\":100}]', 'Result(code=200, message=操作成功, data=PageResponse(total=1, rows=[UserVO(userId=100, deptId=100, deptName=星枢科技, userName=xinxin, nickName=辛鑫, userType=00, email=1092203240@qq.com, phonenumber=18834581124, sex=0, avatar=http://star-pivot.oss-cn-beijing.aliyuncs.com/avatar/100.png?Expires=1769762102&OSSAccessKeyId=LTAI5tG8uSJeTeuRYEY4x3nG&Signature=tDBMV8iyt8CUYADUsTgefkgG3nE%3D, status=0, loginIp=, loginDate=null, createTime=2026-01-04T15:34:36, remark=作者，超级管理员, roleIds=[1, 100], roleNames=[超级管理员, 测试专属], postIds=[1], postNames=[董事长], isLocked=false)], pageNum=1, pageSize=20, pageCount=1), timestamp=1769185238904)', 0, '', '2026-01-24 00:20:39', 16);
INSERT INTO `sys_oper_log` VALUES (398, '用户管理', 0, 'com.star.pivot.controller.SysUserController.pageList()', 'POST', 1, 'admin', '研发部门', '/api/sys/user/pageList', '0:0:0:0:0:0:0:1', '', '[{\"pageNum\":1,\"pageSize\":20,\"userName\":null,\"nickName\":null,\"sex\":null,\"status\":\"0\",\"phonenumber\":null,\"email\":null,\"roleId\":null,\"deptId\":null}]', 'Result(code=200, message=操作成功, data=PageResponse(total=5, rows=[UserVO(userId=102, deptId=107, deptName=运维部门, userName=zhangsan, nickName=张三, userType=00, email=zhangsan@qq.com, phonenumber=18812345678, sex=1, avatar=http://star-pivot.oss-cn-beijing.aliyuncs.com/user/102/avatar_bfe7b78b-3e54-4a14-be8f-85e74c7abbcb.webp?Expires=1769755945&OSSAccessKeyId=LTAI5tG8uSJeTeuRYEY4x3nG&Signature=45TyVskk5t6gF44mLNV7mfoik7M%3D, status=0, loginIp=, loginDate=null, createTime=2026-01-14T18:04:51, remark=张三-普通员工, roleIds=[2], roleNames=[普通角色], postIds=[4], postNames=[普通员工], isLocked=false), UserVO(userId=101, deptId=105, deptName=测试部门, userName=test, nickName=测试用户, userType=00, email=123@qq.com, phonenumber=18825454547, sex=0, avatar=http://star-pivot.oss-cn-beijing.aliyuncs.com/avatar/101.webp?Expires=1769762054&OSSAccessKeyId=LTAI5tG8uSJeTeuRYEY4x3nG&Signature=GvZLy1UTJI%2BY2hN9YuWbFdJRGNo%3D, status=0, loginIp=, loginDate=null, createTime=2026-01-04T16:50:12, remark=测试用户专属, roleIds=[2, 100], roleNames=[普通角色, 测试专属], postIds=[4], postNames=[普通员工], isLocked=false), UserVO(userId=100, deptId=100, deptName=星枢科技, userName=xinxin, nickName=辛鑫, userType=00, email=1092203240@qq.com, phonenumber=18834581124, sex=0, avatar=http://star-pivot.oss-cn-beijing.aliyuncs.com/avatar/100.png?Expires=1769762102&OSSAccessKeyId=LTAI5tG8uSJeTeuRYEY4x3nG&Signature=tDBMV8iyt8CUYADUsTgefkgG3nE%3D, status=0, loginIp=, loginDate=null, createTime=2026-01-04T15:34:36, remark=作者，超级管理员, roleIds=[1, 100], roleNames=[超级管理员, 测试专属], postIds=[1], postNames=[董事长], isLocked=false), UserVO(userId=1, deptId=103, deptName=研发部门, userName=admin, nickName=超级管理员, userType=00, email=admin@163.com, phonenumber=18518712878, sex=0, avatar=http://star-pivot.oss-cn-beijing.aliyuncs.com/user/1/avatar_37095539-08cc-4144-939d-3bfc21544285.png?Expires=176...', 0, '', '2026-01-24 00:20:40', 6);
INSERT INTO `sys_oper_log` VALUES (399, '用户管理', 0, 'com.star.pivot.controller.SysUserController.pageList()', 'POST', 1, 'admin', '研发部门', '/api/sys/user/pageList', '0:0:0:0:0:0:0:1', '', '[{\"pageNum\":1,\"pageSize\":20,\"userName\":null,\"nickName\":null,\"sex\":null,\"status\":\"0\",\"phonenumber\":null,\"email\":null,\"roleId\":null,\"deptId\":null}]', 'Result(code=200, message=操作成功, data=PageResponse(total=5, rows=[UserVO(userId=102, deptId=107, deptName=运维部门, userName=zhangsan, nickName=张三, userType=00, email=zhangsan@qq.com, phonenumber=18812345678, sex=1, avatar=http://star-pivot.oss-cn-beijing.aliyuncs.com/user/102/avatar_bfe7b78b-3e54-4a14-be8f-85e74c7abbcb.webp?Expires=1769755945&OSSAccessKeyId=LTAI5tG8uSJeTeuRYEY4x3nG&Signature=45TyVskk5t6gF44mLNV7mfoik7M%3D, status=0, loginIp=, loginDate=null, createTime=2026-01-14T18:04:51, remark=张三-普通员工, roleIds=[2], roleNames=[普通角色], postIds=[4], postNames=[普通员工], isLocked=false), UserVO(userId=101, deptId=105, deptName=测试部门, userName=test, nickName=测试用户, userType=00, email=123@qq.com, phonenumber=18825454547, sex=0, avatar=http://star-pivot.oss-cn-beijing.aliyuncs.com/avatar/101.webp?Expires=1769762054&OSSAccessKeyId=LTAI5tG8uSJeTeuRYEY4x3nG&Signature=GvZLy1UTJI%2BY2hN9YuWbFdJRGNo%3D, status=0, loginIp=, loginDate=null, createTime=2026-01-04T16:50:12, remark=测试用户专属, roleIds=[2, 100], roleNames=[普通角色, 测试专属], postIds=[4], postNames=[普通员工], isLocked=false), UserVO(userId=100, deptId=100, deptName=星枢科技, userName=xinxin, nickName=辛鑫, userType=00, email=1092203240@qq.com, phonenumber=18834581124, sex=0, avatar=http://star-pivot.oss-cn-beijing.aliyuncs.com/avatar/100.png?Expires=1769762102&OSSAccessKeyId=LTAI5tG8uSJeTeuRYEY4x3nG&Signature=tDBMV8iyt8CUYADUsTgefkgG3nE%3D, status=0, loginIp=, loginDate=null, createTime=2026-01-04T15:34:36, remark=作者，超级管理员, roleIds=[1, 100], roleNames=[超级管理员, 测试专属], postIds=[1], postNames=[董事长], isLocked=false), UserVO(userId=1, deptId=103, deptName=研发部门, userName=admin, nickName=超级管理员, userType=00, email=admin@163.com, phonenumber=18518712878, sex=0, avatar=http://star-pivot.oss-cn-beijing.aliyuncs.com/user/1/avatar_37095539-08cc-4144-939d-3bfc21544285.png?Expires=176...', 0, '', '2026-01-24 00:20:51', 11);
INSERT INTO `sys_oper_log` VALUES (400, '用户管理', 0, 'com.star.pivot.controller.SysUserController.pageList()', 'POST', 1, 'admin', '研发部门', '/api/sys/user/pageList', '0:0:0:0:0:0:0:1', '', '[{\"pageNum\":1,\"pageSize\":20,\"userName\":null,\"nickName\":null,\"sex\":null,\"status\":\"0\",\"phonenumber\":null,\"email\":null,\"roleId\":null,\"deptId\":null}]', 'Result(code=200, message=操作成功, data=PageResponse(total=5, rows=[UserVO(userId=102, deptId=107, deptName=运维部门, userName=zhangsan, nickName=张三, userType=00, email=zhangsan@qq.com, phonenumber=18812345678, sex=1, avatar=http://star-pivot.oss-cn-beijing.aliyuncs.com/user/102/avatar_bfe7b78b-3e54-4a14-be8f-85e74c7abbcb.webp?Expires=1769755945&OSSAccessKeyId=LTAI5tG8uSJeTeuRYEY4x3nG&Signature=45TyVskk5t6gF44mLNV7mfoik7M%3D, status=0, loginIp=, loginDate=null, createTime=2026-01-14T18:04:51, remark=张三-普通员工, roleIds=[2], roleNames=[普通角色], postIds=[4], postNames=[普通员工], isLocked=false), UserVO(userId=101, deptId=105, deptName=测试部门, userName=test, nickName=测试用户, userType=00, email=123@qq.com, phonenumber=18825454547, sex=0, avatar=http://star-pivot.oss-cn-beijing.aliyuncs.com/avatar/101.webp?Expires=1769762054&OSSAccessKeyId=LTAI5tG8uSJeTeuRYEY4x3nG&Signature=GvZLy1UTJI%2BY2hN9YuWbFdJRGNo%3D, status=0, loginIp=, loginDate=null, createTime=2026-01-04T16:50:12, remark=测试用户专属, roleIds=[2, 100], roleNames=[普通角色, 测试专属], postIds=[4], postNames=[普通员工], isLocked=false), UserVO(userId=100, deptId=100, deptName=星枢科技, userName=xinxin, nickName=辛鑫, userType=00, email=1092203240@qq.com, phonenumber=18834581124, sex=0, avatar=http://star-pivot.oss-cn-beijing.aliyuncs.com/avatar/100.png?Expires=1769762102&OSSAccessKeyId=LTAI5tG8uSJeTeuRYEY4x3nG&Signature=tDBMV8iyt8CUYADUsTgefkgG3nE%3D, status=0, loginIp=, loginDate=null, createTime=2026-01-04T15:34:36, remark=作者，超级管理员, roleIds=[1, 100], roleNames=[超级管理员, 测试专属], postIds=[1], postNames=[董事长], isLocked=false), UserVO(userId=1, deptId=103, deptName=研发部门, userName=admin, nickName=超级管理员, userType=00, email=admin@163.com, phonenumber=18518712878, sex=0, avatar=http://star-pivot.oss-cn-beijing.aliyuncs.com/user/1/avatar_37095539-08cc-4144-939d-3bfc21544285.png?Expires=176...', 0, '', '2026-01-24 00:20:55', 15);

-- ----------------------------
-- Table structure for sys_post
-- ----------------------------
DROP TABLE IF EXISTS `sys_post`;
CREATE TABLE `sys_post`  (
  `post_id` bigint(20) NOT NULL AUTO_INCREMENT COMMENT '岗位ID',
  `post_code` varchar(64) CHARACTER SET utf8mb4 COLLATE utf8mb4_unicode_ci NOT NULL COMMENT '岗位编码',
  `post_name` varchar(50) CHARACTER SET utf8mb4 COLLATE utf8mb4_unicode_ci NOT NULL COMMENT '岗位名称',
  `post_sort` int(4) NOT NULL COMMENT '显示顺序',
  `status` char(1) CHARACTER SET utf8mb4 COLLATE utf8mb4_unicode_ci NOT NULL COMMENT '状态（0正常 1停用）',
  `create_by` varchar(64) CHARACTER SET utf8mb4 COLLATE utf8mb4_unicode_ci NULL DEFAULT '' COMMENT '创建者',
  `create_time` datetime(0) NULL DEFAULT NULL COMMENT '创建时间',
  `update_by` varchar(64) CHARACTER SET utf8mb4 COLLATE utf8mb4_unicode_ci NULL DEFAULT '' COMMENT '更新者',
  `update_time` datetime(0) NULL DEFAULT NULL COMMENT '更新时间',
  `remark` varchar(500) CHARACTER SET utf8mb4 COLLATE utf8mb4_unicode_ci NULL DEFAULT NULL COMMENT '备注',
  PRIMARY KEY (`post_id`) USING BTREE
) ENGINE = InnoDB AUTO_INCREMENT = 5 CHARACTER SET = utf8mb4 COLLATE = utf8mb4_unicode_ci COMMENT = '岗位信息表' ROW_FORMAT = Dynamic;

-- ----------------------------
-- Records of sys_post
-- ----------------------------
INSERT INTO `sys_post` VALUES (1, 'ceo', '董事长', 1, '0', 'admin', '2025-12-28 13:46:34', 'admin', '2026-01-19 21:39:13', '');
INSERT INTO `sys_post` VALUES (2, 'se', '项目经理', 2, '0', 'admin', '2025-12-28 13:46:34', '', NULL, '');
INSERT INTO `sys_post` VALUES (3, 'hr', '人力资源', 3, '0', 'admin', '2025-12-28 13:46:34', '', NULL, '');
INSERT INTO `sys_post` VALUES (4, 'user', '普通员工', 4, '0', 'admin', '2025-12-28 13:46:34', '', NULL, '');

-- ----------------------------
-- Table structure for sys_role
-- ----------------------------
DROP TABLE IF EXISTS `sys_role`;
CREATE TABLE `sys_role`  (
  `role_id` bigint(20) NOT NULL AUTO_INCREMENT COMMENT '角色ID',
  `role_name` varchar(30) CHARACTER SET utf8mb4 COLLATE utf8mb4_unicode_ci NOT NULL COMMENT '角色名称',
  `role_key` varchar(100) CHARACTER SET utf8mb4 COLLATE utf8mb4_unicode_ci NOT NULL COMMENT '角色权限字符串',
  `role_sort` int(4) NOT NULL COMMENT '显示顺序',
  `data_scope` char(1) CHARACTER SET utf8mb4 COLLATE utf8mb4_unicode_ci NULL DEFAULT '1' COMMENT '数据范围（1：全部数据权限 2：自定数据权限 3：本部门数据权限 4：本部门及以下数据权限）',
  `menu_check_strictly` tinyint(1) NULL DEFAULT 1 COMMENT '菜单树选择项是否关联显示',
  `dept_check_strictly` tinyint(1) NULL DEFAULT 1 COMMENT '部门树选择项是否关联显示',
  `status` char(1) CHARACTER SET utf8mb4 COLLATE utf8mb4_unicode_ci NOT NULL COMMENT '角色状态（0正常 1停用）',
  `del_flag` char(1) CHARACTER SET utf8mb4 COLLATE utf8mb4_unicode_ci NULL DEFAULT '0' COMMENT '删除标志（0代表存在 2代表删除）',
  `create_by` varchar(64) CHARACTER SET utf8mb4 COLLATE utf8mb4_unicode_ci NULL DEFAULT '' COMMENT '创建者',
  `create_time` datetime(0) NULL DEFAULT NULL COMMENT '创建时间',
  `update_by` varchar(64) CHARACTER SET utf8mb4 COLLATE utf8mb4_unicode_ci NULL DEFAULT '' COMMENT '更新者',
  `update_time` datetime(0) NULL DEFAULT NULL COMMENT '更新时间',
  `remark` varchar(500) CHARACTER SET utf8mb4 COLLATE utf8mb4_unicode_ci NULL DEFAULT NULL COMMENT '备注',
  PRIMARY KEY (`role_id`) USING BTREE
) ENGINE = InnoDB AUTO_INCREMENT = 101 CHARACTER SET = utf8mb4 COLLATE = utf8mb4_unicode_ci COMMENT = '角色信息表' ROW_FORMAT = Dynamic;

-- ----------------------------
-- Records of sys_role
-- ----------------------------
INSERT INTO `sys_role` VALUES (1, '超级管理员', 'admin', 1, '1', 1, 1, '0', '0', 'admin', '2025-12-28 13:46:34', 'admin', '2026-01-23 19:59:34', '超级管理员：拥有所有菜单权限');
INSERT INTO `sys_role` VALUES (2, '普通角色', 'common', 2, '2', 1, 1, '0', '0', 'admin', '2025-12-28 13:46:34', 'admin', '2026-01-12 20:33:35', '普通角色');
INSERT INTO `sys_role` VALUES (100, '测试专属', 'test', 3, '2', 1, 1, '0', '0', '', '2026-01-03 17:06:10', 'admin', '2026-01-15 20:53:20', '专属于测试的角色');

-- ----------------------------
-- Table structure for sys_role_dept
-- ----------------------------
DROP TABLE IF EXISTS `sys_role_dept`;
CREATE TABLE `sys_role_dept`  (
  `id` bigint(20) NOT NULL AUTO_INCREMENT COMMENT '主键ID',
  `role_id` bigint(20) NOT NULL COMMENT '角色ID',
  `dept_id` bigint(20) NOT NULL COMMENT '部门ID',
  PRIMARY KEY (`id`) USING BTREE,
  UNIQUE INDEX `idx_role_dept`(`role_id`, `dept_id`) USING BTREE
) ENGINE = InnoDB AUTO_INCREMENT = 176 CHARACTER SET = utf8mb4 COLLATE = utf8mb4_unicode_ci COMMENT = '角色与部门关联表' ROW_FORMAT = Dynamic;

-- ----------------------------
-- Records of sys_role_dept
-- ----------------------------
INSERT INTO `sys_role_dept` VALUES (167, 2, 100);
INSERT INTO `sys_role_dept` VALUES (168, 2, 101);
INSERT INTO `sys_role_dept` VALUES (169, 2, 104);
INSERT INTO `sys_role_dept` VALUES (175, 100, 100);
INSERT INTO `sys_role_dept` VALUES (170, 100, 101);
INSERT INTO `sys_role_dept` VALUES (172, 100, 102);
INSERT INTO `sys_role_dept` VALUES (171, 100, 105);
INSERT INTO `sys_role_dept` VALUES (173, 100, 108);
INSERT INTO `sys_role_dept` VALUES (174, 100, 109);

-- ----------------------------
-- Table structure for sys_role_menu
-- ----------------------------
DROP TABLE IF EXISTS `sys_role_menu`;
CREATE TABLE `sys_role_menu`  (
  `id` bigint(20) NOT NULL AUTO_INCREMENT COMMENT '主键ID',
  `role_id` bigint(20) NOT NULL COMMENT '角色ID',
  `menu_id` bigint(20) NOT NULL COMMENT '菜单ID',
  PRIMARY KEY (`id`) USING BTREE,
  UNIQUE INDEX `idx_role_menu`(`role_id`, `menu_id`) USING BTREE
) ENGINE = InnoDB AUTO_INCREMENT = 454 CHARACTER SET = utf8mb4 COLLATE = utf8mb4_unicode_ci COMMENT = '角色与菜单关联表' ROW_FORMAT = Dynamic;

-- ----------------------------
-- Records of sys_role_menu
-- ----------------------------
INSERT INTO `sys_role_menu` VALUES (397, 1, 1);
INSERT INTO `sys_role_menu` VALUES (399, 1, 2);
INSERT INTO `sys_role_menu` VALUES (398, 1, 3);
INSERT INTO `sys_role_menu` VALUES (400, 1, 4);
INSERT INTO `sys_role_menu` VALUES (405, 1, 5);
INSERT INTO `sys_role_menu` VALUES (411, 1, 6);
INSERT INTO `sys_role_menu` VALUES (419, 1, 8);
INSERT INTO `sys_role_menu` VALUES (424, 1, 9);
INSERT INTO `sys_role_menu` VALUES (429, 1, 12);
INSERT INTO `sys_role_menu` VALUES (412, 1, 39);
INSERT INTO `sys_role_menu` VALUES (414, 1, 40);
INSERT INTO `sys_role_menu` VALUES (415, 1, 41);
INSERT INTO `sys_role_menu` VALUES (406, 1, 42);
INSERT INTO `sys_role_menu` VALUES (407, 1, 43);
INSERT INTO `sys_role_menu` VALUES (408, 1, 44);
INSERT INTO `sys_role_menu` VALUES (409, 1, 45);
INSERT INTO `sys_role_menu` VALUES (416, 1, 46);
INSERT INTO `sys_role_menu` VALUES (420, 1, 47);
INSERT INTO `sys_role_menu` VALUES (421, 1, 48);
INSERT INTO `sys_role_menu` VALUES (422, 1, 49);
INSERT INTO `sys_role_menu` VALUES (423, 1, 50);
INSERT INTO `sys_role_menu` VALUES (425, 1, 51);
INSERT INTO `sys_role_menu` VALUES (426, 1, 52);
INSERT INTO `sys_role_menu` VALUES (427, 1, 53);
INSERT INTO `sys_role_menu` VALUES (428, 1, 54);
INSERT INTO `sys_role_menu` VALUES (401, 1, 55);
INSERT INTO `sys_role_menu` VALUES (402, 1, 56);
INSERT INTO `sys_role_menu` VALUES (403, 1, 57);
INSERT INTO `sys_role_menu` VALUES (404, 1, 58);
INSERT INTO `sys_role_menu` VALUES (417, 1, 59);
INSERT INTO `sys_role_menu` VALUES (413, 1, 60);
INSERT INTO `sys_role_menu` VALUES (410, 1, 61);
INSERT INTO `sys_role_menu` VALUES (430, 1, 62);
INSERT INTO `sys_role_menu` VALUES (431, 1, 63);
INSERT INTO `sys_role_menu` VALUES (432, 1, 64);
INSERT INTO `sys_role_menu` VALUES (434, 1, 66);
INSERT INTO `sys_role_menu` VALUES (435, 1, 67);
INSERT INTO `sys_role_menu` VALUES (436, 1, 68);
INSERT INTO `sys_role_menu` VALUES (433, 1, 69);
INSERT INTO `sys_role_menu` VALUES (437, 1, 70);
INSERT INTO `sys_role_menu` VALUES (445, 1, 71);
INSERT INTO `sys_role_menu` VALUES (446, 1, 72);
INSERT INTO `sys_role_menu` VALUES (447, 1, 73);
INSERT INTO `sys_role_menu` VALUES (438, 1, 74);
INSERT INTO `sys_role_menu` VALUES (439, 1, 75);
INSERT INTO `sys_role_menu` VALUES (442, 1, 76);
INSERT INTO `sys_role_menu` VALUES (441, 1, 77);
INSERT INTO `sys_role_menu` VALUES (440, 1, 78);
INSERT INTO `sys_role_menu` VALUES (443, 1, 79);
INSERT INTO `sys_role_menu` VALUES (444, 1, 80);
INSERT INTO `sys_role_menu` VALUES (449, 1, 81);
INSERT INTO `sys_role_menu` VALUES (450, 1, 82);
INSERT INTO `sys_role_menu` VALUES (451, 1, 83);
INSERT INTO `sys_role_menu` VALUES (452, 1, 84);
INSERT INTO `sys_role_menu` VALUES (453, 1, 85);
INSERT INTO `sys_role_menu` VALUES (448, 1, 86);
INSERT INTO `sys_role_menu` VALUES (418, 1, 87);
INSERT INTO `sys_role_menu` VALUES (359, 2, 1);
INSERT INTO `sys_role_menu` VALUES (361, 2, 2);
INSERT INTO `sys_role_menu` VALUES (360, 2, 3);
INSERT INTO `sys_role_menu` VALUES (362, 2, 4);
INSERT INTO `sys_role_menu` VALUES (367, 2, 5);
INSERT INTO `sys_role_menu` VALUES (373, 2, 6);
INSERT INTO `sys_role_menu` VALUES (379, 2, 8);
INSERT INTO `sys_role_menu` VALUES (383, 2, 9);
INSERT INTO `sys_role_menu` VALUES (387, 2, 12);
INSERT INTO `sys_role_menu` VALUES (374, 2, 39);
INSERT INTO `sys_role_menu` VALUES (376, 2, 40);
INSERT INTO `sys_role_menu` VALUES (368, 2, 42);
INSERT INTO `sys_role_menu` VALUES (369, 2, 43);
INSERT INTO `sys_role_menu` VALUES (370, 2, 44);
INSERT INTO `sys_role_menu` VALUES (371, 2, 45);
INSERT INTO `sys_role_menu` VALUES (377, 2, 46);
INSERT INTO `sys_role_menu` VALUES (380, 2, 47);
INSERT INTO `sys_role_menu` VALUES (381, 2, 48);
INSERT INTO `sys_role_menu` VALUES (382, 2, 49);
INSERT INTO `sys_role_menu` VALUES (384, 2, 51);
INSERT INTO `sys_role_menu` VALUES (385, 2, 52);
INSERT INTO `sys_role_menu` VALUES (386, 2, 53);
INSERT INTO `sys_role_menu` VALUES (363, 2, 55);
INSERT INTO `sys_role_menu` VALUES (364, 2, 56);
INSERT INTO `sys_role_menu` VALUES (365, 2, 57);
INSERT INTO `sys_role_menu` VALUES (366, 2, 58);
INSERT INTO `sys_role_menu` VALUES (378, 2, 59);
INSERT INTO `sys_role_menu` VALUES (375, 2, 60);
INSERT INTO `sys_role_menu` VALUES (372, 2, 61);
INSERT INTO `sys_role_menu` VALUES (388, 2, 62);
INSERT INTO `sys_role_menu` VALUES (389, 2, 63);
INSERT INTO `sys_role_menu` VALUES (390, 2, 64);
INSERT INTO `sys_role_menu` VALUES (391, 2, 69);
INSERT INTO `sys_role_menu` VALUES (392, 2, 70);
INSERT INTO `sys_role_menu` VALUES (395, 2, 71);
INSERT INTO `sys_role_menu` VALUES (396, 2, 72);
INSERT INTO `sys_role_menu` VALUES (393, 2, 73);
INSERT INTO `sys_role_menu` VALUES (394, 2, 81);
INSERT INTO `sys_role_menu` VALUES (176, 100, 1);
INSERT INTO `sys_role_menu` VALUES (186, 100, 2);
INSERT INTO `sys_role_menu` VALUES (177, 100, 3);
INSERT INTO `sys_role_menu` VALUES (187, 100, 5);
INSERT INTO `sys_role_menu` VALUES (188, 100, 6);
INSERT INTO `sys_role_menu` VALUES (182, 100, 39);
INSERT INTO `sys_role_menu` VALUES (183, 100, 40);
INSERT INTO `sys_role_menu` VALUES (178, 100, 42);
INSERT INTO `sys_role_menu` VALUES (179, 100, 43);
INSERT INTO `sys_role_menu` VALUES (180, 100, 45);
INSERT INTO `sys_role_menu` VALUES (184, 100, 46);
INSERT INTO `sys_role_menu` VALUES (185, 100, 59);
INSERT INTO `sys_role_menu` VALUES (181, 100, 61);

-- ----------------------------
-- Table structure for sys_user
-- ----------------------------
DROP TABLE IF EXISTS `sys_user`;
CREATE TABLE `sys_user`  (
  `user_id` bigint(20) NOT NULL AUTO_INCREMENT COMMENT '用户ID',
  `dept_id` bigint(20) NULL DEFAULT NULL COMMENT '部门ID',
  `user_name` varchar(30) CHARACTER SET utf8mb4 COLLATE utf8mb4_unicode_ci NOT NULL COMMENT '用户账号',
  `nick_name` varchar(30) CHARACTER SET utf8mb4 COLLATE utf8mb4_unicode_ci NOT NULL COMMENT '用户昵称',
  `user_type` varchar(2) CHARACTER SET utf8mb4 COLLATE utf8mb4_unicode_ci NULL DEFAULT '00' COMMENT '用户类型（00系统用户）',
  `email` varchar(50) CHARACTER SET utf8mb4 COLLATE utf8mb4_unicode_ci NULL DEFAULT '' COMMENT '用户邮箱',
  `phonenumber` varchar(11) CHARACTER SET utf8mb4 COLLATE utf8mb4_unicode_ci NULL DEFAULT '' COMMENT '手机号码',
  `sex` char(1) CHARACTER SET utf8mb4 COLLATE utf8mb4_unicode_ci NULL DEFAULT '0' COMMENT '用户性别（0男 1女 2未知）',
  `avatar` varchar(500) CHARACTER SET utf8mb4 COLLATE utf8mb4_unicode_ci NULL DEFAULT '' COMMENT '头像地址',
  `password` varchar(100) CHARACTER SET utf8mb4 COLLATE utf8mb4_unicode_ci NULL DEFAULT '' COMMENT '密码',
  `status` char(1) CHARACTER SET utf8mb4 COLLATE utf8mb4_unicode_ci NULL DEFAULT '0' COMMENT '账号状态（0正常 1停用）',
  `del_flag` char(1) CHARACTER SET utf8mb4 COLLATE utf8mb4_unicode_ci NULL DEFAULT '0' COMMENT '删除标志（0代表存在 2代表删除）',
  `login_ip` varchar(128) CHARACTER SET utf8mb4 COLLATE utf8mb4_unicode_ci NULL DEFAULT '' COMMENT '最后登录IP',
  `login_date` datetime(0) NULL DEFAULT NULL COMMENT '最后登录时间',
  `pwd_update_date` datetime(0) NULL DEFAULT NULL COMMENT '密码最后更新时间',
  `create_by` varchar(64) CHARACTER SET utf8mb4 COLLATE utf8mb4_unicode_ci NULL DEFAULT '' COMMENT '创建者',
  `create_time` datetime(0) NULL DEFAULT NULL COMMENT '创建时间',
  `update_by` varchar(64) CHARACTER SET utf8mb4 COLLATE utf8mb4_unicode_ci NULL DEFAULT '' COMMENT '更新者',
  `update_time` datetime(0) NULL DEFAULT NULL COMMENT '更新时间',
  `remark` varchar(500) CHARACTER SET utf8mb4 COLLATE utf8mb4_unicode_ci NULL DEFAULT NULL COMMENT '备注',
  PRIMARY KEY (`user_id`) USING BTREE
) ENGINE = InnoDB AUTO_INCREMENT = 103 CHARACTER SET = utf8mb4 COLLATE = utf8mb4_unicode_ci COMMENT = '用户信息表' ROW_FORMAT = Dynamic;

-- ----------------------------
-- Records of sys_user
-- ----------------------------
INSERT INTO `sys_user` VALUES (1, 103, 'admin', '超级管理员', '00', 'admin@163.com', '18518712878', '0', 'http://star-pivot.oss-cn-beijing.aliyuncs.com/user/1/avatar_37095539-08cc-4144-939d-3bfc21544285.png?Expires=1769755973&OSSAccessKeyId=LTAI5tG8uSJeTeuRYEY4x3nG&Signature=GBduTIFnse2SvajNx39DIjiKpQs%3D', '$2a$10$FTKzzUPrLDbNfKoWn9e1y.B6D0MX0HeHBPHFRfcx3R2Ane73gMbf6', '0', '0', '0:0:0:0:0:0:0:1', '2025-12-29 22:16:38', '2026-01-04 18:13:47', 'admin', '2025-12-28 13:46:34', 'admin', '2026-01-23 14:52:54', '超级管理员');
INSERT INTO `sys_user` VALUES (2, 105, 'user', '用户管理员', '00', 'user@qq.com', '15666666666', '1', 'http://star-pivot.oss-cn-beijing.aliyuncs.com/user/2/avatar_e69f4419-e074-46d5-8f21-9fe3d9ee3d11.webp?Expires=1769755975&OSSAccessKeyId=LTAI5tG8uSJeTeuRYEY4x3nG&Signature=aWBPH6OmGOIeDUT%2BTy6fiwewNl4%3D', '$2a$12$eYocwR0zs3iWKl7gsvHVQ.KLDTWvXqecm.29aXPi3IAF.mmkARVR.', '0', '0', '0:0:0:0:0:0:0:1', '2025-12-29 22:08:54', '2025-12-28 13:46:34', 'admin', '2025-12-28 13:46:34', 'admin', '2026-01-23 14:52:56', '测试员--用户管理员');
INSERT INTO `sys_user` VALUES (100, 100, 'xinxin', '辛鑫', '00', '1092203240@qq.com', '18834581124', '0', 'http://star-pivot.oss-cn-beijing.aliyuncs.com/avatar/100.png?Expires=1769762102&OSSAccessKeyId=LTAI5tG8uSJeTeuRYEY4x3nG&Signature=tDBMV8iyt8CUYADUsTgefkgG3nE%3D', '$2a$12$eYocwR0zs3iWKl7gsvHVQ.KLDTWvXqecm.29aXPi3IAF.mmkARVR.', '0', '0', '', NULL, NULL, 'admin', '2026-01-04 15:34:36', 'user', '2026-01-23 16:35:02', '作者，超级管理员');
INSERT INTO `sys_user` VALUES (101, 105, 'test', '测试用户', '00', '123@qq.com', '18825454547', '0', 'http://star-pivot.oss-cn-beijing.aliyuncs.com/avatar/101.webp?Expires=1769762054&OSSAccessKeyId=LTAI5tG8uSJeTeuRYEY4x3nG&Signature=GvZLy1UTJI%2BY2hN9YuWbFdJRGNo%3D', '$2a$10$YdqAWweActfkWOaWEjz9p.bBWqNWVdT9EQ2OHcUODgFg.f3ma13Va', '0', '0', '', NULL, NULL, 'admin', '2026-01-04 16:50:12', 'user', '2026-01-23 16:34:18', '测试用户专属');
INSERT INTO `sys_user` VALUES (102, 107, 'zhangsan', '张三', '00', 'zhangsan@qq.com', '18812345678', '1', 'http://star-pivot.oss-cn-beijing.aliyuncs.com/user/102/avatar_bfe7b78b-3e54-4a14-be8f-85e74c7abbcb.webp?Expires=1769755945&OSSAccessKeyId=LTAI5tG8uSJeTeuRYEY4x3nG&Signature=45TyVskk5t6gF44mLNV7mfoik7M%3D', '$2a$10$cmueflWIca3U8waJO3gSv.HAEhTFvygR7lGdMto630Nbs2GcXXTpy', '0', '0', '', NULL, NULL, 'admin', '2026-01-14 18:04:51', 'admin', '2026-01-23 19:15:42', '张三-普通员工');

-- ----------------------------
-- Table structure for sys_user_post
-- ----------------------------
DROP TABLE IF EXISTS `sys_user_post`;
CREATE TABLE `sys_user_post`  (
  `id` bigint(20) NOT NULL AUTO_INCREMENT COMMENT '主键ID',
  `user_id` bigint(20) NOT NULL COMMENT '用户ID',
  `post_id` bigint(20) NOT NULL COMMENT '岗位ID',
  PRIMARY KEY (`id`) USING BTREE,
  UNIQUE INDEX `idx_user_post`(`user_id`, `post_id`) USING BTREE
) ENGINE = InnoDB AUTO_INCREMENT = 152 CHARACTER SET = utf8mb4 COLLATE = utf8mb4_unicode_ci COMMENT = '用户与岗位关联表' ROW_FORMAT = Dynamic;

-- ----------------------------
-- Records of sys_user_post
-- ----------------------------
INSERT INTO `sys_user_post` VALUES (147, 1, 1);
INSERT INTO `sys_user_post` VALUES (148, 2, 2);
INSERT INTO `sys_user_post` VALUES (150, 100, 1);
INSERT INTO `sys_user_post` VALUES (149, 101, 4);
INSERT INTO `sys_user_post` VALUES (151, 102, 4);

-- ----------------------------
-- Table structure for sys_user_role
-- ----------------------------
DROP TABLE IF EXISTS `sys_user_role`;
CREATE TABLE `sys_user_role`  (
  `id` bigint(20) NOT NULL AUTO_INCREMENT COMMENT '主键ID',
  `user_id` bigint(20) NOT NULL COMMENT '用户ID',
  `role_id` bigint(20) NOT NULL COMMENT '角色ID',
  PRIMARY KEY (`id`) USING BTREE,
  UNIQUE INDEX `idx_user_role`(`user_id`, `role_id`) USING BTREE
) ENGINE = InnoDB AUTO_INCREMENT = 158 CHARACTER SET = utf8mb4 COLLATE = utf8mb4_unicode_ci COMMENT = '用户与角色关联表' ROW_FORMAT = Dynamic;

-- ----------------------------
-- Records of sys_user_role
-- ----------------------------
INSERT INTO `sys_user_role` VALUES (149, 1, 1);
INSERT INTO `sys_user_role` VALUES (150, 2, 2);
INSERT INTO `sys_user_role` VALUES (152, 100, 1);
INSERT INTO `sys_user_role` VALUES (157, 100, 100);
INSERT INTO `sys_user_role` VALUES (151, 101, 2);
INSERT INTO `sys_user_role` VALUES (156, 101, 100);
INSERT INTO `sys_user_role` VALUES (153, 102, 2);

SET FOREIGN_KEY_CHECKS = 1;
